templateId,monster,rarity,slot,skillId,skillName,elements,unique,growth,runtimeOverride,level,target,cooldown,effects
"slime","スライム","★3","S1","slime_s1","たたく","FIRE|GRASS|ELECTRIC|WATER|LIGHT|DARK","","levelOverrides","false","1","SINGLE_ENEMY","0","ダメージ倍率 1.00倍"
"slime","スライム","★3","S1","slime_s1","たたく","FIRE|GRASS|ELECTRIC|WATER|LIGHT|DARK","","levelOverrides","false","2","SINGLE_ENEMY","0","ダメージ倍率 1.10倍"
"slime","スライム","★3","S1","slime_s1","たたく","FIRE|GRASS|ELECTRIC|WATER|LIGHT|DARK","","levelOverrides","false","3","SINGLE_ENEMY","0","ダメージ倍率 1.15倍"
"slime","スライム","★3","S1","slime_s1","たたく","FIRE|GRASS|ELECTRIC|WATER|LIGHT|DARK","","levelOverrides","false","4","SINGLE_ENEMY","0","ダメージ倍率 1.20倍"
"slime","スライム","★3","S1","slime_s1","たたく","FIRE|GRASS|ELECTRIC|WATER|LIGHT|DARK","","levelOverrides","false","5","SINGLE_ENEMY","0","ダメージ倍率 1.25倍"
"slime","スライム","★3","S2","slime_s2_a","エレメンタルバースト","FIRE|WATER","","levelOverrides","false","1","ALL_ENEMIES","3","ダメージ倍率 1.05倍 / 45%で攻撃力-50% (2ターン) / 50%で強化不可 (2ターン)"
"slime","スライム","★3","S2","slime_s2_a","エレメンタルバースト","FIRE|WATER","","levelOverrides","false","2","ALL_ENEMIES","3","ダメージ倍率 1.15倍 / 50%で攻撃力-50% (2ターン) / 50%で強化不可 (2ターン)"
"slime","スライム","★3","S2","slime_s2_a","エレメンタルバースト","FIRE|WATER","","levelOverrides","false","3","ALL_ENEMIES","3","ダメージ倍率 1.20倍 / 60%で攻撃力-50% (2ターン) / 50%で強化不可 (2ターン)"
"slime","スライム","★3","S2","slime_s2_a","エレメンタルバースト","FIRE|WATER","","levelOverrides","false","4","ALL_ENEMIES","3","ダメージ倍率 1.25倍 / 60%で攻撃力-50% (2ターン) / 50%で強化不可 (2ターン)"
"slime","スライム","★3","S2","slime_s2_a","エレメンタルバースト","FIRE|WATER","","levelOverrides","false","5","ALL_ENEMIES","2","ダメージ倍率 1.25倍 / 60%で攻撃力-50% (3ターン) / 50%で強化不可 (2ターン)"
"slime","スライム","★3","S2","slime_s2_b","どくづき","GRASS|LIGHT","","levelOverrides","false","1","SINGLE_ENEMY","3","ダメージ倍率 1.30倍 / 60%で毒1スタック (1スタックにつき最大HPの5%、最大5スタック、2ターン)"
"slime","スライム","★3","S2","slime_s2_b","どくづき","GRASS|LIGHT","","levelOverrides","false","2","SINGLE_ENEMY","3","ダメージ倍率 1.40倍 / 65%で毒1スタック (1スタックにつき最大HPの6%、最大5スタック、2ターン)"
"slime","スライム","★3","S2","slime_s2_b","どくづき","GRASS|LIGHT","","levelOverrides","false","3","SINGLE_ENEMY","3","ダメージ倍率 1.50倍 / 75%で毒1スタック (1スタックにつき最大HPの6%、最大5スタック、2ターン)"
"slime","スライム","★3","S2","slime_s2_b","どくづき","GRASS|LIGHT","","levelOverrides","false","4","SINGLE_ENEMY","3","ダメージ倍率 1.55倍 / 75%で毒1スタック (1スタックにつき最大HPの6%、最大5スタック、2ターン)"
"slime","スライム","★3","S2","slime_s2_b","どくづき","GRASS|LIGHT","","levelOverrides","false","5","SINGLE_ENEMY","2","ダメージ倍率 1.55倍 / 75%で毒1スタック (1スタックにつき最大HPの6%、最大5スタック、3ターン)"
"slime","スライム","★3","S2","slime_s2_c","ねばつく一撃","ELECTRIC|DARK","","levelOverrides","false","1","SINGLE_ENEMY","3","ダメージ倍率 1.30倍 / 70%で速度-30% (2ターン)"
"slime","スライム","★3","S2","slime_s2_c","ねばつく一撃","ELECTRIC|DARK","","levelOverrides","false","2","SINGLE_ENEMY","3","ダメージ倍率 1.40倍 / 75%で速度-30% (2ターン)"
"slime","スライム","★3","S2","slime_s2_c","ねばつく一撃","ELECTRIC|DARK","","levelOverrides","false","3","SINGLE_ENEMY","3","ダメージ倍率 1.50倍 / 85%で速度-30% (2ターン)"
"slime","スライム","★3","S2","slime_s2_c","ねばつく一撃","ELECTRIC|DARK","","levelOverrides","false","4","SINGLE_ENEMY","3","ダメージ倍率 1.55倍 / 85%で速度-30% (2ターン)"
"slime","スライム","★3","S2","slime_s2_c","ねばつく一撃","ELECTRIC|DARK","","levelOverrides","false","5","SINGLE_ENEMY","2","ダメージ倍率 1.55倍 / 85%で速度-30% (3ターン)"
"slime","スライム","★3","S3","slime_s3_a","げんかいとっぱ","FIRE","","levelOverrides","false","1","ALL_ENEMIES","4","ダメージ倍率 1.80倍 / 相手を倒したら自身の行動ゲージ+20% / 自身の攻撃力+30% (2ターン)"
"slime","スライム","★3","S3","slime_s3_a","げんかいとっぱ","FIRE","","levelOverrides","false","2","ALL_ENEMIES","4","ダメージ倍率 1.95倍 / 相手を倒したら自身の行動ゲージ+25% / 自身の攻撃力+30% (2ターン)"
"slime","スライム","★3","S3","slime_s3_a","げんかいとっぱ","FIRE","","levelOverrides","false","3","ALL_ENEMIES","4","ダメージ倍率 2.05倍 / 相手を倒したら自身の行動ゲージ+25% / 自身の攻撃力+30% (2ターン)"
"slime","スライム","★3","S3","slime_s3_a","げんかいとっぱ","FIRE","","levelOverrides","false","4","ALL_ENEMIES","4","ダメージ倍率 2.15倍 / 相手を倒したら自身の行動ゲージ+25% / 自身の攻撃力+30% (2ターン)"
"slime","スライム","★3","S3","slime_s3_a","げんかいとっぱ","FIRE","","levelOverrides","false","5","ALL_ENEMIES","3","ダメージ倍率 2.15倍 / 相手を倒したら自身の行動ゲージ+25% / 自身の攻撃力+30% (2ターン)"
"slime","スライム","★3","S3","slime_s3_b","毒噴射","GRASS|WATER","","levelOverrides","false","1","ALL_ENEMIES","5","ダメージ倍率 1.10倍 × 2回 / 70%で毒1スタック (1スタックにつき最大HPの5%、最大5スタック、2ターン)"
"slime","スライム","★3","S3","slime_s3_b","毒噴射","GRASS|WATER","","levelOverrides","false","2","ALL_ENEMIES","5","ダメージ倍率 1.20倍 × 2回 / 75%で毒1スタック (1スタックにつき最大HPの6%、最大5スタック、2ターン)"
"slime","スライム","★3","S3","slime_s3_b","毒噴射","GRASS|WATER","","levelOverrides","false","3","ALL_ENEMIES","5","ダメージ倍率 1.25倍 × 2回 / 85%で毒1スタック (1スタックにつき最大HPの6%、最大5スタック、2ターン)"
"slime","スライム","★3","S3","slime_s3_b","毒噴射","GRASS|WATER","","levelOverrides","false","4","ALL_ENEMIES","5","ダメージ倍率 1.30倍 × 2回 / 85%で毒1スタック (1スタックにつき最大HPの6%、最大5スタック、2ターン)"
"slime","スライム","★3","S3","slime_s3_b","毒噴射","GRASS|WATER","","levelOverrides","false","5","ALL_ENEMIES","4","ダメージ倍率 1.30倍 × 2回 / 85%で毒1スタック (1スタックにつき最大HPの6%、最大5スタック、3ターン)"
"slime","スライム","★3","S3","slime_s3_c","スラフラッシュ","ELECTRIC","","levelOverrides","false","1","ALL_ENEMIES","4","ダメージ倍率 1.50倍 / 75%で暗闇 (2ターン、攻撃時50%でダメージ-75%・追加効果なし)"
"slime","スライム","★3","S3","slime_s3_c","スラフラッシュ","ELECTRIC","","levelOverrides","false","2","ALL_ENEMIES","4","ダメージ倍率 1.60倍 / 80%で暗闇 (2ターン、攻撃時50%でダメージ-75%・追加効果なし)"
"slime","スライム","★3","S3","slime_s3_c","スラフラッシュ","ELECTRIC","","levelOverrides","false","3","ALL_ENEMIES","4","ダメージ倍率 1.70倍 / 85%で暗闇 (2ターン、攻撃時50%でダメージ-75%・追加効果なし)"
"slime","スライム","★3","S3","slime_s3_c","スラフラッシュ","ELECTRIC","","levelOverrides","false","4","ALL_ENEMIES","4","ダメージ倍率 1.80倍 / 90%で暗闇 (2ターン、攻撃時50%でダメージ-75%・追加効果なし)"
"slime","スライム","★3","S3","slime_s3_c","スラフラッシュ","ELECTRIC","","levelOverrides","false","5","ALL_ENEMIES","3","ダメージ倍率 1.80倍 / 90%で暗闇 (2ターン、攻撃時50%でダメージ-75%・追加効果なし)"
"slime","スライム","★3","S3","slime_s3_light","セイントスラッシュ","LIGHT","LIGHT","levelOverrides","false","1","ALL_ENEMIES","4","ダメージ倍率 1.50倍 / 70%で暗闇 (2ターン、攻撃時50%でダメージ-75%・追加効果なし) / 与えたダメージの20%を自身が回復"
"slime","スライム","★3","S3","slime_s3_light","セイントスラッシュ","LIGHT","LIGHT","levelOverrides","false","2","ALL_ENEMIES","4","ダメージ倍率 1.60倍 / 75%で暗闇 (2ターン、攻撃時50%でダメージ-75%・追加効果なし) / 与えたダメージの22%を自身が回復"
"slime","スライム","★3","S3","slime_s3_light","セイントスラッシュ","LIGHT","LIGHT","levelOverrides","false","3","ALL_ENEMIES","4","ダメージ倍率 1.70倍 / 85%で暗闇 (2ターン、攻撃時50%でダメージ-75%・追加効果なし) / 与えたダメージの23%を自身が回復"
"slime","スライム","★3","S3","slime_s3_light","セイントスラッシュ","LIGHT","LIGHT","levelOverrides","false","4","ALL_ENEMIES","4","ダメージ倍率 1.80倍 / 85%で暗闇 (2ターン、攻撃時50%でダメージ-75%・追加効果なし) / 与えたダメージの25%を自身が回復"
"slime","スライム","★3","S3","slime_s3_light","セイントスラッシュ","LIGHT","LIGHT","levelOverrides","false","5","ALL_ENEMIES","3","ダメージ倍率 1.80倍 / 85%で暗闇 (2ターン、攻撃時50%でダメージ-75%・追加効果なし) / 与えたダメージの25%を自身が回復"
"slime","スライム","★3","S3","slime_s3_dark","アビススラッジ","DARK","DARK","levelOverrides","false","1","ALL_ENEMIES","4","ダメージ倍率 1.30倍 × 2回 / 80%で毒1スタック (1スタックにつき最大HPの6%、最大5スタック、3ターン)"
"slime","スライム","★3","S3","slime_s3_dark","アビススラッジ","DARK","DARK","levelOverrides","false","2","ALL_ENEMIES","4","ダメージ倍率 1.40倍 × 2回 / 85%で毒1スタック (1スタックにつき最大HPの7%、最大5スタック、3ターン)"
"slime","スライム","★3","S3","slime_s3_dark","アビススラッジ","DARK","DARK","levelOverrides","false","3","ALL_ENEMIES","4","ダメージ倍率 1.50倍 × 2回 / 90%で毒1スタック (1スタックにつき最大HPの7%、最大5スタック、3ターン)"
"slime","スライム","★3","S3","slime_s3_dark","アビススラッジ","DARK","DARK","levelOverrides","false","4","ALL_ENEMIES","4","ダメージ倍率 1.55倍 × 2回 / 95%で毒1スタック (1スタックにつき最大HPの8%、最大5スタック、3ターン)"
"slime","スライム","★3","S3","slime_s3_dark","アビススラッジ","DARK","DARK","levelOverrides","false","5","ALL_ENEMIES","3","ダメージ倍率 1.55倍 × 2回 / 95%で毒1スタック (1スタックにつき最大HPの8%、最大5スタック、4ターン)"
"wolf","ウルフ","★3","S1","wolf_s1","かみつく","FIRE|GRASS|ELECTRIC|WATER|LIGHT|DARK","","levelOverrides","false","1","SINGLE_ENEMY","0","ダメージ倍率 0.80倍(自身の速度が高いほど上昇)"
"wolf","ウルフ","★3","S1","wolf_s1","かみつく","FIRE|GRASS|ELECTRIC|WATER|LIGHT|DARK","","levelOverrides","false","2","SINGLE_ENEMY","0","ダメージ倍率 0.85倍(自身の速度が高いほど上昇)"
"wolf","ウルフ","★3","S1","wolf_s1","かみつく","FIRE|GRASS|ELECTRIC|WATER|LIGHT|DARK","","levelOverrides","false","3","SINGLE_ENEMY","0","ダメージ倍率 0.90倍(自身の速度が高いほど上昇)"
"wolf","ウルフ","★3","S1","wolf_s1","かみつく","FIRE|GRASS|ELECTRIC|WATER|LIGHT|DARK","","levelOverrides","false","4","SINGLE_ENEMY","0","ダメージ倍率 0.95倍(自身の速度が高いほど上昇)"
"wolf","ウルフ","★3","S1","wolf_s1","かみつく","FIRE|GRASS|ELECTRIC|WATER|LIGHT|DARK","","levelOverrides","false","5","SINGLE_ENEMY","0","ダメージ倍率 1.00倍(自身の速度が高いほど上昇)"
"wolf","ウルフ","★3","S2","wolf_s2_a","ふいうちの牙","FIRE|WATER","","levelOverrides","false","1","SINGLE_ENEMY","2","ダメージ倍率 0.45倍 × 2回(自身の速度が高いほど上昇)(防御力無視)"
"wolf","ウルフ","★3","S2","wolf_s2_a","ふいうちの牙","FIRE|WATER","","levelOverrides","false","2","SINGLE_ENEMY","2","ダメージ倍率 0.50倍 × 2回(自身の速度が高いほど上昇)(防御力無視)"
"wolf","ウルフ","★3","S2","wolf_s2_a","ふいうちの牙","FIRE|WATER","","levelOverrides","false","3","SINGLE_ENEMY","2","ダメージ倍率 0.50倍 × 2回(自身の速度が高いほど上昇)(防御力無視)"
"wolf","ウルフ","★3","S2","wolf_s2_a","ふいうちの牙","FIRE|WATER","","levelOverrides","false","4","SINGLE_ENEMY","2","ダメージ倍率 0.55倍 × 2回(自身の速度が高いほど上昇)(防御力無視)"
"wolf","ウルフ","★3","S2","wolf_s2_a","ふいうちの牙","FIRE|WATER","","levelOverrides","false","5","SINGLE_ENEMY","1","ダメージ倍率 0.55倍 × 2回(自身の速度が高いほど上昇)(防御力無視)"
"wolf","ウルフ","★3","S2","wolf_s2_b","いあつ","GRASS|LIGHT","","levelOverrides","false","1","ALL_ENEMIES","3","50%で有利な効果(シールド・無効・能力上昇)を解除 / 70%で攻撃力-50% (2ターン)"
"wolf","ウルフ","★3","S2","wolf_s2_b","いあつ","GRASS|LIGHT","","levelOverrides","false","2","ALL_ENEMIES","3","60%で有利な効果(シールド・無効・能力上昇)を解除 / 75%で攻撃力-50% (2ターン)"
"wolf","ウルフ","★3","S2","wolf_s2_b","いあつ","GRASS|LIGHT","","levelOverrides","false","3","ALL_ENEMIES","3","75%で有利な効果(シールド・無効・能力上昇)を解除 / 80%で攻撃力-50% (2ターン)"
"wolf","ウルフ","★3","S2","wolf_s2_b","いあつ","GRASS|LIGHT","","levelOverrides","false","4","ALL_ENEMIES","3","75%で有利な効果(シールド・無効・能力上昇)を解除 / 85%で攻撃力-50% (2ターン)"
"wolf","ウルフ","★3","S2","wolf_s2_b","いあつ","GRASS|LIGHT","","levelOverrides","false","5","ALL_ENEMIES","2","75%で有利な効果(シールド・無効・能力上昇)を解除 / 85%で攻撃力-50% (2ターン)"
"wolf","ウルフ","★3","S2","wolf_s2_c","するどいツメ","ELECTRIC|DARK","","levelOverrides","false","1","SINGLE_ENEMY","3","ダメージ倍率 1.65倍 / 毒1スタック (1スタックにつき最大HPの5%、最大5スタック、2ターン) / 70%で治癒阻害 (2ターン、回復を受けられない)"
"wolf","ウルフ","★3","S2","wolf_s2_c","するどいツメ","ELECTRIC|DARK","","levelOverrides","false","2","SINGLE_ENEMY","3","ダメージ倍率 1.80倍 / 毒1スタック (1スタックにつき最大HPの6%、最大5スタック、2ターン) / 75%で治癒阻害 (2ターン、回復を受けられない)"
"wolf","ウルフ","★3","S2","wolf_s2_c","するどいツメ","ELECTRIC|DARK","","levelOverrides","false","3","SINGLE_ENEMY","3","ダメージ倍率 1.85倍 / 毒1スタック (1スタックにつき最大HPの6%、最大5スタック、2ターン) / 85%で治癒阻害 (2ターン、回復を受けられない)"
"wolf","ウルフ","★3","S2","wolf_s2_c","するどいツメ","ELECTRIC|DARK","","levelOverrides","false","4","SINGLE_ENEMY","3","ダメージ倍率 1.95倍 / 毒1スタック (1スタックにつき最大HPの6%、最大5スタック、2ターン) / 85%で治癒阻害 (2ターン、回復を受けられない)"
"wolf","ウルフ","★3","S2","wolf_s2_c","するどいツメ","ELECTRIC|DARK","","levelOverrides","false","5","SINGLE_ENEMY","2","ダメージ倍率 1.95倍 / 毒1スタック (1スタックにつき最大HPの6%、最大5スタック、2ターン) / 85%で治癒阻害 (3ターン、回復を受けられない)"
"wolf","ウルフ","★3","S3","wolf_s3_a","全力の一撃","FIRE","","levelOverrides","false","1","SINGLE_ENEMY","4","ダメージ倍率 2.80倍(自身の速度が高いほど上昇) 対象HP50%以下で最終ダメージ+30% / 50%でスタン (1ターン)"
"wolf","ウルフ","★3","S3","wolf_s3_a","全力の一撃","FIRE","","levelOverrides","false","2","SINGLE_ENEMY","4","ダメージ倍率 3.00倍(自身の速度が高いほど上昇) 対象HP50%以下で最終ダメージ+30% / 55%でスタン (1ターン)"
"wolf","ウルフ","★3","S3","wolf_s3_a","全力の一撃","FIRE","","levelOverrides","false","3","SINGLE_ENEMY","4","ダメージ倍率 3.15倍(自身の速度が高いほど上昇) 対象HP50%以下で最終ダメージ+30% / 65%でスタン (1ターン)"
"wolf","ウルフ","★3","S3","wolf_s3_a","全力の一撃","FIRE","","levelOverrides","false","4","SINGLE_ENEMY","4","ダメージ倍率 3.30倍(自身の速度が高いほど上昇) 対象HP50%以下で最終ダメージ+30% / 65%でスタン (1ターン)"
"wolf","ウルフ","★3","S3","wolf_s3_a","全力の一撃","FIRE","","levelOverrides","false","5","SINGLE_ENEMY","3","ダメージ倍率 3.30倍(自身の速度が高いほど上昇) 対象HP50%以下で最終ダメージ+30% / 65%でスタン (1ターン)"
"wolf","ウルフ","★3","S3","wolf_s3_b","ウルフスラッシュ","GRASS|WATER","","levelOverrides","false","1","SINGLE_ENEMY","4","ダメージ倍率 0.95倍 × 3回。各ヒットごとに: 25%で防御力-75% (2ターン)"
"wolf","ウルフ","★3","S3","wolf_s3_b","ウルフスラッシュ","GRASS|WATER","","levelOverrides","false","2","SINGLE_ENEMY","4","ダメージ倍率 1.00倍 × 3回。各ヒットごとに: 25%で防御力-75% (2ターン)"
"wolf","ウルフ","★3","S3","wolf_s3_b","ウルフスラッシュ","GRASS|WATER","","levelOverrides","false","3","SINGLE_ENEMY","4","ダメージ倍率 1.00倍 × 3回。各ヒットごとに: 35%で防御力-75% (2ターン)"
"wolf","ウルフ","★3","S3","wolf_s3_b","ウルフスラッシュ","GRASS|WATER","","levelOverrides","false","4","SINGLE_ENEMY","4","ダメージ倍率 1.00倍 × 3回。各ヒットごとに: 35%で防御力-75% (2ターン)"
"wolf","ウルフ","★3","S3","wolf_s3_b","ウルフスラッシュ","GRASS|WATER","","levelOverrides","false","5","SINGLE_ENEMY","3","ダメージ倍率 1.00倍 × 3回。各ヒットごとに: 35%で防御力-75% (2ターン)"
"wolf","ウルフ","★3","S3","wolf_s3_c","はやての号令","ELECTRIC","","levelOverrides","false","1","ALL_ALLIES","4","行動ゲージ+20% / 速度+20% (2ターン) / 使用後、即時に追加ターンを獲得 / extraTurn=true"
"wolf","ウルフ","★3","S3","wolf_s3_c","はやての号令","ELECTRIC","","levelOverrides","false","2","ALL_ALLIES","4","行動ゲージ+25% / 速度+20% (2ターン) / 使用後、即時に追加ターンを獲得 / extraTurn=true"
"wolf","ウルフ","★3","S3","wolf_s3_c","はやての号令","ELECTRIC","","levelOverrides","false","3","ALL_ALLIES","4","行動ゲージ+30% / 速度+20% (2ターン) / 使用後、即時に追加ターンを獲得 / extraTurn=true"
"wolf","ウルフ","★3","S3","wolf_s3_c","はやての号令","ELECTRIC","","levelOverrides","false","4","ALL_ALLIES","4","行動ゲージ+35% / 速度+20% (2ターン) / 使用後、即時に追加ターンを獲得 / extraTurn=true"
"wolf","ウルフ","★3","S3","wolf_s3_c","はやての号令","ELECTRIC","","levelOverrides","false","5","ALL_ALLIES","3","行動ゲージ+35% / 速度+20% (3ターン) / 使用後、即時に追加ターンを獲得 / extraTurn=true"
"wolf","ウルフ","★3","S3","wolf_s3_light","ホーリーファング","LIGHT","LIGHT","levelOverrides","false","1","SINGLE_ENEMY","4","ダメージ倍率 3.60倍(自身の速度が高いほど上昇) / 行動ゲージを30%吸収"
"wolf","ウルフ","★3","S3","wolf_s3_light","ホーリーファング","LIGHT","LIGHT","levelOverrides","false","2","SINGLE_ENEMY","4","ダメージ倍率 3.85倍(自身の速度が高いほど上昇) / 行動ゲージを35%吸収"
"wolf","ウルフ","★3","S3","wolf_s3_light","ホーリーファング","LIGHT","LIGHT","levelOverrides","false","3","SINGLE_ENEMY","4","ダメージ倍率 4.05倍(自身の速度が高いほど上昇) / 行動ゲージを35%吸収"
"wolf","ウルフ","★3","S3","wolf_s3_light","ホーリーファング","LIGHT","LIGHT","levelOverrides","false","4","SINGLE_ENEMY","4","ダメージ倍率 4.25倍(自身の速度が高いほど上昇) / 行動ゲージを40%吸収"
"wolf","ウルフ","★3","S3","wolf_s3_light","ホーリーファング","LIGHT","LIGHT","levelOverrides","false","5","SINGLE_ENEMY","3","ダメージ倍率 4.25倍(自身の速度が高いほど上昇) / 行動ゲージを40%吸収"
"wolf","ウルフ","★3","S3","wolf_s3_dark","シャドウレンド","DARK","DARK","levelOverrides","false","1","SINGLE_ENEMY","4","ダメージ倍率 1.55倍 × 3回。各ヒットごとに: 30%で速度-30% (2ターン) / 与えたダメージの30%を自身が回復"
"wolf","ウルフ","★3","S3","wolf_s3_dark","シャドウレンド","DARK","DARK","levelOverrides","false","2","SINGLE_ENEMY","4","ダメージ倍率 1.60倍 × 3回。各ヒットごとに: 40%で速度-30% (2ターン) / 与えたダメージの32%を自身が回復"
"wolf","ウルフ","★3","S3","wolf_s3_dark","シャドウレンド","DARK","DARK","levelOverrides","false","3","SINGLE_ENEMY","4","ダメージ倍率 1.70倍 × 3回。各ヒットごとに: 40%で速度-30% (2ターン) / 与えたダメージの35%を自身が回復"
"wolf","ウルフ","★3","S3","wolf_s3_dark","シャドウレンド","DARK","DARK","levelOverrides","false","4","SINGLE_ENEMY","4","ダメージ倍率 1.80倍 × 3回。各ヒットごとに: 40%で速度-30% (2ターン) / 与えたダメージの36%を自身が回復"
"wolf","ウルフ","★3","S3","wolf_s3_dark","シャドウレンド","DARK","DARK","levelOverrides","false","5","SINGLE_ENEMY","3","ダメージ倍率 1.80倍 × 3回。各ヒットごとに: 40%で速度-30% (2ターン) / 与えたダメージの36%を自身が回復"
"golem","ゴーレム","★3","S1","golem_s1","たいあたり","FIRE|GRASS|ELECTRIC|WATER|LIGHT|DARK","","levelOverrides","false","1","SINGLE_ENEMY","0","ダメージ倍率 0.70倍(防御力の85%を加算)"
"golem","ゴーレム","★3","S1","golem_s1","たいあたり","FIRE|GRASS|ELECTRIC|WATER|LIGHT|DARK","","levelOverrides","false","2","SINGLE_ENEMY","0","ダメージ倍率 0.75倍(防御力の95%を加算)"
"golem","ゴーレム","★3","S1","golem_s1","たいあたり","FIRE|GRASS|ELECTRIC|WATER|LIGHT|DARK","","levelOverrides","false","3","SINGLE_ENEMY","0","ダメージ倍率 0.80倍(防御力の105%を加算)"
"golem","ゴーレム","★3","S1","golem_s1","たいあたり","FIRE|GRASS|ELECTRIC|WATER|LIGHT|DARK","","levelOverrides","false","4","SINGLE_ENEMY","0","ダメージ倍率 0.85倍(防御力の105%を加算)"
"golem","ゴーレム","★3","S1","golem_s1","たいあたり","FIRE|GRASS|ELECTRIC|WATER|LIGHT|DARK","","levelOverrides","false","5","SINGLE_ENEMY","0","ダメージ倍率 0.90倍(防御力の105%を加算)"
"golem","ゴーレム","★3","S2","golem_s2_a","岩石落とし","FIRE|WATER","","levelOverrides","false","1","ALL_ENEMIES","3","ダメージ倍率 0.95倍(防御力の120%を加算)"
"golem","ゴーレム","★3","S2","golem_s2_a","岩石落とし","FIRE|WATER","","levelOverrides","false","2","ALL_ENEMIES","3","ダメージ倍率 0.95倍(防御力の130%を加算)"
"golem","ゴーレム","★3","S2","golem_s2_a","岩石落とし","FIRE|WATER","","levelOverrides","false","3","ALL_ENEMIES","3","ダメージ倍率 1.05倍(防御力の140%を加算)"
"golem","ゴーレム","★3","S2","golem_s2_a","岩石落とし","FIRE|WATER","","levelOverrides","false","4","ALL_ENEMIES","3","ダメージ倍率 1.10倍(防御力の140%を加算)"
"golem","ゴーレム","★3","S2","golem_s2_a","岩石落とし","FIRE|WATER","","levelOverrides","false","5","ALL_ENEMIES","2","ダメージ倍率 1.10倍(防御力の140%を加算)"
"golem","ゴーレム","★3","S2","golem_s2_b","たいあたりラッシュ","GRASS|LIGHT","","levelOverrides","false","1","ALL_ENEMIES","3","ダメージ倍率 0.48倍 × 3回(防御力の80%を加算)"
"golem","ゴーレム","★3","S2","golem_s2_b","たいあたりラッシュ","GRASS|LIGHT","","levelOverrides","false","2","ALL_ENEMIES","3","ダメージ倍率 0.52倍 × 3回(防御力の85%を加算)"
"golem","ゴーレム","★3","S2","golem_s2_b","たいあたりラッシュ","GRASS|LIGHT","","levelOverrides","false","3","ALL_ENEMIES","3","ダメージ倍率 0.52倍 × 3回(防御力の85%を加算)"
"golem","ゴーレム","★3","S2","golem_s2_b","たいあたりラッシュ","GRASS|LIGHT","","levelOverrides","false","4","ALL_ENEMIES","3","ダメージ倍率 0.55倍 × 3回(防御力の85%を加算)"
"golem","ゴーレム","★3","S2","golem_s2_b","たいあたりラッシュ","GRASS|LIGHT","","levelOverrides","false","5","ALL_ENEMIES","2","ダメージ倍率 0.55倍 × 3回(防御力の85%を加算)"
"golem","ゴーレム","★3","S2","golem_s2_c","いわくだき","ELECTRIC|DARK","","levelOverrides","false","1","SINGLE_ENEMY","3","ダメージ倍率 1.50倍(防御力の60%を加算) / 85%で防御力-75% (2ターン)"
"golem","ゴーレム","★3","S2","golem_s2_c","いわくだき","ELECTRIC|DARK","","levelOverrides","false","2","SINGLE_ENEMY","3","ダメージ倍率 1.60倍(防御力の65%を加算) / 95%で防御力-75% (2ターン)"
"golem","ゴーレム","★3","S2","golem_s2_c","いわくだき","ELECTRIC|DARK","","levelOverrides","false","3","SINGLE_ENEMY","3","ダメージ倍率 1.70倍(防御力の65%を加算) / 100%で防御力-75% (2ターン)"
"golem","ゴーレム","★3","S2","golem_s2_c","いわくだき","ELECTRIC|DARK","","levelOverrides","false","4","SINGLE_ENEMY","3","ダメージ倍率 1.80倍(防御力の75%を加算) / 100%で防御力-75% (2ターン)"
"golem","ゴーレム","★3","S2","golem_s2_c","いわくだき","ELECTRIC|DARK","","levelOverrides","false","5","SINGLE_ENEMY","2","ダメージ倍率 1.80倍(防御力の75%を加算) / 100%で防御力-75% (3ターン)"
"golem","ゴーレム","★3","S3","golem_s3_b","溶岩落とし","FIRE","","levelOverrides","false","1","ALL_ENEMIES","4","ダメージ倍率 1.20倍(防御力の75%を加算) / 100%で火傷 (2ターン、自身のターン終了時に自身の攻撃力分のダメージ)"
"golem","ゴーレム","★3","S3","golem_s3_b","溶岩落とし","FIRE","","levelOverrides","false","2","ALL_ENEMIES","4","ダメージ倍率 1.30倍(防御力の80%を加算) / 100%で火傷 (2ターン、自身のターン終了時に自身の攻撃力分のダメージ)"
"golem","ゴーレム","★3","S3","golem_s3_b","溶岩落とし","FIRE","","levelOverrides","false","3","ALL_ENEMIES","4","ダメージ倍率 1.35倍(防御力の80%を加算) / 100%で火傷 (2ターン、自身のターン終了時に自身の攻撃力分のダメージ)"
"golem","ゴーレム","★3","S3","golem_s3_b","溶岩落とし","FIRE","","levelOverrides","false","4","ALL_ENEMIES","4","ダメージ倍率 1.45倍(防御力の90%を加算) / 100%で火傷 (2ターン、自身のターン終了時に自身の攻撃力分のダメージ)"
"golem","ゴーレム","★3","S3","golem_s3_b","溶岩落とし","FIRE","","levelOverrides","false","5","ALL_ENEMIES","3","ダメージ倍率 1.45倍(防御力の90%を加算) / 100%で火傷 (2ターン、自身のターン終了時に自身の攻撃力分のダメージ)"
"golem","ゴーレム","★3","S3","golem_s3_a","てっぺき","GRASS|WATER","","generic","false","1","ALL_ALLIES","4","シールド 最大HPの20% (2ターン、ダメージを肩代わり)"
"golem","ゴーレム","★3","S3","golem_s3_a","てっぺき","GRASS|WATER","","generic","false","2","ALL_ALLIES","4","シールド 最大HPの21% (2ターン、ダメージを肩代わり)"
"golem","ゴーレム","★3","S3","golem_s3_a","てっぺき","GRASS|WATER","","generic","false","3","ALL_ALLIES","4","シールド 最大HPの22% (2ターン、ダメージを肩代わり)"
"golem","ゴーレム","★3","S3","golem_s3_a","てっぺき","GRASS|WATER","","generic","false","4","ALL_ALLIES","4","シールド 最大HPの24% (2ターン、ダメージを肩代わり)"
"golem","ゴーレム","★3","S3","golem_s3_a","てっぺき","GRASS|WATER","","generic","false","5","ALL_ALLIES","3","シールド 最大HPの24% (3ターン、ダメージを肩代わり)"
"golem","ゴーレム","★3","S3","golem_s3_c","きょじんのふんぬ","ELECTRIC","","levelOverrides","false","1","ALL_ALLIES","4","攻撃力+30% (2ターン) / 防御力+30% (2ターン) / 自身の行動ゲージ+30%"
"golem","ゴーレム","★3","S3","golem_s3_c","きょじんのふんぬ","ELECTRIC","","levelOverrides","false","2","ALL_ALLIES","4","攻撃力+30% (2ターン) / 防御力+30% (2ターン) / 自身の行動ゲージ+35%"
"golem","ゴーレム","★3","S3","golem_s3_c","きょじんのふんぬ","ELECTRIC","","levelOverrides","false","3","ALL_ALLIES","4","攻撃力+30% (2ターン) / 防御力+30% (2ターン) / 自身の行動ゲージ+40%"
"golem","ゴーレム","★3","S3","golem_s3_c","きょじんのふんぬ","ELECTRIC","","levelOverrides","false","4","ALL_ALLIES","4","攻撃力+30% (2ターン) / 防御力+30% (2ターン) / 自身の行動ゲージ+50%"
"golem","ゴーレム","★3","S3","golem_s3_c","きょじんのふんぬ","ELECTRIC","","levelOverrides","false","5","ALL_ALLIES","3","攻撃力+30% (3ターン) / 防御力+30% (3ターン) / 自身の行動ゲージ+50% / 自身に反射 (3ターン)"
"golem","ゴーレム","★3","S3","golem_s3_light","オーロラウォール","LIGHT","LIGHT","levelOverrides","false","1","ALL_ALLIES","5","シールド 最大HPの40% (3ターン、ダメージを肩代わり) / 防御力+30% (3ターン) / 継続回復 最大HPの8.0% (3ターン、自身のターン開始時) / デバフを解除 / 回復 最大HPの25.0%"
"golem","ゴーレム","★3","S3","golem_s3_light","オーロラウォール","LIGHT","LIGHT","levelOverrides","false","2","ALL_ALLIES","5","シールド 最大HPの43% (3ターン、ダメージを肩代わり) / 防御力+30% (3ターン) / 継続回復 最大HPの10.0% (3ターン、自身のターン開始時) / デバフを解除 / 回復 最大HPの25.0%"
"golem","ゴーレム","★3","S3","golem_s3_light","オーロラウォール","LIGHT","LIGHT","levelOverrides","false","3","ALL_ALLIES","5","シールド 最大HPの45% (3ターン、ダメージを肩代わり) / 防御力+30% (3ターン) / 継続回復 最大HPの10.0% (3ターン、自身のターン開始時) / デバフを解除 / 回復 最大HPの25.0%"
"golem","ゴーレム","★3","S3","golem_s3_light","オーロラウォール","LIGHT","LIGHT","levelOverrides","false","4","ALL_ALLIES","5","シールド 最大HPの48% (3ターン、ダメージを肩代わり) / 防御力+30% (3ターン) / 継続回復 最大HPの12.0% (3ターン、自身のターン開始時) / デバフを解除 / 回復 最大HPの25.0%"
"golem","ゴーレム","★3","S3","golem_s3_light","オーロラウォール","LIGHT","LIGHT","levelOverrides","false","5","ALL_ALLIES","4","シールド 最大HPの48% (4ターン、ダメージを肩代わり) / 防御力+30% (4ターン) / 継続回復 最大HPの12.0% (4ターン、自身のターン開始時) / デバフを解除 / 回復 最大HPの25.0%"
"golem","ゴーレム","★3","S3","golem_s3_dark","オブシディアンクラッシュ","DARK","DARK","levelOverrides","false","1","ALL_ENEMIES","4","ダメージ倍率 1.70倍(防御力の160%を加算) / 70%で防御力-75% (2ターン)"
"golem","ゴーレム","★3","S3","golem_s3_dark","オブシディアンクラッシュ","DARK","DARK","levelOverrides","false","2","ALL_ENEMIES","4","ダメージ倍率 1.70倍(防御力の160%を加算) / 85%で防御力-75% (2ターン)"
"golem","ゴーレム","★3","S3","golem_s3_dark","オブシディアンクラッシュ","DARK","DARK","levelOverrides","false","3","ALL_ENEMIES","4","ダメージ倍率 1.80倍(防御力の175%を加算) / 85%で防御力-75% (2ターン)"
"golem","ゴーレム","★3","S3","golem_s3_dark","オブシディアンクラッシュ","DARK","DARK","levelOverrides","false","4","ALL_ENEMIES","4","ダメージ倍率 1.90倍(防御力の175%を加算) / 85%で防御力-75% (2ターン)"
"golem","ゴーレム","★3","S3","golem_s3_dark","オブシディアンクラッシュ","DARK","DARK","levelOverrides","false","5","ALL_ENEMIES","3","ダメージ倍率 1.90倍(防御力の175%を加算) / 85%で防御力-75% (3ターン)"
"fairy","フェアリー","★3","S1","fairy_s1","ちいさな一撃","FIRE|GRASS|ELECTRIC|WATER|LIGHT|DARK","","levelOverrides","false","1","SINGLE_ENEMY","0","ダメージ倍率 0.85倍 / 自身を回復 最大HPの5.0%"
"fairy","フェアリー","★3","S1","fairy_s1","ちいさな一撃","FIRE|GRASS|ELECTRIC|WATER|LIGHT|DARK","","levelOverrides","false","2","SINGLE_ENEMY","0","ダメージ倍率 0.95倍 / 自身を回復 最大HPの5.0%"
"fairy","フェアリー","★3","S1","fairy_s1","ちいさな一撃","FIRE|GRASS|ELECTRIC|WATER|LIGHT|DARK","","levelOverrides","false","3","SINGLE_ENEMY","0","ダメージ倍率 0.95倍 / 自身を回復 最大HPの7.0%"
"fairy","フェアリー","★3","S1","fairy_s1","ちいさな一撃","FIRE|GRASS|ELECTRIC|WATER|LIGHT|DARK","","levelOverrides","false","4","SINGLE_ENEMY","0","ダメージ倍率 1.05倍 / 自身を回復 最大HPの7.0%"
"fairy","フェアリー","★3","S1","fairy_s1","ちいさな一撃","FIRE|GRASS|ELECTRIC|WATER|LIGHT|DARK","","levelOverrides","false","5","SINGLE_ENEMY","0","ダメージ倍率 1.05倍 / 自身を回復 最大HPの10.0%"
"fairy","フェアリー","★3","S2","fairy_s2_a","いやしのかぜ","FIRE|WATER","","levelOverrides","false","1","ALL_ALLIES","4","回復 最大HPの25.0%"
"fairy","フェアリー","★3","S2","fairy_s2_a","いやしのかぜ","FIRE|WATER","","levelOverrides","false","2","ALL_ALLIES","4","回復 最大HPの27.0%"
"fairy","フェアリー","★3","S2","fairy_s2_a","いやしのかぜ","FIRE|WATER","","levelOverrides","false","3","ALL_ALLIES","4","回復 最大HPの30.0%"
"fairy","フェアリー","★3","S2","fairy_s2_a","いやしのかぜ","FIRE|WATER","","levelOverrides","false","4","ALL_ALLIES","4","回復 最大HPの33.0%"
"fairy","フェアリー","★3","S2","fairy_s2_a","いやしのかぜ","FIRE|WATER","","levelOverrides","false","5","ALL_ALLIES","3","回復 最大HPの33.0%"
"fairy","フェアリー","★3","S2","fairy_s2_b","せいすいのしずく","GRASS|LIGHT","","levelOverrides","false","1","SINGLE_ALLY","3","回復 最大HPの40.0% / デバフを解除 / 行動ゲージ+20%"
"fairy","フェアリー","★3","S2","fairy_s2_b","せいすいのしずく","GRASS|LIGHT","","levelOverrides","false","2","SINGLE_ALLY","3","回復 最大HPの45.0% / デバフを解除 / 行動ゲージ+25%"
"fairy","フェアリー","★3","S2","fairy_s2_b","せいすいのしずく","GRASS|LIGHT","","levelOverrides","false","3","SINGLE_ALLY","3","回復 最大HPの50.0% / デバフを解除 / 行動ゲージ+25%"
"fairy","フェアリー","★3","S2","fairy_s2_b","せいすいのしずく","GRASS|LIGHT","","levelOverrides","false","4","SINGLE_ALLY","3","回復 最大HPの50.0% / デバフを解除 / 行動ゲージ+25%"
"fairy","フェアリー","★3","S2","fairy_s2_b","せいすいのしずく","GRASS|LIGHT","","levelOverrides","false","5","SINGLE_ALLY","2","回復 最大HPの50.0% / デバフを解除 / 行動ゲージ+25%"
"fairy","フェアリー","★3","S2","fairy_s2_c","せいめいの葉","ELECTRIC|DARK","","levelOverrides","false","1","ALL_ALLIES","4","回復 最大HPの15.0% / 継続回復 最大HPの8.0% (3ターン、自身のターン開始時)"
"fairy","フェアリー","★3","S2","fairy_s2_c","せいめいの葉","ELECTRIC|DARK","","levelOverrides","false","2","ALL_ALLIES","4","回復 最大HPの18.0% / 継続回復 最大HPの8.0% (3ターン、自身のターン開始時)"
"fairy","フェアリー","★3","S2","fairy_s2_c","せいめいの葉","ELECTRIC|DARK","","levelOverrides","false","3","ALL_ALLIES","4","回復 最大HPの18.0% / 継続回復 最大HPの10.0% (3ターン、自身のターン開始時)"
"fairy","フェアリー","★3","S2","fairy_s2_c","せいめいの葉","ELECTRIC|DARK","","levelOverrides","false","4","ALL_ALLIES","4","回復 最大HPの20.0% / 継続回復 最大HPの10.0% (3ターン、自身のターン開始時)"
"fairy","フェアリー","★3","S2","fairy_s2_c","せいめいの葉","ELECTRIC|DARK","","levelOverrides","false","5","ALL_ALLIES","3","回復 最大HPの20.0% / 継続回復 最大HPの10.0% (4ターン、自身のターン開始時)"
"fairy","フェアリー","★3","S3","fairy_s3_a","せいれいの加護","FIRE","","levelOverrides","false","1","ALL_ALLIES","4","攻撃力+30% (2ターン) / デバフを解除 / 行動ゲージ+20%"
"fairy","フェアリー","★3","S3","fairy_s3_a","せいれいの加護","FIRE","","levelOverrides","false","2","ALL_ALLIES","4","攻撃力+30% (2ターン) / デバフを解除 / 行動ゲージ+25%"
"fairy","フェアリー","★3","S3","fairy_s3_a","せいれいの加護","FIRE","","levelOverrides","false","3","ALL_ALLIES","4","攻撃力+30% (2ターン) / デバフを解除 / 行動ゲージ+30%"
"fairy","フェアリー","★3","S3","fairy_s3_a","せいれいの加護","FIRE","","levelOverrides","false","4","ALL_ALLIES","4","攻撃力+30% (2ターン) / デバフを解除 / 行動ゲージ+35%"
"fairy","フェアリー","★3","S3","fairy_s3_a","せいれいの加護","FIRE","","levelOverrides","false","5","ALL_ALLIES","3","攻撃力+30% (3ターン) / デバフを解除 / 行動ゲージ+35%"
"fairy","フェアリー","★3","S3","fairy_s3_b","だいちのめぐみ","GRASS|WATER","","levelOverrides","false","1","ALL_ALLIES","5","回復 最大HPの40.0% / シールド 最大HPの15% (2ターン、ダメージを肩代わり)"
"fairy","フェアリー","★3","S3","fairy_s3_b","だいちのめぐみ","GRASS|WATER","","levelOverrides","false","2","ALL_ALLIES","5","回復 最大HPの45.0% / シールド 最大HPの20% (2ターン、ダメージを肩代わり)"
"fairy","フェアリー","★3","S3","fairy_s3_b","だいちのめぐみ","GRASS|WATER","","levelOverrides","false","3","ALL_ALLIES","5","回復 最大HPの50.0% / シールド 最大HPの20% (2ターン、ダメージを肩代わり)"
"fairy","フェアリー","★3","S3","fairy_s3_b","だいちのめぐみ","GRASS|WATER","","levelOverrides","false","4","ALL_ALLIES","5","回復 最大HPの50.0% / シールド 最大HPの20% (2ターン、ダメージを肩代わり)"
"fairy","フェアリー","★3","S3","fairy_s3_b","だいちのめぐみ","GRASS|WATER","","levelOverrides","false","5","ALL_ALLIES","4","回復 最大HPの50.0% / シールド 最大HPの20% (2ターン、ダメージを肩代わり)"
"fairy","フェアリー","★3","S3","fairy_s3_c","れいこんのもり","ELECTRIC","","levelOverrides","false","1","ALL_ALLIES","4","回復 最大HPの25.0% / 防御力+30% (2ターン) / 継続回復 最大HPの10.0% (2ターン、自身のターン開始時)"
"fairy","フェアリー","★3","S3","fairy_s3_c","れいこんのもり","ELECTRIC","","levelOverrides","false","2","ALL_ALLIES","4","回復 最大HPの28.0% / 防御力+30% (2ターン) / 継続回復 最大HPの12.0% (2ターン、自身のターン開始時)"
"fairy","フェアリー","★3","S3","fairy_s3_c","れいこんのもり","ELECTRIC","","levelOverrides","false","3","ALL_ALLIES","4","回復 最大HPの28.0% / 防御力+30% (2ターン) / 継続回復 最大HPの12.0% (2ターン、自身のターン開始時)"
"fairy","フェアリー","★3","S3","fairy_s3_c","れいこんのもり","ELECTRIC","","levelOverrides","false","4","ALL_ALLIES","4","回復 最大HPの32.0% / 防御力+30% (2ターン) / 継続回復 最大HPの12.0% (2ターン、自身のターン開始時)"
"fairy","フェアリー","★3","S3","fairy_s3_c","れいこんのもり","ELECTRIC","","levelOverrides","false","5","ALL_ALLIES","3","回復 最大HPの32.0% / 防御力+30% (3ターン) / 継続回復 最大HPの12.0% (2ターン、自身のターン開始時)"
"fairy","フェアリー","★3","S3","fairy_s3_light","セラフィックブレス","LIGHT","LIGHT","levelOverrides","false","1","ALL_ALLIES","5","回復 最大HPの45.0% / 継続回復 最大HPの10.0% (3ターン、自身のターン開始時) / デバフを解除 / 状態異常無効 (2ターン)"
"fairy","フェアリー","★3","S3","fairy_s3_light","セラフィックブレス","LIGHT","LIGHT","levelOverrides","false","2","ALL_ALLIES","5","回復 最大HPの45.0% / 継続回復 最大HPの12.0% (3ターン、自身のターン開始時) / デバフを解除 / 状態異常無効 (2ターン)"
"fairy","フェアリー","★3","S3","fairy_s3_light","セラフィックブレス","LIGHT","LIGHT","levelOverrides","false","3","ALL_ALLIES","5","回復 最大HPの50.0% / 継続回復 最大HPの12.0% (3ターン、自身のターン開始時) / デバフを解除 / 状態異常無効 (2ターン)"
"fairy","フェアリー","★3","S3","fairy_s3_light","セラフィックブレス","LIGHT","LIGHT","levelOverrides","false","4","ALL_ALLIES","5","回復 最大HPの50.0% / 継続回復 最大HPの12.0% (3ターン、自身のターン開始時) / デバフを解除 / 状態異常無効 (2ターン)"
"fairy","フェアリー","★3","S3","fairy_s3_light","セラフィックブレス","LIGHT","LIGHT","levelOverrides","false","5","ALL_ALLIES","4","回復 最大HPの50.0% / 継続回復 最大HPの12.0% (4ターン、自身のターン開始時) / デバフを解除 / 状態異常無効 (3ターン)"
"fairy","フェアリー","★3","S3","fairy_s3_dark","ナイトメアミスト","DARK","DARK","levelOverrides","false","1","ALL_ALLIES","5","回復 最大HPの35.0% / 速度+20% (3ターン) / 行動ゲージ+35%"
"fairy","フェアリー","★3","S3","fairy_s3_dark","ナイトメアミスト","DARK","DARK","levelOverrides","false","2","ALL_ALLIES","5","回復 最大HPの35.0% / 速度+20% (3ターン) / 行動ゲージ+40%"
"fairy","フェアリー","★3","S3","fairy_s3_dark","ナイトメアミスト","DARK","DARK","levelOverrides","false","3","ALL_ALLIES","5","回復 最大HPの40.0% / 速度+20% (3ターン) / 行動ゲージ+40%"
"fairy","フェアリー","★3","S3","fairy_s3_dark","ナイトメアミスト","DARK","DARK","levelOverrides","false","4","ALL_ALLIES","5","回復 最大HPの40.0% / 速度+20% (3ターン) / 行動ゲージ+45%"
"fairy","フェアリー","★3","S3","fairy_s3_dark","ナイトメアミスト","DARK","DARK","levelOverrides","false","5","ALL_ALLIES","4","回復 最大HPの40.0% / 速度+20% (4ターン) / 行動ゲージ+45%"
"imp","インプ","★3","S1","imp_s1","ひっかき","FIRE|GRASS|ELECTRIC|WATER|LIGHT|DARK","","levelOverrides","false","1","SINGLE_ENEMY","0","ダメージ倍率 1.00倍 / 40%で攻撃力-50% (2ターン)"
"imp","インプ","★3","S1","imp_s1","ひっかき","FIRE|GRASS|ELECTRIC|WATER|LIGHT|DARK","","levelOverrides","false","2","SINGLE_ENEMY","0","ダメージ倍率 1.10倍 / 40%で攻撃力-50% (2ターン)"
"imp","インプ","★3","S1","imp_s1","ひっかき","FIRE|GRASS|ELECTRIC|WATER|LIGHT|DARK","","levelOverrides","false","3","SINGLE_ENEMY","0","ダメージ倍率 1.10倍 / 55%で攻撃力-50% (2ターン)"
"imp","インプ","★3","S1","imp_s1","ひっかき","FIRE|GRASS|ELECTRIC|WATER|LIGHT|DARK","","levelOverrides","false","4","SINGLE_ENEMY","0","ダメージ倍率 1.20倍 / 55%で攻撃力-50% (2ターン)"
"imp","インプ","★3","S1","imp_s1","ひっかき","FIRE|GRASS|ELECTRIC|WATER|LIGHT|DARK","","levelOverrides","false","5","SINGLE_ENEMY","0","ダメージ倍率 1.20倍 / 70%で攻撃力-50% (2ターン)"
"imp","インプ","★3","S2","imp_s2_a","のろいのつめ","FIRE|WATER","","levelOverrides","false","1","SINGLE_ENEMY","3","ダメージ倍率 1.40倍 / 70%で防御力-75% (2ターン) / 70%で毒1スタック (1スタックにつき最大HPの5%、最大5スタック、2ターン)"
"imp","インプ","★3","S2","imp_s2_a","のろいのつめ","FIRE|WATER","","levelOverrides","false","2","SINGLE_ENEMY","3","ダメージ倍率 1.55倍 / 75%で防御力-75% (2ターン) / 70%で毒1スタック (1スタックにつき最大HPの5%、最大5スタック、2ターン)"
"imp","インプ","★3","S2","imp_s2_a","のろいのつめ","FIRE|WATER","","levelOverrides","false","3","SINGLE_ENEMY","3","ダメージ倍率 1.55倍 / 85%で防御力-75% (2ターン) / 70%で毒1スタック (1スタックにつき最大HPの5%、最大5スタック、2ターン)"
"imp","インプ","★3","S2","imp_s2_a","のろいのつめ","FIRE|WATER","","levelOverrides","false","4","SINGLE_ENEMY","3","ダメージ倍率 1.70倍 / 85%で防御力-75% (2ターン) / 70%で毒1スタック (1スタックにつき最大HPの5%、最大5スタック、2ターン)"
"imp","インプ","★3","S2","imp_s2_a","のろいのつめ","FIRE|WATER","","levelOverrides","false","5","SINGLE_ENEMY","2","ダメージ倍率 1.70倍 / 85%で防御力-75% (3ターン) / 70%で毒1スタック (1スタックにつき最大HPの5%、最大5スタック、2ターン)"
"imp","インプ","★3","S2","imp_s2_b","めつぶし","GRASS|LIGHT","","levelOverrides","false","1","ALL_ENEMIES","3","ダメージ倍率 1.00倍 / 60%で暗闇 (2ターン、攻撃時50%でダメージ-75%・追加効果なし)"
"imp","インプ","★3","S2","imp_s2_b","めつぶし","GRASS|LIGHT","","levelOverrides","false","2","ALL_ENEMIES","3","ダメージ倍率 1.10倍 / 60%で暗闇 (2ターン、攻撃時50%でダメージ-75%・追加効果なし)"
"imp","インプ","★3","S2","imp_s2_b","めつぶし","GRASS|LIGHT","","levelOverrides","false","3","ALL_ENEMIES","3","ダメージ倍率 1.10倍 / 75%で暗闇 (2ターン、攻撃時50%でダメージ-75%・追加効果なし)"
"imp","インプ","★3","S2","imp_s2_b","めつぶし","GRASS|LIGHT","","levelOverrides","false","4","ALL_ENEMIES","3","ダメージ倍率 1.20倍 / 75%で暗闇 (2ターン、攻撃時50%でダメージ-75%・追加効果なし)"
"imp","インプ","★3","S2","imp_s2_b","めつぶし","GRASS|LIGHT","","levelOverrides","false","5","ALL_ENEMIES","2","ダメージ倍率 1.20倍 / 75%で暗闇 (2ターン、攻撃時50%でダメージ-75%・追加効果なし)"
"imp","インプ","★3","S2","imp_s2_c","あしばらい","ELECTRIC|DARK","","levelOverrides","false","1","SINGLE_ENEMY","3","ダメージ倍率 1.20倍 / 行動ゲージを15%吸収 / 70%で速度-30% (2ターン)"
"imp","インプ","★3","S2","imp_s2_c","あしばらい","ELECTRIC|DARK","","levelOverrides","false","2","SINGLE_ENEMY","3","ダメージ倍率 1.35倍 / 行動ゲージを20%吸収 / 75%で速度-30% (2ターン)"
"imp","インプ","★3","S2","imp_s2_c","あしばらい","ELECTRIC|DARK","","levelOverrides","false","3","SINGLE_ENEMY","3","ダメージ倍率 1.35倍 / 行動ゲージを20%吸収 / 80%で速度-30% (2ターン)"
"imp","インプ","★3","S2","imp_s2_c","あしばらい","ELECTRIC|DARK","","levelOverrides","false","4","SINGLE_ENEMY","3","ダメージ倍率 1.45倍 / 行動ゲージを20%吸収 / 85%で速度-30% (2ターン)"
"imp","インプ","★3","S2","imp_s2_c","あしばらい","ELECTRIC|DARK","","levelOverrides","false","5","SINGLE_ENEMY","2","ダメージ倍率 1.45倍 / 行動ゲージを20%吸収 / 85%で速度-30% (3ターン)"
"imp","インプ","★3","S3","imp_s3_a","あくいのばらまき","FIRE","","levelOverrides","false","1","ALL_ENEMIES","4","ダメージ倍率 1.25倍 / 75%で攻撃力-50% (2ターン) / 行動ゲージ-15% / 70%で治癒阻害 (2ターン、回復を受けられない) / 50%で呪い1個(対象の2回目のターン開始時、付与時攻撃力×4の固定ダメージと1ターンスタン)"
"imp","インプ","★3","S3","imp_s3_a","あくいのばらまき","FIRE","","levelOverrides","false","2","ALL_ENEMIES","4","ダメージ倍率 1.35倍 / 80%で攻撃力-50% (2ターン) / 行動ゲージ-20% / 70%で治癒阻害 (2ターン、回復を受けられない) / 50%で呪い1個(対象の2回目のターン開始時、付与時攻撃力×4の固定ダメージと1ターンスタン)"
"imp","インプ","★3","S3","imp_s3_a","あくいのばらまき","FIRE","","levelOverrides","false","3","ALL_ENEMIES","4","ダメージ倍率 1.35倍 / 85%で攻撃力-50% (2ターン) / 行動ゲージ-20% / 80%で治癒阻害 (2ターン、回復を受けられない) / 50%で呪い1個(対象の2回目のターン開始時、付与時攻撃力×4の固定ダメージと1ターンスタン)"
"imp","インプ","★3","S3","imp_s3_a","あくいのばらまき","FIRE","","levelOverrides","false","4","ALL_ENEMIES","4","ダメージ倍率 1.50倍 / 90%で攻撃力-50% (2ターン) / 行動ゲージ-20% / 80%で治癒阻害 (2ターン、回復を受けられない) / 50%で呪い1個(対象の2回目のターン開始時、付与時攻撃力×4の固定ダメージと1ターンスタン)"
"imp","インプ","★3","S3","imp_s3_a","あくいのばらまき","FIRE","","levelOverrides","false","5","ALL_ENEMIES","3","ダメージ倍率 1.50倍 / 90%で攻撃力-50% (3ターン) / 行動ゲージ-20% / 80%で治癒阻害 (2ターン、回復を受けられない) / 50%で呪い1個(対象の2回目のターン開始時、付与時攻撃力×4の固定ダメージと1ターンスタン)"
"imp","インプ","★3","S3","imp_s3_b","ふういんのわらい","GRASS|WATER","","levelOverrides","false","1","ALL_ENEMIES","4","ダメージ倍率 1.20倍 / 75%で敵の全スキルのクールタイムを1ターン延長 / 70%で強化不可 (2ターン)"
"imp","インプ","★3","S3","imp_s3_b","ふういんのわらい","GRASS|WATER","","levelOverrides","false","2","ALL_ENEMIES","4","ダメージ倍率 1.35倍 / 80%で敵の全スキルのクールタイムを1ターン延長 / 70%で強化不可 (2ターン)"
"imp","インプ","★3","S3","imp_s3_b","ふういんのわらい","GRASS|WATER","","levelOverrides","false","3","ALL_ENEMIES","4","ダメージ倍率 1.35倍 / 85%で敵の全スキルのクールタイムを1ターン延長 / 85%で強化不可 (2ターン)"
"imp","インプ","★3","S3","imp_s3_b","ふういんのわらい","GRASS|WATER","","levelOverrides","false","4","ALL_ENEMIES","4","ダメージ倍率 1.35倍 / 90%で敵の全スキルのクールタイムを1ターン延長 / 85%で強化不可 (2ターン)"
"imp","インプ","★3","S3","imp_s3_b","ふういんのわらい","GRASS|WATER","","levelOverrides","false","5","ALL_ENEMIES","3","ダメージ倍率 1.35倍 / 90%で敵の全スキルのクールタイムを1ターン延長 / 85%で強化不可 (2ターン)"
"imp","インプ","★3","S3","imp_s3_c","どくのきり","ELECTRIC","","levelOverrides","false","1","ALL_ENEMIES","4","ダメージ倍率 0.75倍 × 2回 / 70%で毒1スタック (1スタックにつき最大HPの5%、最大5スタック、3ターン)"
"imp","インプ","★3","S3","imp_s3_c","どくのきり","ELECTRIC","","levelOverrides","false","2","ALL_ENEMIES","4","ダメージ倍率 0.80倍 × 2回 / 80%で毒1スタック (1スタックにつき最大HPの6%、最大5スタック、3ターン)"
"imp","インプ","★3","S3","imp_s3_c","どくのきり","ELECTRIC","","levelOverrides","false","3","ALL_ENEMIES","4","ダメージ倍率 0.90倍 × 2回 / 80%で毒1スタック (1スタックにつき最大HPの6%、最大5スタック、3ターン)"
"imp","インプ","★3","S3","imp_s3_c","どくのきり","ELECTRIC","","levelOverrides","false","4","ALL_ENEMIES","4","ダメージ倍率 0.90倍 × 2回 / 80%で毒1スタック (1スタックにつき最大HPの6%、最大5スタック、3ターン)"
"imp","インプ","★3","S3","imp_s3_c","どくのきり","ELECTRIC","","levelOverrides","false","5","ALL_ENEMIES","3","ダメージ倍率 0.90倍 × 2回 / 80%で毒1スタック (1スタックにつき最大HPの6%、最大5スタック、4ターン)"
"imp","インプ","★3","S3","imp_s3_light","ジャッジメントヘイズ","LIGHT","LIGHT","levelOverrides","false","1","ALL_ENEMIES","4","ダメージ倍率 1.55倍 / 70%で攻撃力-50% (2ターン) / 60%で暗闇 (2ターン、攻撃時50%でダメージ-75%・追加効果なし)"
"imp","インプ","★3","S3","imp_s3_light","ジャッジメントヘイズ","LIGHT","LIGHT","levelOverrides","false","2","ALL_ENEMIES","4","ダメージ倍率 1.55倍 / 75%で攻撃力-50% (2ターン) / 75%で暗闇 (2ターン、攻撃時50%でダメージ-75%・追加効果なし)"
"imp","インプ","★3","S3","imp_s3_light","ジャッジメントヘイズ","LIGHT","LIGHT","levelOverrides","false","3","ALL_ENEMIES","4","ダメージ倍率 1.70倍 / 85%で攻撃力-50% (2ターン) / 75%で暗闇 (2ターン、攻撃時50%でダメージ-75%・追加効果なし)"
"imp","インプ","★3","S3","imp_s3_light","ジャッジメントヘイズ","LIGHT","LIGHT","levelOverrides","false","4","ALL_ENEMIES","4","ダメージ倍率 1.70倍 / 85%で攻撃力-50% (2ターン) / 75%で暗闇 (2ターン、攻撃時50%でダメージ-75%・追加効果なし)"
"imp","インプ","★3","S3","imp_s3_light","ジャッジメントヘイズ","LIGHT","LIGHT","levelOverrides","false","5","ALL_ENEMIES","3","ダメージ倍率 1.70倍 / 85%で攻撃力-50% (3ターン) / 75%で暗闇 (2ターン、攻撃時50%でダメージ-75%・追加効果なし)"
"imp","インプ","★3","S3","imp_s3_dark","サイレントカース","DARK","DARK","levelOverrides","false","1","ALL_ENEMIES","5","ダメージ倍率 2.00倍 / 70%で敵の全スキルのクールタイムを1ターン延長 / 85%で毒1スタック (1スタックにつき最大HPの8%、最大5スタック、4ターン)"
"imp","インプ","★3","S3","imp_s3_dark","サイレントカース","DARK","DARK","levelOverrides","false","2","ALL_ENEMIES","5","ダメージ倍率 2.15倍 / 75%で敵の全スキルのクールタイムを1ターン延長 / 95%で毒1スタック (1スタックにつき最大HPの9%、最大5スタック、4ターン)"
"imp","インプ","★3","S3","imp_s3_dark","サイレントカース","DARK","DARK","levelOverrides","false","3","ALL_ENEMIES","5","ダメージ倍率 2.25倍 / 80%で敵の全スキルのクールタイムを1ターン延長 / 100%で毒1スタック (1スタックにつき最大HPの9%、最大5スタック、4ターン)"
"imp","インプ","★3","S3","imp_s3_dark","サイレントカース","DARK","DARK","levelOverrides","false","4","ALL_ENEMIES","5","ダメージ倍率 2.40倍 / 85%で敵の全スキルのクールタイムを1ターン延長 / 100%で毒1スタック (1スタックにつき最大HPの10%、最大5スタック、4ターン)"
"imp","インプ","★3","S3","imp_s3_dark","サイレントカース","DARK","DARK","levelOverrides","false","5","ALL_ENEMIES","4","ダメージ倍率 2.40倍 / 85%で敵の全スキルのクールタイムを1ターン延長 / 100%で毒1スタック (1スタックにつき最大HPの10%、最大5スタック、5ターン)"
"wisp","ウィスプ","★3","S1","wisp_s1","ほのかなともしび","FIRE|GRASS|ELECTRIC|WATER|LIGHT|DARK","","levelOverrides","false","1","SINGLE_ENEMY","0","ダメージ倍率 0.80倍 / 味方全体の防御力+30% (1ターン)"
"wisp","ウィスプ","★3","S1","wisp_s1","ほのかなともしび","FIRE|GRASS|ELECTRIC|WATER|LIGHT|DARK","","levelOverrides","false","2","SINGLE_ENEMY","0","ダメージ倍率 0.90倍 / 味方全体の防御力+30% (1ターン) / 自身の行動ゲージ+10%"
"wisp","ウィスプ","★3","S1","wisp_s1","ほのかなともしび","FIRE|GRASS|ELECTRIC|WATER|LIGHT|DARK","","levelOverrides","false","3","SINGLE_ENEMY","0","ダメージ倍率 1.00倍 / 味方全体の防御力+30% (1ターン) / 自身の行動ゲージ+20%"
"wisp","ウィスプ","★3","S1","wisp_s1","ほのかなともしび","FIRE|GRASS|ELECTRIC|WATER|LIGHT|DARK","","levelOverrides","false","4","SINGLE_ENEMY","0","ダメージ倍率 1.00倍 / 味方全体の防御力+30% (1ターン) / 自身の行動ゲージ+20%"
"wisp","ウィスプ","★3","S1","wisp_s1","ほのかなともしび","FIRE|GRASS|ELECTRIC|WATER|LIGHT|DARK","","levelOverrides","false","5","SINGLE_ENEMY","0","ダメージ倍率 1.00倍 / 味方全体の防御力+30% (2ターン) / 自身の行動ゲージ+20%"
"wisp","ウィスプ","★3","S2","wisp_s2_a","まもりのりんこう","FIRE|WATER","","levelOverrides","false","1","ALL_ALLIES","5","シールド 最大HPの20% (3ターン、ダメージを肩代わり) / デバフを解除"
"wisp","ウィスプ","★3","S2","wisp_s2_a","まもりのりんこう","FIRE|WATER","","levelOverrides","false","2","ALL_ALLIES","5","シールド 最大HPの22% (3ターン、ダメージを肩代わり) / デバフを解除"
"wisp","ウィスプ","★3","S2","wisp_s2_a","まもりのりんこう","FIRE|WATER","","levelOverrides","false","3","ALL_ALLIES","5","シールド 最大HPの22% (3ターン、ダメージを肩代わり) / デバフを解除 / 行動ゲージ+10%"
"wisp","ウィスプ","★3","S2","wisp_s2_a","まもりのりんこう","FIRE|WATER","","levelOverrides","false","4","ALL_ALLIES","5","シールド 最大HPの25% (3ターン、ダメージを肩代わり) / デバフを解除 / 行動ゲージ+10%"
"wisp","ウィスプ","★3","S2","wisp_s2_a","まもりのりんこう","FIRE|WATER","","levelOverrides","false","5","ALL_ALLIES","4","シールド 最大HPの25% (4ターン、ダメージを肩代わり) / デバフを解除 / 行動ゲージ+10%"
"wisp","ウィスプ","★3","S2","wisp_s2_b","かそくのりんこう","GRASS|LIGHT","","levelOverrides","false","1","ALL_ALLIES","4","速度+20% (2ターン) / 行動ゲージ+25%"
"wisp","ウィスプ","★3","S2","wisp_s2_b","かそくのりんこう","GRASS|LIGHT","","levelOverrides","false","2","ALL_ALLIES","4","速度+20% (2ターン) / 行動ゲージ+30%"
"wisp","ウィスプ","★3","S2","wisp_s2_b","かそくのりんこう","GRASS|LIGHT","","levelOverrides","false","3","ALL_ALLIES","4","速度+20% (2ターン) / 行動ゲージ+30%"
"wisp","ウィスプ","★3","S2","wisp_s2_b","かそくのりんこう","GRASS|LIGHT","","levelOverrides","false","4","ALL_ALLIES","4","速度+20% (2ターン) / 行動ゲージ+30%"
"wisp","ウィスプ","★3","S2","wisp_s2_b","かそくのりんこう","GRASS|LIGHT","","levelOverrides","false","5","ALL_ALLIES","3","速度+20% (3ターン) / 行動ゲージ+30%"
"wisp","ウィスプ","★3","S2","wisp_s2_c","いやしのりんこう","ELECTRIC|DARK","","levelOverrides","false","1","ALL_ALLIES","4","回復 最大HPの18.0% / 継続回復 最大HPの8.0% (2ターン、自身のターン開始時)"
"wisp","ウィスプ","★3","S2","wisp_s2_c","いやしのりんこう","ELECTRIC|DARK","","levelOverrides","false","2","ALL_ALLIES","4","回復 最大HPの20.0% / 継続回復 最大HPの8.0% (2ターン、自身のターン開始時)"
"wisp","ウィスプ","★3","S2","wisp_s2_c","いやしのりんこう","ELECTRIC|DARK","","levelOverrides","false","3","ALL_ALLIES","4","回復 最大HPの20.0% / 継続回復 最大HPの10.0% (2ターン、自身のターン開始時)"
"wisp","ウィスプ","★3","S2","wisp_s2_c","いやしのりんこう","ELECTRIC|DARK","","levelOverrides","false","4","ALL_ALLIES","4","回復 最大HPの22.0% / 継続回復 最大HPの10.0% (2ターン、自身のターン開始時)"
"wisp","ウィスプ","★3","S2","wisp_s2_c","いやしのりんこう","ELECTRIC|DARK","","levelOverrides","false","5","ALL_ALLIES","3","回復 最大HPの22.0% / 継続回復 最大HPの10.0% (3ターン、自身のターン開始時)"
"wisp","ウィスプ","★3","S3","wisp_s3_a","ほしくずのわ","FIRE","","levelOverrides","false","1","ALL_ALLIES","4","攻撃力+30% (2ターン) / クリ率+20% (2ターン) / クリダメ+30% (2ターン) / 行動ゲージ+10%"
"wisp","ウィスプ","★3","S3","wisp_s3_a","ほしくずのわ","FIRE","","levelOverrides","false","2","ALL_ALLIES","4","攻撃力+30% (2ターン) / クリ率+20% (2ターン) / クリダメ+30% (2ターン) / 行動ゲージ+15%"
"wisp","ウィスプ","★3","S3","wisp_s3_a","ほしくずのわ","FIRE","","levelOverrides","false","3","ALL_ALLIES","4","攻撃力+30% (2ターン) / クリ率+20% (2ターン) / クリダメ+30% (2ターン) / 行動ゲージ+20%"
"wisp","ウィスプ","★3","S3","wisp_s3_a","ほしくずのわ","FIRE","","levelOverrides","false","4","ALL_ALLIES","4","攻撃力+30% (2ターン) / クリ率+20% (2ターン) / クリダメ+30% (2ターン) / 行動ゲージ+20%"
"wisp","ウィスプ","★3","S3","wisp_s3_a","ほしくずのわ","FIRE","","levelOverrides","false","5","ALL_ALLIES","3","攻撃力+30% (3ターン) / クリ率+20% (3ターン) / クリダメ+30% (2ターン) / 行動ゲージ+20%"
"wisp","ウィスプ","★3","S3","wisp_s3_b","じょうかのひかり","GRASS|WATER","","levelOverrides","false","1","ALL_ALLIES","6","回復 最大HPの30.0% / 状態異常無効 (2ターン) / デバフを解除"
"wisp","ウィスプ","★3","S3","wisp_s3_b","じょうかのひかり","GRASS|WATER","","levelOverrides","false","2","ALL_ALLIES","6","回復 最大HPの35.0% / 状態異常無効 (2ターン) / デバフを解除"
"wisp","ウィスプ","★3","S3","wisp_s3_b","じょうかのひかり","GRASS|WATER","","levelOverrides","false","3","ALL_ALLIES","6","回復 最大HPの35.0% / 状態異常無効 (2ターン) / デバフを解除 / 行動ゲージ+15%"
"wisp","ウィスプ","★3","S3","wisp_s3_b","じょうかのひかり","GRASS|WATER","","levelOverrides","false","4","ALL_ALLIES","6","回復 最大HPの40.0% / 状態異常無効 (2ターン) / デバフを解除 / 行動ゲージ+15%"
"wisp","ウィスプ","★3","S3","wisp_s3_b","じょうかのひかり","GRASS|WATER","","levelOverrides","false","5","ALL_ALLIES","5","回復 最大HPの40.0% / 状態異常無効 (3ターン) / デバフを解除 / 行動ゲージ+15%"
"wisp","ウィスプ","★3","S3","wisp_s3_c","ときわたりのひかり","ELECTRIC","","generic","true","1","SINGLE_ALLY","4","行動ゲージ+80% / 速度+20% (2ターン)"
"wisp","ウィスプ","★3","S3","wisp_s3_c","ときわたりのひかり","ELECTRIC","","generic","true","2","SINGLE_ALLY","4","行動ゲージ+85% / 速度+20% (2ターン)"
"wisp","ウィスプ","★3","S3","wisp_s3_c","ときわたりのひかり","ELECTRIC","","generic","true","3","SINGLE_ALLY","4","行動ゲージ+90% / 速度+20% (2ターン)"
"wisp","ウィスプ","★3","S3","wisp_s3_c","ときわたりのひかり","ELECTRIC","","generic","true","4","SINGLE_ALLY","4","行動ゲージ+94% / 速度+20% (2ターン)"
"wisp","ウィスプ","★3","S3","wisp_s3_c","ときわたりのひかり","ELECTRIC","","generic","true","5","SINGLE_ALLY","3","行動ゲージ+100% / 速度+20% (3ターン)"
"wisp","ウィスプ","★3","S3","wisp_s3_light","ラディアントブレッシング","LIGHT","LIGHT","levelOverrides","false","1","ALL_ALLIES","6","攻撃力+30% (3ターン) / クリ率+20% (3ターン) / 行動ゲージ+25% / クリダメ+30% (3ターン)"
"wisp","ウィスプ","★3","S3","wisp_s3_light","ラディアントブレッシング","LIGHT","LIGHT","levelOverrides","false","2","ALL_ALLIES","6","攻撃力+30% (3ターン) / クリ率+20% (3ターン) / 行動ゲージ+30% / クリダメ+30% (3ターン)"
"wisp","ウィスプ","★3","S3","wisp_s3_light","ラディアントブレッシング","LIGHT","LIGHT","levelOverrides","false","3","ALL_ALLIES","6","攻撃力+30% (3ターン) / クリ率+20% (3ターン) / 行動ゲージ+35% / クリダメ+30% (3ターン)"
"wisp","ウィスプ","★3","S3","wisp_s3_light","ラディアントブレッシング","LIGHT","LIGHT","levelOverrides","false","4","ALL_ALLIES","6","攻撃力+30% (3ターン) / クリ率+20% (3ターン) / 行動ゲージ+40% / クリダメ+30% (3ターン)"
"wisp","ウィスプ","★3","S3","wisp_s3_light","ラディアントブレッシング","LIGHT","LIGHT","levelOverrides","false","5","ALL_ALLIES","5","攻撃力+30% (4ターン) / クリ率+20% (4ターン) / 行動ゲージ+40% / クリダメ+30% (3ターン)"
"wisp","ウィスプ","★3","S3","wisp_s3_dark","ヴォイドシフト","DARK","DARK","levelOverrides","false","1","SINGLE_ALLY","3","行動ゲージ+100% / 攻撃力+30% (2ターン) / 自身の行動ゲージ+20%"
"wisp","ウィスプ","★3","S3","wisp_s3_dark","ヴォイドシフト","DARK","DARK","levelOverrides","false","2","SINGLE_ALLY","3","行動ゲージ+100% / 攻撃力+30% (2ターン) / 自身の行動ゲージ+25%"
"wisp","ウィスプ","★3","S3","wisp_s3_dark","ヴォイドシフト","DARK","DARK","levelOverrides","false","3","SINGLE_ALLY","3","行動ゲージ+100% / 攻撃力+30% (2ターン) / 自身の行動ゲージ+30%"
"wisp","ウィスプ","★3","S3","wisp_s3_dark","ヴォイドシフト","DARK","DARK","levelOverrides","false","4","SINGLE_ALLY","3","行動ゲージ+100% / 攻撃力+30% (2ターン) / 自身の行動ゲージ+40%"
"wisp","ウィスプ","★3","S3","wisp_s3_dark","ヴォイドシフト","DARK","DARK","levelOverrides","false","5","SINGLE_ALLY","2","行動ゲージ+100% / 攻撃力+30% (2ターン) / 自身の行動ゲージ+40%"
"treant","トレント","★3","S1","treant_s1","えだのひとふり","FIRE|GRASS|ELECTRIC|WATER|LIGHT|DARK","","levelOverrides","false","1","SINGLE_ENEMY","0","ダメージ倍率 0.60倍(最大HPの7.5%を加算)"
"treant","トレント","★3","S1","treant_s1","えだのひとふり","FIRE|GRASS|ELECTRIC|WATER|LIGHT|DARK","","levelOverrides","false","2","SINGLE_ENEMY","0","ダメージ倍率 0.65倍(最大HPの8%を加算)"
"treant","トレント","★3","S1","treant_s1","えだのひとふり","FIRE|GRASS|ELECTRIC|WATER|LIGHT|DARK","","levelOverrides","false","3","SINGLE_ENEMY","0","ダメージ倍率 0.70倍(最大HPの8.5%を加算)"
"treant","トレント","★3","S1","treant_s1","えだのひとふり","FIRE|GRASS|ELECTRIC|WATER|LIGHT|DARK","","levelOverrides","false","4","SINGLE_ENEMY","0","ダメージ倍率 0.75倍(最大HPの9.5%を加算)"
"treant","トレント","★3","S1","treant_s1","えだのひとふり","FIRE|GRASS|ELECTRIC|WATER|LIGHT|DARK","","levelOverrides","false","5","SINGLE_ENEMY","0","ダメージ倍率 0.75倍(最大HPの10.5%を加算)"
"treant","トレント","★3","S2","treant_s2_a","からみつくねっこ","FIRE|WATER","","levelOverrides","false","1","ALL_ENEMIES","4","ダメージ倍率 0.70倍(最大HPの7.5%を加算) / 50%でスタン (1ターン)"
"treant","トレント","★3","S2","treant_s2_a","からみつくねっこ","FIRE|WATER","","levelOverrides","false","2","ALL_ENEMIES","4","ダメージ倍率 0.75倍(最大HPの8.5%を加算) / 50%でスタン (1ターン)"
"treant","トレント","★3","S2","treant_s2_a","からみつくねっこ","FIRE|WATER","","levelOverrides","false","3","ALL_ENEMIES","4","ダメージ倍率 0.80倍(最大HPの8.5%を加算) / 60%でスタン (1ターン)"
"treant","トレント","★3","S2","treant_s2_a","からみつくねっこ","FIRE|WATER","","levelOverrides","false","4","ALL_ENEMIES","4","ダメージ倍率 0.85倍(最大HPの10%を加算) / 60%でスタン (1ターン)"
"treant","トレント","★3","S2","treant_s2_a","からみつくねっこ","FIRE|WATER","","levelOverrides","false","5","ALL_ENEMIES","3","ダメージ倍率 0.85倍(最大HPの10%を加算) / 60%でスタン (1ターン)"
"treant","トレント","★3","S2","treant_s2_b","ねづよいかまえ","GRASS|LIGHT","","levelOverrides","false","1","SELF","4","防御力+30% (3ターン) / シールド 最大HPの25% (3ターン、ダメージを肩代わり) / デバフを解除"
"treant","トレント","★3","S2","treant_s2_b","ねづよいかまえ","GRASS|LIGHT","","levelOverrides","false","2","SELF","4","防御力+30% (3ターン) / シールド 最大HPの30% (3ターン、ダメージを肩代わり) / デバフを解除"
"treant","トレント","★3","S2","treant_s2_b","ねづよいかまえ","GRASS|LIGHT","","levelOverrides","false","3","SELF","4","防御力+30% (3ターン) / シールド 最大HPの30% (3ターン、ダメージを肩代わり) / デバフを解除 / 自身の行動ゲージ+20%"
"treant","トレント","★3","S2","treant_s2_b","ねづよいかまえ","GRASS|LIGHT","","levelOverrides","false","4","SELF","4","防御力+30% (3ターン) / シールド 最大HPの35% (3ターン、ダメージを肩代わり) / デバフを解除 / 自身の行動ゲージ+20%"
"treant","トレント","★3","S2","treant_s2_b","ねづよいかまえ","GRASS|LIGHT","","levelOverrides","false","5","SELF","3","防御力+30% (4ターン) / シールド 最大HPの35% (4ターン、ダメージを肩代わり) / デバフを解除 / 自身の行動ゲージ+20%"
"treant","トレント","★3","S2","treant_s2_c","ようぶんきゅうしゅう","ELECTRIC|DARK","","levelOverrides","false","1","SINGLE_ENEMY","3","ダメージ倍率 0.90倍(最大HPの10%を加算) / 与えたダメージの50%を自身が回復 (自身の最大HPの30%まで)"
"treant","トレント","★3","S2","treant_s2_c","ようぶんきゅうしゅう","ELECTRIC|DARK","","levelOverrides","false","2","SINGLE_ENEMY","3","ダメージ倍率 0.95倍(最大HPの11%を加算) / 与えたダメージの50%を自身が回復 (自身の最大HPの30%まで)"
"treant","トレント","★3","S2","treant_s2_c","ようぶんきゅうしゅう","ELECTRIC|DARK","","levelOverrides","false","3","SINGLE_ENEMY","3","ダメージ倍率 1.05倍(最大HPの11%を加算) / 与えたダメージの60%を自身が回復 (自身の最大HPの30%まで)"
"treant","トレント","★3","S2","treant_s2_c","ようぶんきゅうしゅう","ELECTRIC|DARK","","levelOverrides","false","4","SINGLE_ENEMY","3","ダメージ倍率 1.10倍(最大HPの13%を加算) / 与えたダメージの60%を自身が回復 (自身の最大HPの30%まで)"
"treant","トレント","★3","S2","treant_s2_c","ようぶんきゅうしゅう","ELECTRIC|DARK","","levelOverrides","false","5","SINGLE_ENEMY","2","ダメージ倍率 1.50倍(最大HPの13%を加算) / 与えたダメージの60%を自身が回復 (自身の最大HPの30%まで)"
"treant","トレント","★3","S3","treant_s3_a","もりのゆりかご","FIRE","","levelOverrides","false","1","ALL_ALLIES","5","回復 最大HPの20.0% / 継続回復 最大HPの10.0% (3ターン、自身のターン開始時) / シールド 最大HPの15% (3ターン、ダメージを肩代わり)"
"treant","トレント","★3","S3","treant_s3_a","もりのゆりかご","FIRE","","levelOverrides","false","2","ALL_ALLIES","5","回復 最大HPの23.0% / 継続回復 最大HPの10.0% (3ターン、自身のターン開始時) / シールド 最大HPの15% (3ターン、ダメージを肩代わり)"
"treant","トレント","★3","S3","treant_s3_a","もりのゆりかご","FIRE","","levelOverrides","false","3","ALL_ALLIES","5","回復 最大HPの23.0% / 継続回復 最大HPの12.0% (3ターン、自身のターン開始時) / シールド 最大HPの15% (3ターン、ダメージを肩代わり)"
"treant","トレント","★3","S3","treant_s3_a","もりのゆりかご","FIRE","","levelOverrides","false","4","ALL_ALLIES","5","回復 最大HPの23.0% / 継続回復 最大HPの12.0% (3ターン、自身のターン開始時) / シールド 最大HPの20% (3ターン、ダメージを肩代わり)"
"treant","トレント","★3","S3","treant_s3_a","もりのゆりかご","FIRE","","levelOverrides","false","5","ALL_ALLIES","4","回復 最大HPの23.0% / 継続回復 最大HPの12.0% (4ターン、自身のターン開始時) / シールド 最大HPの20% (3ターン、ダメージを肩代わり)"
"treant","トレント","★3","S3","treant_s3_b","たいじゅのいかり","GRASS|WATER","","levelOverrides","false","1","ALL_ENEMIES","4","ダメージ倍率 0.80倍(最大HPの11%を加算) / 70%で速度-30% (2ターン)"
"treant","トレント","★3","S3","treant_s3_b","たいじゅのいかり","GRASS|WATER","","levelOverrides","false","2","ALL_ENEMIES","4","ダメージ倍率 0.85倍(最大HPの12%を加算) / 70%で速度-30% (2ターン)"
"treant","トレント","★3","S3","treant_s3_b","たいじゅのいかり","GRASS|WATER","","levelOverrides","false","3","ALL_ENEMIES","4","ダメージ倍率 0.90倍(最大HPの12%を加算) / 85%で速度-30% (2ターン)"
"treant","トレント","★3","S3","treant_s3_b","たいじゅのいかり","GRASS|WATER","","levelOverrides","false","4","ALL_ENEMIES","4","ダメージ倍率 0.95倍(最大HPの14%を加算) / 85%で速度-30% (2ターン)"
"treant","トレント","★3","S3","treant_s3_b","たいじゅのいかり","GRASS|WATER","","levelOverrides","false","5","ALL_ENEMIES","3","ダメージ倍率 0.95倍(最大HPの14%を加算) / 85%で速度-30% (3ターン)"
"treant","トレント","★3","S3","treant_s3_c","だいちのとりで","ELECTRIC","","levelOverrides","false","1","ALL_ALLIES","5","シールド 最大HPの25% (3ターン、ダメージを肩代わり) / 状態異常無効 (2ターン) / 防御力+30% (2ターン)"
"treant","トレント","★3","S3","treant_s3_c","だいちのとりで","ELECTRIC","","levelOverrides","false","2","ALL_ALLIES","5","シールド 最大HPの28% (3ターン、ダメージを肩代わり) / 状態異常無効 (2ターン) / 防御力+30% (2ターン)"
"treant","トレント","★3","S3","treant_s3_c","だいちのとりで","ELECTRIC","","levelOverrides","false","3","ALL_ALLIES","5","シールド 最大HPの30% (3ターン、ダメージを肩代わり) / 状態異常無効 (2ターン) / 防御力+30% (2ターン)"
"treant","トレント","★3","S3","treant_s3_c","だいちのとりで","ELECTRIC","","levelOverrides","false","4","ALL_ALLIES","5","シールド 最大HPの35% (3ターン、ダメージを肩代わり) / 状態異常無効 (2ターン) / 防御力+30% (2ターン)"
"treant","トレント","★3","S3","treant_s3_c","だいちのとりで","ELECTRIC","","levelOverrides","false","5","ALL_ALLIES","4","シールド 最大HPの35% (4ターン、ダメージを肩代わり) / 状態異常無効 (3ターン) / 防御力+30% (2ターン)"
"treant","トレント","★3","S3","treant_s3_light","ワールドツリー","LIGHT","LIGHT","levelOverrides","false","1","ALL_ALLIES","5","回復 最大HPの25.0% / 継続回復 最大HPの10.0% (4ターン、自身のターン開始時) / デバフを解除"
"treant","トレント","★3","S3","treant_s3_light","ワールドツリー","LIGHT","LIGHT","levelOverrides","false","2","ALL_ALLIES","5","回復 最大HPの28.0% / 継続回復 最大HPの11.0% (4ターン、自身のターン開始時) / デバフを解除"
"treant","トレント","★3","S3","treant_s3_light","ワールドツリー","LIGHT","LIGHT","levelOverrides","false","3","ALL_ALLIES","5","回復 最大HPの28.0% / 継続回復 最大HPの12.0% (4ターン、自身のターン開始時) / デバフを解除"
"treant","トレント","★3","S3","treant_s3_light","ワールドツリー","LIGHT","LIGHT","levelOverrides","false","4","ALL_ALLIES","5","回復 最大HPの32.0% / 継続回復 最大HPの12.0% (4ターン、自身のターン開始時) / デバフを解除"
"treant","トレント","★3","S3","treant_s3_light","ワールドツリー","LIGHT","LIGHT","levelOverrides","false","5","ALL_ALLIES","4","回復 最大HPの32.0% / 継続回復 最大HPの12.0% (5ターン、自身のターン開始時) / デバフを解除"
"treant","トレント","★3","S3","treant_s3_dark","ソウルルート","DARK","DARK","levelOverrides","false","1","ALL_ENEMIES","4","ダメージ倍率 2.00倍(最大HPの13%を加算) / 与えたダメージの40%を自身が回復 / 60%で速度-30% (2ターン) / 味方全体を回復 最大HPの15.0% / 味方全体の防御力+30% (3ターン)"
"treant","トレント","★3","S3","treant_s3_dark","ソウルルート","DARK","DARK","levelOverrides","false","2","ALL_ENEMIES","4","ダメージ倍率 2.15倍(最大HPの15%を加算) / 与えたダメージの43%を自身が回復 / 65%で速度-30% (2ターン) / 味方全体を回復 最大HPの16.0% / 味方全体の防御力+30% (3ターン)"
"treant","トレント","★3","S3","treant_s3_dark","ソウルルート","DARK","DARK","levelOverrides","false","3","ALL_ENEMIES","4","ダメージ倍率 2.25倍(最大HPの15%を加算) / 与えたダメージの50%を自身が回復 / 75%で速度-30% (2ターン) / 味方全体を回復 最大HPの17.0% / 味方全体の防御力+30% (3ターン)"
"treant","トレント","★3","S3","treant_s3_dark","ソウルルート","DARK","DARK","levelOverrides","false","4","ALL_ENEMIES","4","ダメージ倍率 2.40倍(最大HPの18%を加算) / 与えたダメージの50%を自身が回復 / 75%で速度-30% (2ターン) / 味方全体を回復 最大HPの20.0% / 味方全体の防御力+30% (3ターン)"
"treant","トレント","★3","S3","treant_s3_dark","ソウルルート","DARK","DARK","levelOverrides","false","5","ALL_ENEMIES","3","ダメージ倍率 2.40倍(最大HPの18%を加算) / 与えたダメージの50%を自身が回復 / 75%で速度-30% (3ターン) / 味方全体を回復 最大HPの20.0% / 味方全体の防御力+30% (4ターン)"
"knight","グレイヴナイト","★3","S1","knight_s1","なぎはらい","FIRE|GRASS|ELECTRIC|WATER|LIGHT|DARK","","levelOverrides","false","1","SINGLE_ENEMY","0","ダメージ倍率 1.00倍(防御力の90%を加算)"
"knight","グレイヴナイト","★3","S1","knight_s1","なぎはらい","FIRE|GRASS|ELECTRIC|WATER|LIGHT|DARK","","levelOverrides","false","2","SINGLE_ENEMY","0","ダメージ倍率 1.10倍(防御力の100%を加算)"
"knight","グレイヴナイト","★3","S1","knight_s1","なぎはらい","FIRE|GRASS|ELECTRIC|WATER|LIGHT|DARK","","levelOverrides","false","3","SINGLE_ENEMY","0","ダメージ倍率 1.15倍(防御力の110%を加算)"
"knight","グレイヴナイト","★3","S1","knight_s1","なぎはらい","FIRE|GRASS|ELECTRIC|WATER|LIGHT|DARK","","levelOverrides","false","4","SINGLE_ENEMY","0","ダメージ倍率 1.20倍(防御力の120%を加算)"
"knight","グレイヴナイト","★3","S1","knight_s1","なぎはらい","FIRE|GRASS|ELECTRIC|WATER|LIGHT|DARK","","levelOverrides","false","5","SINGLE_ENEMY","0","ダメージ倍率 1.25倍(防御力の120%を加算)"
"knight","グレイヴナイト","★3","S2","knight_s2_a","かぶとわり","FIRE|WATER","","levelOverrides","false","1","SINGLE_ENEMY","3","ダメージ倍率 1.60倍 / 70%で防御力-75% (2ターン)"
"knight","グレイヴナイト","★3","S2","knight_s2_a","かぶとわり","FIRE|WATER","","levelOverrides","false","2","SINGLE_ENEMY","3","ダメージ倍率 1.75倍 / 70%で防御力-75% (2ターン)"
"knight","グレイヴナイト","★3","S2","knight_s2_a","かぶとわり","FIRE|WATER","","levelOverrides","false","3","SINGLE_ENEMY","3","ダメージ倍率 1.75倍 / 85%で防御力-75% (2ターン)"
"knight","グレイヴナイト","★3","S2","knight_s2_a","かぶとわり","FIRE|WATER","","levelOverrides","false","4","SINGLE_ENEMY","3","ダメージ倍率 1.90倍 / 85%で防御力-75% (2ターン)"
"knight","グレイヴナイト","★3","S2","knight_s2_a","かぶとわり","FIRE|WATER","","levelOverrides","false","5","SINGLE_ENEMY","2","ダメージ倍率 1.90倍 / 85%で防御力-75% (3ターン)"
"knight","グレイヴナイト","★3","S2","knight_s2_b","たてうけ","GRASS|LIGHT","","levelOverrides","false","1","ALL_ALLIES","4","デバフを解除 / 自身の防御力+30% (3ターン) / シールド 最大HPの10% (2ターン、ダメージを肩代わり)"
"knight","グレイヴナイト","★3","S2","knight_s2_b","たてうけ","GRASS|LIGHT","","levelOverrides","false","2","ALL_ALLIES","4","デバフを解除 / 自身の防御力+30% (3ターン) / シールド 最大HPの12% (2ターン、ダメージを肩代わり)"
"knight","グレイヴナイト","★3","S2","knight_s2_b","たてうけ","GRASS|LIGHT","","levelOverrides","false","3","ALL_ALLIES","4","デバフを解除 / 自身の防御力+30% (3ターン) / シールド 最大HPの15% (2ターン、ダメージを肩代わり)"
"knight","グレイヴナイト","★3","S2","knight_s2_b","たてうけ","GRASS|LIGHT","","levelOverrides","false","4","ALL_ALLIES","4","デバフを解除 / 自身の防御力+30% (3ターン) / シールド 最大HPの18% (2ターン、ダメージを肩代わり)"
"knight","グレイヴナイト","★3","S2","knight_s2_b","たてうけ","GRASS|LIGHT","","levelOverrides","false","5","ALL_ALLIES","3","デバフを解除 / 自身の防御力+30% (4ターン) / シールド 最大HPの18% (2ターン、ダメージを肩代わり)"
"knight","グレイヴナイト","★3","S2","knight_s2_c","れんげき","ELECTRIC|DARK","","levelOverrides","false","1","SINGLE_ENEMY","3","ダメージ倍率 0.75倍 × 3回。各ヒットごとに: 25%で防御力-75% (2ターン)"
"knight","グレイヴナイト","★3","S2","knight_s2_c","れんげき","ELECTRIC|DARK","","levelOverrides","false","2","SINGLE_ENEMY","3","ダメージ倍率 0.80倍 × 3回。各ヒットごとに: 25%で防御力-75% (2ターン)"
"knight","グレイヴナイト","★3","S2","knight_s2_c","れんげき","ELECTRIC|DARK","","levelOverrides","false","3","SINGLE_ENEMY","3","ダメージ倍率 0.80倍 × 3回。各ヒットごとに: 35%で防御力-75% (2ターン)"
"knight","グレイヴナイト","★3","S2","knight_s2_c","れんげき","ELECTRIC|DARK","","levelOverrides","false","4","SINGLE_ENEMY","3","ダメージ倍率 0.90倍 × 3回。各ヒットごとに: 35%で防御力-75% (2ターン)"
"knight","グレイヴナイト","★3","S2","knight_s2_c","れんげき","ELECTRIC|DARK","","levelOverrides","false","5","SINGLE_ENEMY","2","ダメージ倍率 0.90倍 × 3回。各ヒットごとに: 35%で防御力-75% (2ターン)"
"knight","グレイヴナイト","★3","S3","knight_s3_a","しんげきのごうれい","FIRE","","levelOverrides","false","1","SINGLE_ENEMY","4","ダメージ倍率 2.00倍 / 味方全体の攻撃力+30% (2ターン) / 味方全体の行動ゲージ+15%"
"knight","グレイヴナイト","★3","S3","knight_s3_a","しんげきのごうれい","FIRE","","levelOverrides","false","2","SINGLE_ENEMY","4","ダメージ倍率 2.20倍 / 味方全体の攻撃力+30% (2ターン) / 味方全体の行動ゲージ+20%"
"knight","グレイヴナイト","★3","S3","knight_s3_a","しんげきのごうれい","FIRE","","levelOverrides","false","3","SINGLE_ENEMY","4","ダメージ倍率 2.40倍 / 味方全体の攻撃力+30% (2ターン) / 味方全体の行動ゲージ+25%"
"knight","グレイヴナイト","★3","S3","knight_s3_a","しんげきのごうれい","FIRE","","levelOverrides","false","4","SINGLE_ENEMY","4","ダメージ倍率 2.40倍 / 味方全体の攻撃力+30% (2ターン) / 味方全体の行動ゲージ+25%"
"knight","グレイヴナイト","★3","S3","knight_s3_a","しんげきのごうれい","FIRE","","levelOverrides","false","5","SINGLE_ENEMY","3","ダメージ倍率 2.40倍 / 味方全体の攻撃力+30% (3ターン) / 味方全体の行動ゲージ+25%"
"knight","グレイヴナイト","★3","S3","knight_s3_b","じゅうじざん","GRASS|WATER","","levelOverrides","false","1","ALL_ENEMIES","5","ダメージ倍率 1.50倍 / 60%でスタン (1ターン) / 70%で攻撃力-50% (2ターン)"
"knight","グレイヴナイト","★3","S3","knight_s3_b","じゅうじざん","GRASS|WATER","","levelOverrides","false","2","ALL_ENEMIES","5","ダメージ倍率 1.65倍 / 65%でスタン (1ターン) / 70%で攻撃力-50% (2ターン)"
"knight","グレイヴナイト","★3","S3","knight_s3_b","じゅうじざん","GRASS|WATER","","levelOverrides","false","3","ALL_ENEMIES","5","ダメージ倍率 1.70倍 / 70%でスタン (1ターン) / 70%で攻撃力-50% (2ターン)"
"knight","グレイヴナイト","★3","S3","knight_s3_b","じゅうじざん","GRASS|WATER","","levelOverrides","false","4","ALL_ENEMIES","5","ダメージ倍率 1.80倍 / 75%でスタン (1ターン) / 85%で攻撃力-50% (2ターン)"
"knight","グレイヴナイト","★3","S3","knight_s3_b","じゅうじざん","GRASS|WATER","","levelOverrides","false","5","ALL_ENEMIES","4","ダメージ倍率 1.80倍 / 75%でスタン (1ターン) / 85%で攻撃力-50% (2ターン)"
"knight","グレイヴナイト","★3","S3","knight_s3_c","きしのちかい","ELECTRIC","","levelOverrides","false","1","ALL_ALLIES","5","シールド 最大HPの20% (3ターン、ダメージを肩代わり) / 防御力+30% (2ターン) / クリ率+20% (2ターン)"
"knight","グレイヴナイト","★3","S3","knight_s3_c","きしのちかい","ELECTRIC","","levelOverrides","false","2","ALL_ALLIES","5","シールド 最大HPの23% (3ターン、ダメージを肩代わり) / 防御力+30% (2ターン) / クリ率+20% (2ターン)"
"knight","グレイヴナイト","★3","S3","knight_s3_c","きしのちかい","ELECTRIC","","levelOverrides","false","3","ALL_ALLIES","5","シールド 最大HPの25% (3ターン、ダメージを肩代わり) / 防御力+30% (2ターン) / クリ率+20% (2ターン)"
"knight","グレイヴナイト","★3","S3","knight_s3_c","きしのちかい","ELECTRIC","","levelOverrides","false","4","ALL_ALLIES","5","シールド 最大HPの30% (3ターン、ダメージを肩代わり) / 防御力+30% (2ターン) / クリ率+20% (2ターン)"
"knight","グレイヴナイト","★3","S3","knight_s3_c","きしのちかい","ELECTRIC","","levelOverrides","false","5","ALL_ALLIES","4","シールド 最大HPの30% (4ターン、ダメージを肩代わり) / 防御力+30% (3ターン) / クリ率+20% (3ターン)"
"knight","グレイヴナイト","★3","S3","knight_s3_light","セイクリッドオーダー","LIGHT","LIGHT","levelOverrides","false","1","ALL_ALLIES","5","攻撃力+30% (3ターン) / 防御力+30% (3ターン) / シールド 最大HPの20% (3ターン、ダメージを肩代わり) / 行動ゲージ+15% / 敵全体に85%で暗闇 (2ターン、攻撃時50%でダメージ-75%・追加効果なし)"
"knight","グレイヴナイト","★3","S3","knight_s3_light","セイクリッドオーダー","LIGHT","LIGHT","levelOverrides","false","2","ALL_ALLIES","5","攻撃力+30% (3ターン) / 防御力+30% (3ターン) / シールド 最大HPの23% (3ターン、ダメージを肩代わり) / 行動ゲージ+15% / 敵全体に85%で暗闇 (2ターン、攻撃時50%でダメージ-75%・追加効果なし)"
"knight","グレイヴナイト","★3","S3","knight_s3_light","セイクリッドオーダー","LIGHT","LIGHT","levelOverrides","false","3","ALL_ALLIES","5","攻撃力+30% (3ターン) / 防御力+30% (3ターン) / シールド 最大HPの25% (3ターン、ダメージを肩代わり) / 行動ゲージ+15% / 敵全体に85%で暗闇 (2ターン、攻撃時50%でダメージ-75%・追加効果なし)"
"knight","グレイヴナイト","★3","S3","knight_s3_light","セイクリッドオーダー","LIGHT","LIGHT","levelOverrides","false","4","ALL_ALLIES","5","攻撃力+30% (3ターン) / 防御力+30% (3ターン) / シールド 最大HPの25% (3ターン、ダメージを肩代わり) / 行動ゲージ+20% / 敵全体に85%で暗闇 (2ターン、攻撃時50%でダメージ-75%・追加効果なし)"
"knight","グレイヴナイト","★3","S3","knight_s3_light","セイクリッドオーダー","LIGHT","LIGHT","levelOverrides","false","5","ALL_ALLIES","4","攻撃力+30% (4ターン) / 防御力+30% (4ターン) / シールド 最大HPの25% (4ターン、ダメージを肩代わり) / 行動ゲージ+20% / 敵全体に85%で暗闇 (2ターン、攻撃時50%でダメージ-75%・追加効果なし)"
"knight","グレイヴナイト","★3","S3","knight_s3_dark","ブラッドエッジ","DARK","DARK","levelOverrides","false","1","ALL_ENEMIES","5","ダメージ倍率 2.10倍 / 70%でスタン (1ターン) / 与えたダメージの35%を自身が回復"
"knight","グレイヴナイト","★3","S3","knight_s3_dark","ブラッドエッジ","DARK","DARK","levelOverrides","false","2","ALL_ENEMIES","5","ダメージ倍率 2.30倍 / 70%でスタン (1ターン) / 与えたダメージの35%を自身が回復"
"knight","グレイヴナイト","★3","S3","knight_s3_dark","ブラッドエッジ","DARK","DARK","levelOverrides","false","3","ALL_ENEMIES","5","ダメージ倍率 2.30倍 / 80%でスタン (1ターン) / 与えたダメージの35%を自身が回復"
"knight","グレイヴナイト","★3","S3","knight_s3_dark","ブラッドエッジ","DARK","DARK","levelOverrides","false","4","ALL_ENEMIES","5","ダメージ倍率 2.50倍 / 80%でスタン (1ターン) / 与えたダメージの50%を自身が回復"
"knight","グレイヴナイト","★3","S3","knight_s3_dark","ブラッドエッジ","DARK","DARK","levelOverrides","false","5","ALL_ENEMIES","4","ダメージ倍率 2.50倍 / 80%でスタン (1ターン) / 与えたダメージの50%を自身が回復"
"griffon","グリフォン","★4","S1","griffon_s1","ついばみ","FIRE|GRASS|ELECTRIC|WATER|LIGHT|DARK","","levelOverrides","false","1","SINGLE_ENEMY","0","ダメージ倍率 1.20倍 / 20%でスタン (1ターン)"
"griffon","グリフォン","★4","S1","griffon_s1","ついばみ","FIRE|GRASS|ELECTRIC|WATER|LIGHT|DARK","","levelOverrides","false","2","SINGLE_ENEMY","0","ダメージ倍率 1.30倍 / 30%でスタン (1ターン)"
"griffon","グリフォン","★4","S1","griffon_s1","ついばみ","FIRE|GRASS|ELECTRIC|WATER|LIGHT|DARK","","levelOverrides","false","3","SINGLE_ENEMY","0","ダメージ倍率 1.40倍 / 40%でスタン (1ターン)"
"griffon","グリフォン","★4","S1","griffon_s1","ついばみ","FIRE|GRASS|ELECTRIC|WATER|LIGHT|DARK","","levelOverrides","false","4","SINGLE_ENEMY","0","ダメージ倍率 1.40倍 / 40%でスタン (1ターン)"
"griffon","グリフォン","★4","S1","griffon_s1","ついばみ","FIRE|GRASS|ELECTRIC|WATER|LIGHT|DARK","","levelOverrides","false","5","SINGLE_ENEMY","0","ダメージ倍率 1.40倍 / 40%でスタン (1ターン)"
"griffon","グリフォン","★4","S2","griffon_s2_a","きりさく突風","FIRE|WATER","","levelOverrides","false","1","ALL_ENEMIES","3","ダメージ倍率 1.30倍 / 30%でスタン (1ターン)"
"griffon","グリフォン","★4","S2","griffon_s2_a","きりさく突風","FIRE|WATER","","levelOverrides","false","2","ALL_ENEMIES","3","ダメージ倍率 1.40倍 / 40%でスタン (1ターン)"
"griffon","グリフォン","★4","S2","griffon_s2_a","きりさく突風","FIRE|WATER","","levelOverrides","false","3","ALL_ENEMIES","3","ダメージ倍率 1.50倍 / 40%でスタン (1ターン)"
"griffon","グリフォン","★4","S2","griffon_s2_a","きりさく突風","FIRE|WATER","","levelOverrides","false","4","ALL_ENEMIES","3","ダメージ倍率 1.50倍 / 40%でスタン (1ターン)"
"griffon","グリフォン","★4","S2","griffon_s2_a","きりさく突風","FIRE|WATER","","levelOverrides","false","5","ALL_ENEMIES","2","ダメージ倍率 1.50倍 / 40%でスタン (1ターン)"
"griffon","グリフォン","★4","S2","griffon_s2_b","はやてづき","GRASS|LIGHT","","levelOverrides","false","1","SINGLE_ENEMY","3","ダメージ倍率 0.95倍 × 2回(自身の速度が高いほど上昇)"
"griffon","グリフォン","★4","S2","griffon_s2_b","はやてづき","GRASS|LIGHT","","levelOverrides","false","2","SINGLE_ENEMY","3","ダメージ倍率 1.05倍 × 2回(自身の速度が高いほど上昇)"
"griffon","グリフォン","★4","S2","griffon_s2_b","はやてづき","GRASS|LIGHT","","levelOverrides","false","3","SINGLE_ENEMY","3","ダメージ倍率 1.10倍 × 2回(自身の速度が高いほど上昇)"
"griffon","グリフォン","★4","S2","griffon_s2_b","はやてづき","GRASS|LIGHT","","levelOverrides","false","4","SINGLE_ENEMY","3","ダメージ倍率 1.15倍 × 2回(自身の速度が高いほど上昇)"
"griffon","グリフォン","★4","S2","griffon_s2_b","はやてづき","GRASS|LIGHT","","levelOverrides","false","5","SINGLE_ENEMY","2","ダメージ倍率 1.15倍 × 2回(自身の速度が高いほど上昇)"
"griffon","グリフォン","★4","S2","griffon_s2_c","ダイブアタック","ELECTRIC|DARK","","levelOverrides","false","1","SINGLE_ENEMY","3","ダメージ倍率 1.80倍 / 80%で速度-30% (2ターン) / 行動ゲージ-20%"
"griffon","グリフォン","★4","S2","griffon_s2_c","ダイブアタック","ELECTRIC|DARK","","levelOverrides","false","2","SINGLE_ENEMY","3","ダメージ倍率 2.00倍 / 90%で速度-30% (2ターン) / 行動ゲージ-20%"
"griffon","グリフォン","★4","S2","griffon_s2_c","ダイブアタック","ELECTRIC|DARK","","levelOverrides","false","3","SINGLE_ENEMY","3","ダメージ倍率 2.20倍 / 90%で速度-30% (2ターン) / 行動ゲージ-30%"
"griffon","グリフォン","★4","S2","griffon_s2_c","ダイブアタック","ELECTRIC|DARK","","levelOverrides","false","4","SINGLE_ENEMY","3","ダメージ倍率 2.20倍 / 90%で速度-30% (2ターン) / 行動ゲージ-30%"
"griffon","グリフォン","★4","S2","griffon_s2_c","ダイブアタック","ELECTRIC|DARK","","levelOverrides","false","5","SINGLE_ENEMY","2","ダメージ倍率 2.20倍 / 90%で速度-30% (3ターン) / 行動ゲージ-30%"
"griffon","グリフォン","★4","S3","griffon_s3_a","嵐の一撃","FIRE","","levelOverrides","false","1","SINGLE_ENEMY","5","ダメージ倍率 3.20倍(自身の速度が高いほど上昇) / 70%でスタン (1ターン)"
"griffon","グリフォン","★4","S3","griffon_s3_a","嵐の一撃","FIRE","","levelOverrides","false","2","SINGLE_ENEMY","5","ダメージ倍率 3.40倍(自身の速度が高いほど上昇) / 80%でスタン (1ターン)"
"griffon","グリフォン","★4","S3","griffon_s3_a","嵐の一撃","FIRE","","levelOverrides","false","3","SINGLE_ENEMY","5","ダメージ倍率 3.70倍(自身の速度が高いほど上昇) / 80%でスタン (1ターン)"
"griffon","グリフォン","★4","S3","griffon_s3_a","嵐の一撃","FIRE","","levelOverrides","false","4","SINGLE_ENEMY","5","ダメージ倍率 3.70倍(自身の速度が高いほど上昇) / 80%でスタン (1ターン)"
"griffon","グリフォン","★4","S3","griffon_s3_a","嵐の一撃","FIRE","","levelOverrides","false","5","SINGLE_ENEMY","4","ダメージ倍率 3.70倍(自身の速度が高いほど上昇) / 80%でスタン (1ターン)"
"griffon","グリフォン","★4","S3","griffon_s3_b","せんぷうげき","GRASS|WATER","","levelOverrides","false","1","ALL_ENEMIES","5","ダメージ倍率 2.40倍(自身の速度が高いほど上昇) / 自身の行動ゲージ+30%"
"griffon","グリフォン","★4","S3","griffon_s3_b","せんぷうげき","GRASS|WATER","","levelOverrides","false","2","ALL_ENEMIES","5","ダメージ倍率 2.55倍(自身の速度が高いほど上昇) / 自身の行動ゲージ+40%"
"griffon","グリフォン","★4","S3","griffon_s3_b","せんぷうげき","GRASS|WATER","","levelOverrides","false","3","ALL_ENEMIES","5","ダメージ倍率 2.70倍(自身の速度が高いほど上昇) / 自身の行動ゲージ+40%"
"griffon","グリフォン","★4","S3","griffon_s3_b","せんぷうげき","GRASS|WATER","","levelOverrides","false","4","ALL_ENEMIES","5","ダメージ倍率 2.70倍(自身の速度が高いほど上昇) / 自身の行動ゲージ+40%"
"griffon","グリフォン","★4","S3","griffon_s3_b","せんぷうげき","GRASS|WATER","","levelOverrides","false","5","ALL_ENEMIES","4","ダメージ倍率 2.70倍(自身の速度が高いほど上昇) / 自身の行動ゲージ+40%"
"griffon","グリフォン","★4","S3","griffon_s3_c","猛禽の加護","ELECTRIC","","levelOverrides","false","1","ALL_ALLIES","5","攻撃力+30% (3ターン) / クリダメ+30% (3ターン) / 行動ゲージ+20%"
"griffon","グリフォン","★4","S3","griffon_s3_c","猛禽の加護","ELECTRIC","","levelOverrides","false","2","ALL_ALLIES","5","攻撃力+30% (3ターン) / クリダメ+30% (3ターン) / 行動ゲージ+25%"
"griffon","グリフォン","★4","S3","griffon_s3_c","猛禽の加護","ELECTRIC","","levelOverrides","false","3","ALL_ALLIES","5","攻撃力+30% (3ターン) / クリダメ+30% (3ターン) / 行動ゲージ+30%"
"griffon","グリフォン","★4","S3","griffon_s3_c","猛禽の加護","ELECTRIC","","levelOverrides","false","4","ALL_ALLIES","5","攻撃力+30% (3ターン) / クリダメ+30% (3ターン) / 行動ゲージ+35%"
"griffon","グリフォン","★4","S3","griffon_s3_c","猛禽の加護","ELECTRIC","","levelOverrides","false","5","ALL_ALLIES","4","攻撃力+30% (4ターン) / クリダメ+30% (4ターン) / 行動ゲージ+35%"
"griffon","グリフォン","★4","S3","griffon_s3_light","テンペストジャッジ","LIGHT","LIGHT","levelOverrides","false","1","ALL_ENEMIES","5","ダメージ倍率 2.50倍(自身の速度が高いほど上昇) / 60%でスタン (1ターン) / 味方全体の攻撃力+30% (3ターン)"
"griffon","グリフォン","★4","S3","griffon_s3_light","テンペストジャッジ","LIGHT","LIGHT","levelOverrides","false","2","ALL_ENEMIES","5","ダメージ倍率 2.65倍(自身の速度が高いほど上昇) / 70%でスタン (1ターン) / 味方全体の攻撃力+30% (3ターン)"
"griffon","グリフォン","★4","S3","griffon_s3_light","テンペストジャッジ","LIGHT","LIGHT","levelOverrides","false","3","ALL_ENEMIES","5","ダメージ倍率 2.80倍(自身の速度が高いほど上昇) / 70%でスタン (1ターン) / 味方全体の攻撃力+30% (3ターン)"
"griffon","グリフォン","★4","S3","griffon_s3_light","テンペストジャッジ","LIGHT","LIGHT","levelOverrides","false","4","ALL_ENEMIES","5","ダメージ倍率 2.85倍(自身の速度が高いほど上昇) / 70%でスタン (1ターン) / 味方全体の攻撃力+30% (3ターン)"
"griffon","グリフォン","★4","S3","griffon_s3_light","テンペストジャッジ","LIGHT","LIGHT","levelOverrides","false","5","ALL_ENEMIES","4","ダメージ倍率 2.85倍(自身の速度が高いほど上昇) / 70%でスタン (1ターン) / 味方全体の攻撃力+30% (4ターン)"
"griffon","グリフォン","★4","S3","griffon_s3_dark","シャドウタロン","DARK","DARK","levelOverrides","false","1","SINGLE_ENEMY","5","ダメージ倍率 1.90倍 × 3回(自身の速度が高いほど上昇) / 70%で防御力-75% (2ターン)"
"griffon","グリフォン","★4","S3","griffon_s3_dark","シャドウタロン","DARK","DARK","levelOverrides","false","2","SINGLE_ENEMY","5","ダメージ倍率 2.05倍 × 3回(自身の速度が高いほど上昇) / 85%で防御力-75% (2ターン)"
"griffon","グリフォン","★4","S3","griffon_s3_dark","シャドウタロン","DARK","DARK","levelOverrides","false","3","SINGLE_ENEMY","5","ダメージ倍率 2.15倍 × 3回(自身の速度が高いほど上昇) / 85%で防御力-75% (2ターン)"
"griffon","グリフォン","★4","S3","griffon_s3_dark","シャドウタロン","DARK","DARK","levelOverrides","false","4","SINGLE_ENEMY","5","ダメージ倍率 2.25倍 × 3回(自身の速度が高いほど上昇) / 85%で防御力-75% (2ターン)"
"griffon","グリフォン","★4","S3","griffon_s3_dark","シャドウタロン","DARK","DARK","levelOverrides","false","5","SINGLE_ENEMY","4","ダメージ倍率 2.25倍 × 3回(自身の速度が高いほど上昇) / 85%で防御力-75% (3ターン)"
"dragon","ドラゴン","★5","S1","dragon_s1","つのぶつけ","FIRE|GRASS|ELECTRIC|WATER|LIGHT|DARK","","levelOverrides","false","1","SINGLE_ENEMY","0","ダメージ倍率 1.30倍 / 35%で防御力-75% (2ターン)"
"dragon","ドラゴン","★5","S1","dragon_s1","つのぶつけ","FIRE|GRASS|ELECTRIC|WATER|LIGHT|DARK","","levelOverrides","false","2","SINGLE_ENEMY","0","ダメージ倍率 1.40倍 / 45%で防御力-75% (2ターン)"
"dragon","ドラゴン","★5","S1","dragon_s1","つのぶつけ","FIRE|GRASS|ELECTRIC|WATER|LIGHT|DARK","","levelOverrides","false","3","SINGLE_ENEMY","0","ダメージ倍率 1.50倍 / 55%で防御力-75% (2ターン)"
"dragon","ドラゴン","★5","S1","dragon_s1","つのぶつけ","FIRE|GRASS|ELECTRIC|WATER|LIGHT|DARK","","levelOverrides","false","4","SINGLE_ENEMY","0","ダメージ倍率 1.50倍 / 55%で防御力-75% (2ターン)"
"dragon","ドラゴン","★5","S1","dragon_s1","つのぶつけ","FIRE|GRASS|ELECTRIC|WATER|LIGHT|DARK","","levelOverrides","false","5","SINGLE_ENEMY","0","ダメージ倍率 1.50倍 / 55%で防御力-75% (3ターン)"
"dragon","ドラゴン","★5","S2","dragon_s2_flame","フレイムブレス","FIRE","","levelOverrides","false","1","ALL_ENEMIES","3","ダメージ倍率 0.70倍 × 3回 / 50%で火傷 (1ターン、自身のターン終了時に自身の攻撃力分のダメージ)"
"dragon","ドラゴン","★5","S2","dragon_s2_flame","フレイムブレス","FIRE","","levelOverrides","false","2","ALL_ENEMIES","3","ダメージ倍率 0.75倍 × 3回 / 65%で火傷 (1ターン、自身のターン終了時に自身の攻撃力分のダメージ)"
"dragon","ドラゴン","★5","S2","dragon_s2_flame","フレイムブレス","FIRE","","levelOverrides","false","3","ALL_ENEMIES","3","ダメージ倍率 0.80倍 × 3回 / 65%で火傷 (1ターン、自身のターン終了時に自身の攻撃力分のダメージ)"
"dragon","ドラゴン","★5","S2","dragon_s2_flame","フレイムブレス","FIRE","","levelOverrides","false","4","ALL_ENEMIES","3","ダメージ倍率 0.85倍 × 3回 / 65%で火傷 (1ターン、自身のターン終了時に自身の攻撃力分のダメージ)"
"dragon","ドラゴン","★5","S2","dragon_s2_flame","フレイムブレス","FIRE","","levelOverrides","false","5","ALL_ENEMIES","2","ダメージ倍率 0.85倍 × 3回 / 65%で火傷 (1ターン、自身のターン終了時に自身の攻撃力分のダメージ)"
"dragon","ドラゴン","★5","S2","dragon_s2_claw","ドラゴンクロー","GRASS","","levelOverrides","false","1","SINGLE_ENEMY","3","ダメージ倍率 2.50倍 / 65%で防御力-75% (2ターン)"
"dragon","ドラゴン","★5","S2","dragon_s2_claw","ドラゴンクロー","GRASS","","levelOverrides","false","2","SINGLE_ENEMY","3","ダメージ倍率 2.70倍 / 65%で防御力-75% (2ターン)"
"dragon","ドラゴン","★5","S2","dragon_s2_claw","ドラゴンクロー","GRASS","","levelOverrides","false","3","SINGLE_ENEMY","3","ダメージ倍率 2.70倍 / 80%で防御力-75% (2ターン)"
"dragon","ドラゴン","★5","S2","dragon_s2_claw","ドラゴンクロー","GRASS","","levelOverrides","false","4","SINGLE_ENEMY","3","ダメージ倍率 3.00倍 / 80%で防御力-75% (2ターン)"
"dragon","ドラゴン","★5","S2","dragon_s2_claw","ドラゴンクロー","GRASS","","levelOverrides","false","5","SINGLE_ENEMY","2","ダメージ倍率 3.00倍 / 80%で防御力-75% (3ターン)"
"dragon","ドラゴン","★5","S2","dragon_s2_spirit","りゅうの闘気","ELECTRIC","","levelOverrides","false","1","ALL_ALLIES","4","クリダメ+30% (2ターン) / 速度+20% (2ターン) / 行動ゲージ+15% / 敵全体に70%で防御力-75% (2ターン)"
"dragon","ドラゴン","★5","S2","dragon_s2_spirit","りゅうの闘気","ELECTRIC","","levelOverrides","false","2","ALL_ALLIES","4","クリダメ+30% (2ターン) / 速度+20% (2ターン) / 行動ゲージ+20% / 敵全体に80%で防御力-75% (2ターン)"
"dragon","ドラゴン","★5","S2","dragon_s2_spirit","りゅうの闘気","ELECTRIC","","levelOverrides","false","3","ALL_ALLIES","4","クリダメ+30% (2ターン) / 速度+20% (2ターン) / 行動ゲージ+25% / 敵全体に90%で防御力-75% (2ターン)"
"dragon","ドラゴン","★5","S2","dragon_s2_spirit","りゅうの闘気","ELECTRIC","","levelOverrides","false","4","ALL_ALLIES","4","クリダメ+30% (2ターン) / 速度+20% (2ターン) / 行動ゲージ+30% / 敵全体に90%で防御力-75% (2ターン)"
"dragon","ドラゴン","★5","S2","dragon_s2_spirit","りゅうの闘気","ELECTRIC","","levelOverrides","false","5","ALL_ALLIES","3","クリダメ+30% (3ターン) / 速度+20% (3ターン) / 行動ゲージ+30% / 敵全体に90%で防御力-75% (2ターン)"
"dragon","ドラゴン","★5","S2","dragon_s2_w_claw","ドラゴンクロー","WATER","","levelOverrides","false","1","SINGLE_ENEMY","3","ダメージ倍率 2.50倍 / 65%で防御力-75% (2ターン)"
"dragon","ドラゴン","★5","S2","dragon_s2_w_claw","ドラゴンクロー","WATER","","levelOverrides","false","2","SINGLE_ENEMY","3","ダメージ倍率 2.70倍 / 65%で防御力-75% (2ターン)"
"dragon","ドラゴン","★5","S2","dragon_s2_w_claw","ドラゴンクロー","WATER","","levelOverrides","false","3","SINGLE_ENEMY","3","ダメージ倍率 2.70倍 / 80%で防御力-75% (2ターン)"
"dragon","ドラゴン","★5","S2","dragon_s2_w_claw","ドラゴンクロー","WATER","","levelOverrides","false","4","SINGLE_ENEMY","3","ダメージ倍率 3.00倍 / 80%で防御力-75% (2ターン)"
"dragon","ドラゴン","★5","S2","dragon_s2_w_claw","ドラゴンクロー","WATER","","levelOverrides","false","5","SINGLE_ENEMY","2","ダメージ倍率 3.00倍 / 80%で防御力-75% (3ターン)"
"dragon","ドラゴン","★5","S2","dragon_s2_l_spirit","りゅうの闘気","LIGHT","","levelOverrides","false","1","ALL_ALLIES","4","クリダメ+30% (2ターン) / 速度+20% (2ターン) / 行動ゲージ+15% / 敵全体に70%で防御力-75% (2ターン)"
"dragon","ドラゴン","★5","S2","dragon_s2_l_spirit","りゅうの闘気","LIGHT","","levelOverrides","false","2","ALL_ALLIES","4","クリダメ+30% (2ターン) / 速度+20% (2ターン) / 行動ゲージ+20% / 敵全体に80%で防御力-75% (2ターン)"
"dragon","ドラゴン","★5","S2","dragon_s2_l_spirit","りゅうの闘気","LIGHT","","levelOverrides","false","3","ALL_ALLIES","4","クリダメ+30% (2ターン) / 速度+20% (2ターン) / 行動ゲージ+25% / 敵全体に90%で防御力-75% (2ターン)"
"dragon","ドラゴン","★5","S2","dragon_s2_l_spirit","りゅうの闘気","LIGHT","","levelOverrides","false","4","ALL_ALLIES","4","クリダメ+30% (2ターン) / 速度+20% (2ターン) / 行動ゲージ+30% / 敵全体に90%で防御力-75% (2ターン)"
"dragon","ドラゴン","★5","S2","dragon_s2_l_spirit","りゅうの闘気","LIGHT","","levelOverrides","false","5","ALL_ALLIES","3","クリダメ+30% (3ターン) / 速度+20% (3ターン) / 行動ゲージ+30% / 敵全体に90%で防御力-75% (2ターン)"
"dragon","ドラゴン","★5","S2","dragon_s2_d_flame","フレイムブレス","DARK","","levelOverrides","false","1","ALL_ENEMIES","3","ダメージ倍率 0.70倍 × 3回 / 50%で火傷 (1ターン、自身のターン終了時に自身の攻撃力分のダメージ)"
"dragon","ドラゴン","★5","S2","dragon_s2_d_flame","フレイムブレス","DARK","","levelOverrides","false","2","ALL_ENEMIES","3","ダメージ倍率 0.75倍 × 3回 / 65%で火傷 (1ターン、自身のターン終了時に自身の攻撃力分のダメージ)"
"dragon","ドラゴン","★5","S2","dragon_s2_d_flame","フレイムブレス","DARK","","levelOverrides","false","3","ALL_ENEMIES","3","ダメージ倍率 0.80倍 × 3回 / 65%で火傷 (1ターン、自身のターン終了時に自身の攻撃力分のダメージ)"
"dragon","ドラゴン","★5","S2","dragon_s2_d_flame","フレイムブレス","DARK","","levelOverrides","false","4","ALL_ENEMIES","3","ダメージ倍率 0.85倍 × 3回 / 65%で火傷 (1ターン、自身のターン終了時に自身の攻撃力分のダメージ)"
"dragon","ドラゴン","★5","S2","dragon_s2_d_flame","フレイムブレス","DARK","","levelOverrides","false","5","ALL_ENEMIES","2","ダメージ倍率 0.85倍 × 3回 / 65%で火傷 (1ターン、自身のターン終了時に自身の攻撃力分のダメージ)"
"dragon","ドラゴン","★5","S3","dragon_s3_roar","破滅の咆哮","FIRE","","levelOverrides","false","1","ALL_ENEMIES","5","ダメージ倍率 2.00倍(最大HPの14%を加算)"
"dragon","ドラゴン","★5","S3","dragon_s3_roar","破滅の咆哮","FIRE","","levelOverrides","false","2","ALL_ENEMIES","5","ダメージ倍率 2.15倍(最大HPの16%を加算)"
"dragon","ドラゴン","★5","S3","dragon_s3_roar","破滅の咆哮","FIRE","","levelOverrides","false","3","ALL_ENEMIES","5","ダメージ倍率 2.25倍(最大HPの16%を加算)"
"dragon","ドラゴン","★5","S3","dragon_s3_roar","破滅の咆哮","FIRE","","levelOverrides","false","4","ALL_ENEMIES","5","ダメージ倍率 2.40倍(最大HPの18%を加算)"
"dragon","ドラゴン","★5","S3","dragon_s3_roar","破滅の咆哮","FIRE","","levelOverrides","false","5","ALL_ENEMIES","4","ダメージ倍率 2.40倍(最大HPの18%を加算)"
"dragon","ドラゴン","★5","S3","dragon_s3_scale","竜神の逆鱗","GRASS","","levelOverrides","false","1","SINGLE_ENEMY","5","ダメージ倍率 4.00倍 / 味方全体の攻撃力+30% (2ターン) / 自身の行動ゲージ+30%"
"dragon","ドラゴン","★5","S3","dragon_s3_scale","竜神の逆鱗","GRASS","","levelOverrides","false","2","SINGLE_ENEMY","5","ダメージ倍率 4.30倍 / 味方全体の攻撃力+30% (2ターン) / 自身の行動ゲージ+40%"
"dragon","ドラゴン","★5","S3","dragon_s3_scale","竜神の逆鱗","GRASS","","levelOverrides","false","3","SINGLE_ENEMY","5","ダメージ倍率 4.60倍 / 味方全体の攻撃力+30% (2ターン) / 自身の行動ゲージ+40%"
"dragon","ドラゴン","★5","S3","dragon_s3_scale","竜神の逆鱗","GRASS","","levelOverrides","false","4","SINGLE_ENEMY","5","ダメージ倍率 4.60倍 / 味方全体の攻撃力+30% (2ターン) / 自身の行動ゲージ+40%"
"dragon","ドラゴン","★5","S3","dragon_s3_scale","竜神の逆鱗","GRASS","","levelOverrides","false","5","SINGLE_ENEMY","4","ダメージ倍率 4.60倍 / 味方全体の攻撃力+30% (3ターン) / 自身の行動ゲージ+40%"
"dragon","ドラゴン","★5","S3","dragon_s3_roar_e","破滅の咆哮","ELECTRIC","","levelOverrides","false","1","ALL_ENEMIES","5","ダメージ倍率 2.00倍(最大HPの14%を加算)"
"dragon","ドラゴン","★5","S3","dragon_s3_roar_e","破滅の咆哮","ELECTRIC","","levelOverrides","false","2","ALL_ENEMIES","5","ダメージ倍率 2.15倍(最大HPの16%を加算)"
"dragon","ドラゴン","★5","S3","dragon_s3_roar_e","破滅の咆哮","ELECTRIC","","levelOverrides","false","3","ALL_ENEMIES","5","ダメージ倍率 2.25倍(最大HPの16%を加算)"
"dragon","ドラゴン","★5","S3","dragon_s3_roar_e","破滅の咆哮","ELECTRIC","","levelOverrides","false","4","ALL_ENEMIES","5","ダメージ倍率 2.40倍(最大HPの18%を加算)"
"dragon","ドラゴン","★5","S3","dragon_s3_roar_e","破滅の咆哮","ELECTRIC","","levelOverrides","false","5","ALL_ENEMIES","4","ダメージ倍率 2.40倍(最大HPの18%を加算)"
"dragon","ドラゴン","★5","S3","dragon_s3_blessing","古龍の加護","WATER","","levelOverrides","false","1","ALL_ALLIES","5","攻撃力+30% (3ターン) / 防御力+30% (3ターン) / 回復 最大HPの20.0% / 行動ゲージ+15%"
"dragon","ドラゴン","★5","S3","dragon_s3_blessing","古龍の加護","WATER","","levelOverrides","false","2","ALL_ALLIES","5","攻撃力+30% (3ターン) / 防御力+30% (3ターン) / 回復 最大HPの25.0% / 行動ゲージ+20%"
"dragon","ドラゴン","★5","S3","dragon_s3_blessing","古龍の加護","WATER","","levelOverrides","false","3","ALL_ALLIES","5","攻撃力+30% (3ターン) / 防御力+30% (3ターン) / 回復 最大HPの30.0% / 行動ゲージ+25%"
"dragon","ドラゴン","★5","S3","dragon_s3_blessing","古龍の加護","WATER","","levelOverrides","false","4","ALL_ALLIES","5","攻撃力+30% (3ターン) / 防御力+30% (3ターン) / 回復 最大HPの30.0% / 行動ゲージ+25%"
"dragon","ドラゴン","★5","S3","dragon_s3_blessing","古龍の加護","WATER","","levelOverrides","false","5","ALL_ALLIES","4","攻撃力+30% (4ターン) / 防御力+30% (4ターン) / 回復 最大HPの30.0% / 行動ゲージ+25%"
"dragon","ドラゴン","★5","S3","dragon_s3_shining","シャイニングブレス","LIGHT","LIGHT","levelOverrides","false","1","ALL_ENEMIES","5","ダメージ倍率 2.60倍(最大HPの10%を加算) / 75%で暗闇 (2ターン、攻撃時50%でダメージ-75%・追加効果なし) / 60%で攻撃力-50% (2ターン)"
"dragon","ドラゴン","★5","S3","dragon_s3_shining","シャイニングブレス","LIGHT","LIGHT","levelOverrides","false","2","ALL_ENEMIES","5","ダメージ倍率 2.80倍(最大HPの10%を加算) / 80%で暗闇 (2ターン、攻撃時50%でダメージ-75%・追加効果なし) / 65%で攻撃力-50% (2ターン)"
"dragon","ドラゴン","★5","S3","dragon_s3_shining","シャイニングブレス","LIGHT","LIGHT","levelOverrides","false","3","ALL_ENEMIES","5","ダメージ倍率 2.95倍(最大HPの11%を加算) / 85%で暗闇 (2ターン、攻撃時50%でダメージ-75%・追加効果なし) / 70%で攻撃力-50% (2ターン)"
"dragon","ドラゴン","★5","S3","dragon_s3_shining","シャイニングブレス","LIGHT","LIGHT","levelOverrides","false","4","ALL_ENEMIES","5","ダメージ倍率 3.10倍(最大HPの11%を加算) / 90%で暗闇 (2ターン、攻撃時50%でダメージ-75%・追加効果なし) / 75%で攻撃力-50% (2ターン)"
"dragon","ドラゴン","★5","S3","dragon_s3_shining","シャイニングブレス","LIGHT","LIGHT","levelOverrides","false","5","ALL_ENEMIES","4","ダメージ倍率 3.10倍(最大HPの12%を加算) / 90%で暗闇 (2ターン、攻撃時50%でダメージ-75%・追加効果なし) / 75%で攻撃力-50% (3ターン)"
"dragon","ドラゴン","★5","S3","dragon_s3_meteor","破壊の流星","DARK","DARK","generic","false","1","ALL_ENEMIES","5","ダメージ倍率 1.20倍(防御力無視) / 与えたダメージの25%を自身が回復"
"dragon","ドラゴン","★5","S3","dragon_s3_meteor","破壊の流星","DARK","DARK","generic","false","2","ALL_ENEMIES","5","ダメージ倍率 1.27倍(防御力無視) / 与えたダメージの27%を自身が回復"
"dragon","ドラゴン","★5","S3","dragon_s3_meteor","破壊の流星","DARK","DARK","generic","false","3","ALL_ENEMIES","5","ダメージ倍率 1.34倍(防御力無視) / 与えたダメージの28%を自身が回復"
"dragon","ドラゴン","★5","S3","dragon_s3_meteor","破壊の流星","DARK","DARK","generic","false","4","ALL_ENEMIES","5","ダメージ倍率 1.42倍(防御力無視) / 与えたダメージの30%を自身が回復"
"dragon","ドラゴン","★5","S3","dragon_s3_meteor","破壊の流星","DARK","DARK","generic","false","5","ALL_ENEMIES","4","ダメージ倍率 1.42倍(防御力無視) / 与えたダメージの30%を自身が回復"
"seraph","セラフ","★4","S1","seraph_s1","光の一閃","FIRE|GRASS|ELECTRIC|WATER|LIGHT|DARK","","levelOverrides","false","1","SINGLE_ENEMY","0","ダメージ倍率 1.30倍 / 与えたダメージの15%を自身が回復"
"seraph","セラフ","★4","S1","seraph_s1","光の一閃","FIRE|GRASS|ELECTRIC|WATER|LIGHT|DARK","","levelOverrides","false","2","SINGLE_ENEMY","0","ダメージ倍率 1.40倍 / 与えたダメージの15%を自身が回復"
"seraph","セラフ","★4","S1","seraph_s1","光の一閃","FIRE|GRASS|ELECTRIC|WATER|LIGHT|DARK","","levelOverrides","false","3","SINGLE_ENEMY","0","ダメージ倍率 1.50倍 / 与えたダメージの20%を自身が回復"
"seraph","セラフ","★4","S1","seraph_s1","光の一閃","FIRE|GRASS|ELECTRIC|WATER|LIGHT|DARK","","levelOverrides","false","4","SINGLE_ENEMY","0","ダメージ倍率 1.60倍 / 与えたダメージの20%を自身が回復"
"seraph","セラフ","★4","S1","seraph_s1","光の一閃","FIRE|GRASS|ELECTRIC|WATER|LIGHT|DARK","","levelOverrides","false","5","SINGLE_ENEMY","0","ダメージ倍率 1.70倍 / 与えたダメージの25%を自身が回復"
"seraph","セラフ","★4","S2","seraph_s2_a","さばきの光","FIRE|WATER","","levelOverrides","false","1","ALL_ENEMIES","3","ダメージ倍率 1.40倍 / 70%で暗闇 (1ターン、攻撃時50%でダメージ-75%・追加効果なし)"
"seraph","セラフ","★4","S2","seraph_s2_a","さばきの光","FIRE|WATER","","levelOverrides","false","2","ALL_ENEMIES","3","ダメージ倍率 1.50倍 / 70%で暗闇 (1ターン、攻撃時50%でダメージ-75%・追加効果なし)"
"seraph","セラフ","★4","S2","seraph_s2_a","さばきの光","FIRE|WATER","","levelOverrides","false","3","ALL_ENEMIES","3","ダメージ倍率 1.60倍 / 80%で暗闇 (1ターン、攻撃時50%でダメージ-75%・追加効果なし)"
"seraph","セラフ","★4","S2","seraph_s2_a","さばきの光","FIRE|WATER","","levelOverrides","false","4","ALL_ENEMIES","3","ダメージ倍率 1.70倍 / 80%で暗闇 (1ターン、攻撃時50%でダメージ-75%・追加効果なし)"
"seraph","セラフ","★4","S2","seraph_s2_a","さばきの光","FIRE|WATER","","levelOverrides","false","5","ALL_ENEMIES","2","ダメージ倍率 1.70倍 / 80%で暗闇 (1ターン、攻撃時50%でダメージ-75%・追加効果なし)"
"seraph","セラフ","★4","S2","seraph_s2_b","いやしの詠唱","GRASS|LIGHT","","levelOverrides","false","1","SINGLE_ALLY","3","回復 自身の攻撃力の300% / 攻撃力+30% (2ターン) / 行動ゲージ+20%"
"seraph","セラフ","★4","S2","seraph_s2_b","いやしの詠唱","GRASS|LIGHT","","levelOverrides","false","2","SINGLE_ALLY","3","回復 自身の攻撃力の330% / 攻撃力+30% (2ターン) / 行動ゲージ+20%"
"seraph","セラフ","★4","S2","seraph_s2_b","いやしの詠唱","GRASS|LIGHT","","levelOverrides","false","3","SINGLE_ALLY","3","回復 自身の攻撃力の360% / 攻撃力+30% (2ターン) / 行動ゲージ+25%"
"seraph","セラフ","★4","S2","seraph_s2_b","いやしの詠唱","GRASS|LIGHT","","levelOverrides","false","4","SINGLE_ALLY","3","回復 自身の攻撃力の400% / 攻撃力+30% (2ターン) / 行動ゲージ+30%"
"seraph","セラフ","★4","S2","seraph_s2_b","いやしの詠唱","GRASS|LIGHT","","levelOverrides","false","5","SINGLE_ALLY","2","回復 自身の攻撃力の400% / 攻撃力+30% (3ターン) / 行動ゲージ+30%"
"seraph","セラフ","★4","S2","seraph_s2_c","封印の光","ELECTRIC|DARK","","levelOverrides","false","1","SINGLE_ENEMY","4","ダメージ倍率 2.00倍 / 80%で敵の全スキルのクールタイムを1ターン延長 / 行動ゲージ-20% / 80%で強化不可 (2ターン)"
"seraph","セラフ","★4","S2","seraph_s2_c","封印の光","ELECTRIC|DARK","","levelOverrides","false","2","SINGLE_ENEMY","4","ダメージ倍率 2.20倍 / 80%で敵の全スキルのクールタイムを1ターン延長 / 行動ゲージ-20% / 80%で強化不可 (2ターン)"
"seraph","セラフ","★4","S2","seraph_s2_c","封印の光","ELECTRIC|DARK","","levelOverrides","false","3","SINGLE_ENEMY","4","ダメージ倍率 2.40倍 / 90%で敵の全スキルのクールタイムを1ターン延長 / 行動ゲージ-25% / 90%で強化不可 (2ターン)"
"seraph","セラフ","★4","S2","seraph_s2_c","封印の光","ELECTRIC|DARK","","levelOverrides","false","4","SINGLE_ENEMY","4","ダメージ倍率 2.60倍 / 90%で敵の全スキルのクールタイムを1ターン延長 / 行動ゲージ-30% / 90%で強化不可 (2ターン)"
"seraph","セラフ","★4","S2","seraph_s2_c","封印の光","ELECTRIC|DARK","","levelOverrides","false","5","SINGLE_ENEMY","3","ダメージ倍率 2.60倍 / 90%で敵の全スキルのクールタイムを1ターン延長 / 行動ゲージ-30% / 90%で強化不可 (2ターン)"
"seraph","セラフ","★4","S3","seraph_s3_a","裁きの雷光","FIRE","","levelOverrides","false","1","ALL_ENEMIES","5","ダメージ倍率 1.80倍 / 80%で防御力-75% (2ターン)"
"seraph","セラフ","★4","S3","seraph_s3_a","裁きの雷光","FIRE","","levelOverrides","false","2","ALL_ENEMIES","5","ダメージ倍率 2.00倍 / 80%で防御力-75% (2ターン)"
"seraph","セラフ","★4","S3","seraph_s3_a","裁きの雷光","FIRE","","levelOverrides","false","3","ALL_ENEMIES","5","ダメージ倍率 2.20倍 / 90%で防御力-75% (2ターン)"
"seraph","セラフ","★4","S3","seraph_s3_a","裁きの雷光","FIRE","","levelOverrides","false","4","ALL_ENEMIES","5","ダメージ倍率 2.40倍 / 90%で防御力-75% (2ターン)"
"seraph","セラフ","★4","S3","seraph_s3_a","裁きの雷光","FIRE","","levelOverrides","false","5","ALL_ENEMIES","4","ダメージ倍率 2.40倍 / 90%で防御力-75% (3ターン)"
"seraph","セラフ","★4","S3","seraph_s3_b","聖なる守護陣","GRASS|WATER","","levelOverrides","false","1","ALL_ALLIES","6","回復 自身の攻撃力の180% / 状態異常無効 (2ターン) / 防御力+30% (2ターン)"
"seraph","セラフ","★4","S3","seraph_s3_b","聖なる守護陣","GRASS|WATER","","levelOverrides","false","2","ALL_ALLIES","6","回復 自身の攻撃力の200% / 状態異常無効 (2ターン) / 防御力+30% (2ターン)"
"seraph","セラフ","★4","S3","seraph_s3_b","聖なる守護陣","GRASS|WATER","","levelOverrides","false","3","ALL_ALLIES","6","回復 自身の攻撃力の220% / 状態異常無効 (2ターン) / 防御力+30% (2ターン)"
"seraph","セラフ","★4","S3","seraph_s3_b","聖なる守護陣","GRASS|WATER","","levelOverrides","false","4","ALL_ALLIES","6","回復 自身の攻撃力の240% / 状態異常無効 (2ターン) / 防御力+30% (2ターン)"
"seraph","セラフ","★4","S3","seraph_s3_b","聖なる守護陣","GRASS|WATER","","levelOverrides","false","5","ALL_ALLIES","5","回復 自身の攻撃力の240% / 状態異常無効 (3ターン) / 防御力+30% (3ターン)"
"seraph","セラフ","★4","S3","seraph_s3_c","セラフィムの祝福","ELECTRIC","","levelOverrides","false","1","ALL_ALLIES","5","行動ゲージ+25% / 攻撃力+30% (3ターン) / 速度+20% (3ターン)"
"seraph","セラフ","★4","S3","seraph_s3_c","セラフィムの祝福","ELECTRIC","","levelOverrides","false","2","ALL_ALLIES","5","行動ゲージ+30% / 攻撃力+30% (3ターン) / 速度+20% (3ターン)"
"seraph","セラフ","★4","S3","seraph_s3_c","セラフィムの祝福","ELECTRIC","","levelOverrides","false","3","ALL_ALLIES","5","行動ゲージ+30% / 攻撃力+30% (3ターン) / 速度+20% (3ターン)"
"seraph","セラフ","★4","S3","seraph_s3_c","セラフィムの祝福","ELECTRIC","","levelOverrides","false","4","ALL_ALLIES","5","行動ゲージ+35% / 攻撃力+30% (3ターン) / 速度+20% (3ターン)"
"seraph","セラフ","★4","S3","seraph_s3_c","セラフィムの祝福","ELECTRIC","","levelOverrides","false","5","ALL_ALLIES","4","行動ゲージ+35% / 攻撃力+30% (4ターン) / 速度+20% (4ターン)"
"seraph","セラフ","★4","S3","seraph_s3_light","エターナルヘイロー","LIGHT","LIGHT","levelOverrides","false","1","ALL_ALLIES","6","回復 自身の攻撃力の200% / デバフを解除 / 状態異常無効 (3ターン) / 継続回復 最大HPの8.0% (4ターン、自身のターン開始時)"
"seraph","セラフ","★4","S3","seraph_s3_light","エターナルヘイロー","LIGHT","LIGHT","levelOverrides","false","2","ALL_ALLIES","6","回復 自身の攻撃力の220% / デバフを解除 / 状態異常無効 (3ターン) / 継続回復 最大HPの9.0% (4ターン、自身のターン開始時)"
"seraph","セラフ","★4","S3","seraph_s3_light","エターナルヘイロー","LIGHT","LIGHT","levelOverrides","false","3","ALL_ALLIES","6","回復 自身の攻撃力の240% / デバフを解除 / 状態異常無効 (3ターン) / 継続回復 最大HPの9.0% (4ターン、自身のターン開始時)"
"seraph","セラフ","★4","S3","seraph_s3_light","エターナルヘイロー","LIGHT","LIGHT","levelOverrides","false","4","ALL_ALLIES","6","回復 自身の攻撃力の260% / デバフを解除 / 状態異常無効 (3ターン) / 継続回復 最大HPの10.0% (4ターン、自身のターン開始時)"
"seraph","セラフ","★4","S3","seraph_s3_light","エターナルヘイロー","LIGHT","LIGHT","levelOverrides","false","5","ALL_ALLIES","5","回復 自身の攻撃力の260% / デバフを解除 / 状態異常無効 (4ターン) / 継続回復 最大HPの10.0% (5ターン、自身のターン開始時)"
"seraph","セラフ","★4","S3","seraph_s3_dark","フォールンウィング","DARK","DARK","levelOverrides","false","1","ALL_ENEMIES","5","ダメージ倍率 2.30倍 / 85%で暗闇 (2ターン、攻撃時50%でダメージ-75%・追加効果なし) / 与えたダメージの35%を自身が回復"
"seraph","セラフ","★4","S3","seraph_s3_dark","フォールンウィング","DARK","DARK","levelOverrides","false","2","ALL_ENEMIES","5","ダメージ倍率 2.40倍 / 90%で暗闇 (2ターン、攻撃時50%でダメージ-75%・追加効果なし) / 与えたダメージの35%を自身が回復"
"seraph","セラフ","★4","S3","seraph_s3_dark","フォールンウィング","DARK","DARK","levelOverrides","false","3","ALL_ENEMIES","5","ダメージ倍率 2.50倍 / 95%で暗闇 (2ターン、攻撃時50%でダメージ-75%・追加効果なし) / 与えたダメージの40%を自身が回復"
"seraph","セラフ","★4","S3","seraph_s3_dark","フォールンウィング","DARK","DARK","levelOverrides","false","4","ALL_ENEMIES","5","ダメージ倍率 2.70倍 / 100%で暗闇 (3ターン、攻撃時50%でダメージ-75%・追加効果なし) / 与えたダメージの45%を自身が回復"
"seraph","セラフ","★4","S3","seraph_s3_dark","フォールンウィング","DARK","DARK","levelOverrides","false","5","ALL_ENEMIES","4","ダメージ倍率 2.70倍 / 100%で暗闇 (3ターン、攻撃時50%でダメージ-75%・追加効果なし) / 与えたダメージの45%を自身が回復"
"nemesis","ネメシス","★5","S1","nemesis_s1","ダークスラッシュ","FIRE|GRASS|ELECTRIC|WATER|LIGHT|DARK","","levelOverrides","false","1","SINGLE_ENEMY","0","ダメージ倍率 1.50倍"
"nemesis","ネメシス","★5","S1","nemesis_s1","ダークスラッシュ","FIRE|GRASS|ELECTRIC|WATER|LIGHT|DARK","","levelOverrides","false","2","SINGLE_ENEMY","0","ダメージ倍率 1.60倍"
"nemesis","ネメシス","★5","S1","nemesis_s1","ダークスラッシュ","FIRE|GRASS|ELECTRIC|WATER|LIGHT|DARK","","levelOverrides","false","3","SINGLE_ENEMY","0","ダメージ倍率 1.70倍"
"nemesis","ネメシス","★5","S1","nemesis_s1","ダークスラッシュ","FIRE|GRASS|ELECTRIC|WATER|LIGHT|DARK","","levelOverrides","false","4","SINGLE_ENEMY","0","ダメージ倍率 1.80倍"
"nemesis","ネメシス","★5","S1","nemesis_s1","ダークスラッシュ","FIRE|GRASS|ELECTRIC|WATER|LIGHT|DARK","","levelOverrides","false","5","SINGLE_ENEMY","0","ダメージ倍率 2.00倍"
"nemesis","ネメシス","★5","S2","nemesis_s2_a","冥府の炎","FIRE|WATER","","levelOverrides","false","1","ALL_ENEMIES","3","ダメージ倍率 1.80倍 / 100%で火傷 (1ターン、自身のターン終了時に自身の攻撃力分のダメージ)"
"nemesis","ネメシス","★5","S2","nemesis_s2_a","冥府の炎","FIRE|WATER","","levelOverrides","false","2","ALL_ENEMIES","3","ダメージ倍率 1.90倍 / 100%で火傷 (1ターン、自身のターン終了時に自身の攻撃力分のダメージ)"
"nemesis","ネメシス","★5","S2","nemesis_s2_a","冥府の炎","FIRE|WATER","","levelOverrides","false","3","ALL_ENEMIES","3","ダメージ倍率 2.00倍 / 100%で火傷 (1ターン、自身のターン終了時に自身の攻撃力分のダメージ)"
"nemesis","ネメシス","★5","S2","nemesis_s2_a","冥府の炎","FIRE|WATER","","levelOverrides","false","4","ALL_ENEMIES","3","ダメージ倍率 2.20倍 / 100%で火傷 (1ターン、自身のターン終了時に自身の攻撃力分のダメージ)"
"nemesis","ネメシス","★5","S2","nemesis_s2_a","冥府の炎","FIRE|WATER","","levelOverrides","false","5","ALL_ENEMIES","2","ダメージ倍率 2.20倍 / 100%で火傷 (1ターン、自身のターン終了時に自身の攻撃力分のダメージ)"
"nemesis","ネメシス","★5","S2","nemesis_s2_b","デーモンクロー","GRASS|LIGHT","","levelOverrides","false","1","SINGLE_ENEMY","3","ダメージ倍率 3.00倍 / 80%で防御力-75% (2ターン)"
"nemesis","ネメシス","★5","S2","nemesis_s2_b","デーモンクロー","GRASS|LIGHT","","levelOverrides","false","2","SINGLE_ENEMY","3","ダメージ倍率 3.20倍 / 80%で防御力-75% (2ターン)"
"nemesis","ネメシス","★5","S2","nemesis_s2_b","デーモンクロー","GRASS|LIGHT","","levelOverrides","false","3","SINGLE_ENEMY","3","ダメージ倍率 3.40倍 / 90%で防御力-75% (2ターン)"
"nemesis","ネメシス","★5","S2","nemesis_s2_b","デーモンクロー","GRASS|LIGHT","","levelOverrides","false","4","SINGLE_ENEMY","3","ダメージ倍率 3.60倍 / 90%で防御力-75% (2ターン)"
"nemesis","ネメシス","★5","S2","nemesis_s2_b","デーモンクロー","GRASS|LIGHT","","levelOverrides","false","5","SINGLE_ENEMY","2","ダメージ倍率 3.60倍 / 90%で防御力-75% (3ターン)"
"nemesis","ネメシス","★5","S2","nemesis_s2_c","血のいけにえ","ELECTRIC|DARK","","levelOverrides","false","1","SINGLE_ENEMY","3","ダメージ倍率 1.30倍 × 2回(防御力の90%を加算)"
"nemesis","ネメシス","★5","S2","nemesis_s2_c","血のいけにえ","ELECTRIC|DARK","","levelOverrides","false","2","SINGLE_ENEMY","3","ダメージ倍率 1.40倍 × 2回(防御力の100%を加算)"
"nemesis","ネメシス","★5","S2","nemesis_s2_c","血のいけにえ","ELECTRIC|DARK","","levelOverrides","false","3","SINGLE_ENEMY","3","ダメージ倍率 1.50倍 × 2回(防御力の110%を加算)"
"nemesis","ネメシス","★5","S2","nemesis_s2_c","血のいけにえ","ELECTRIC|DARK","","levelOverrides","false","4","SINGLE_ENEMY","3","ダメージ倍率 1.60倍 × 2回(防御力の120%を加算)"
"nemesis","ネメシス","★5","S2","nemesis_s2_c","血のいけにえ","ELECTRIC|DARK","","levelOverrides","false","5","SINGLE_ENEMY","2","ダメージ倍率 1.60倍 × 2回(防御力の120%を加算)"
"nemesis","ネメシス","★5","S3","nemesis_s3_a","終焉の一撃","FIRE","","levelOverrides","false","1","SINGLE_ENEMY","5","ダメージ倍率 4.20倍(防御力の130%を加算) / 75%でスタン (1ターン)"
"nemesis","ネメシス","★5","S3","nemesis_s3_a","終焉の一撃","FIRE","","levelOverrides","false","2","SINGLE_ENEMY","5","ダメージ倍率 4.50倍(防御力の140%を加算) / 80%でスタン (1ターン)"
"nemesis","ネメシス","★5","S3","nemesis_s3_a","終焉の一撃","FIRE","","levelOverrides","false","3","SINGLE_ENEMY","5","ダメージ倍率 4.80倍(防御力の150%を加算) / 85%でスタン (1ターン)"
"nemesis","ネメシス","★5","S3","nemesis_s3_a","終焉の一撃","FIRE","","levelOverrides","false","4","SINGLE_ENEMY","5","ダメージ倍率 5.20倍(防御力の170%を加算) / 90%でスタン (1ターン)"
"nemesis","ネメシス","★5","S3","nemesis_s3_a","終焉の一撃","FIRE","","levelOverrides","false","5","SINGLE_ENEMY","4","ダメージ倍率 5.20倍(防御力の170%を加算) / 90%でスタン (1ターン)"
"nemesis","ネメシス","★5","S3","nemesis_s3_b","冥王の激震","GRASS|WATER","","levelOverrides","false","1","ALL_ENEMIES","5","ダメージ倍率 1.30倍 × 2回 / 行動ゲージを15%吸収"
"nemesis","ネメシス","★5","S3","nemesis_s3_b","冥王の激震","GRASS|WATER","","levelOverrides","false","2","ALL_ENEMIES","5","ダメージ倍率 1.40倍 × 2回 / 行動ゲージを15%吸収"
"nemesis","ネメシス","★5","S3","nemesis_s3_b","冥王の激震","GRASS|WATER","","levelOverrides","false","3","ALL_ENEMIES","5","ダメージ倍率 1.50倍 × 2回 / 行動ゲージを20%吸収"
"nemesis","ネメシス","★5","S3","nemesis_s3_b","冥王の激震","GRASS|WATER","","levelOverrides","false","4","ALL_ENEMIES","5","ダメージ倍率 1.60倍 × 2回 / 行動ゲージを25%吸収"
"nemesis","ネメシス","★5","S3","nemesis_s3_b","冥王の激震","GRASS|WATER","","levelOverrides","false","5","ALL_ENEMIES","4","ダメージ倍率 1.60倍 × 2回 / 行動ゲージを25%吸収"
"nemesis","ネメシス","★5","S3","nemesis_s3_c","加速の号令","ELECTRIC","","levelOverrides","false","1","ALL_ALLIES","4","行動ゲージ+30% / クリ率+20% (2ターン) / クリダメ+30% (2ターン)"
"nemesis","ネメシス","★5","S3","nemesis_s3_c","加速の号令","ELECTRIC","","levelOverrides","false","2","ALL_ALLIES","4","行動ゲージ+35% / クリ率+20% (2ターン) / クリダメ+30% (2ターン)"
"nemesis","ネメシス","★5","S3","nemesis_s3_c","加速の号令","ELECTRIC","","levelOverrides","false","3","ALL_ALLIES","4","行動ゲージ+40% / クリ率+20% (2ターン) / クリダメ+30% (2ターン)"
"nemesis","ネメシス","★5","S3","nemesis_s3_c","加速の号令","ELECTRIC","","levelOverrides","false","4","ALL_ALLIES","4","行動ゲージ+45% / クリ率+20% (2ターン) / クリダメ+30% (2ターン)"
"nemesis","ネメシス","★5","S3","nemesis_s3_c","加速の号令","ELECTRIC","","levelOverrides","false","5","ALL_ALLIES","3","行動ゲージ+45% / クリ率+20% (3ターン) / クリダメ+30% (3ターン)"
"nemesis","ネメシス","★5","S3","nemesis_s3_light","ラストジャッジメント","LIGHT","LIGHT","levelOverrides","false","1","SINGLE_ENEMY","5","ダメージ倍率 5.00倍(防御力の150%を加算) / 75%でスタン (1ターン) / 行動ゲージを40%吸収"
"nemesis","ネメシス","★5","S3","nemesis_s3_light","ラストジャッジメント","LIGHT","LIGHT","levelOverrides","false","2","SINGLE_ENEMY","5","ダメージ倍率 5.30倍(防御力の150%を加算) / 80%でスタン (1ターン) / 行動ゲージを45%吸収"
"nemesis","ネメシス","★5","S3","nemesis_s3_light","ラストジャッジメント","LIGHT","LIGHT","levelOverrides","false","3","SINGLE_ENEMY","5","ダメージ倍率 5.60倍(防御力の150%を加算) / 85%でスタン (1ターン) / 行動ゲージを45%吸収"
"nemesis","ネメシス","★5","S3","nemesis_s3_light","ラストジャッジメント","LIGHT","LIGHT","levelOverrides","false","4","SINGLE_ENEMY","5","ダメージ倍率 5.90倍(防御力の150%を加算) / 90%でスタン (1ターン) / 行動ゲージを50%吸収"
"nemesis","ネメシス","★5","S3","nemesis_s3_light","ラストジャッジメント","LIGHT","LIGHT","levelOverrides","false","5","SINGLE_ENEMY","4","ダメージ倍率 5.90倍(防御力の150%を加算) / 90%でスタン (1ターン) / 行動ゲージを50%吸収"
"nemesis","ネメシス","★5","S3","nemesis_s3_dark","エンドオブオール","DARK","DARK","levelOverrides","false","1","ALL_ENEMIES","5","ダメージ倍率 1.80倍 × 2回 / 行動ゲージを20%吸収 / 70%で防御力-75% (2ターン)"
"nemesis","ネメシス","★5","S3","nemesis_s3_dark","エンドオブオール","DARK","DARK","levelOverrides","false","2","ALL_ENEMIES","5","ダメージ倍率 1.95倍 × 2回 / 行動ゲージを25%吸収 / 75%で防御力-75% (2ターン)"
"nemesis","ネメシス","★5","S3","nemesis_s3_dark","エンドオブオール","DARK","DARK","levelOverrides","false","3","ALL_ENEMIES","5","ダメージ倍率 2.05倍 × 2回 / 行動ゲージを25%吸収 / 80%で防御力-75% (2ターン)"
"nemesis","ネメシス","★5","S3","nemesis_s3_dark","エンドオブオール","DARK","DARK","levelOverrides","false","4","ALL_ENEMIES","5","ダメージ倍率 2.15倍 × 2回 / 行動ゲージを25%吸収 / 85%で防御力-75% (2ターン)"
"nemesis","ネメシス","★5","S3","nemesis_s3_dark","エンドオブオール","DARK","DARK","levelOverrides","false","5","ALL_ENEMIES","4","ダメージ倍率 2.15倍 × 2回 / 行動ゲージを25%吸収 / 85%で防御力-75% (3ターン)"
"scorpion","スコーピオン","★3","S1","scorpion_s1","毒針","FIRE|GRASS|ELECTRIC|WATER|LIGHT|DARK","","levelOverrides","false","1","SINGLE_ENEMY","0","ダメージ倍率 1.00倍 / 対象が毒状態なら自身の行動ゲージ+10% / 1回以上クリティカルしたら80%で毒1スタック (1スタックにつき最大HPの5%、最大5スタック、2ターン)"
"scorpion","スコーピオン","★3","S1","scorpion_s1","毒針","FIRE|GRASS|ELECTRIC|WATER|LIGHT|DARK","","levelOverrides","false","2","SINGLE_ENEMY","0","ダメージ倍率 1.10倍 / 対象が毒状態なら自身の行動ゲージ+10% / 1回以上クリティカルしたら80%で毒1スタック (1スタックにつき最大HPの5%、最大5スタック、2ターン)"
"scorpion","スコーピオン","★3","S1","scorpion_s1","毒針","FIRE|GRASS|ELECTRIC|WATER|LIGHT|DARK","","levelOverrides","false","3","SINGLE_ENEMY","0","ダメージ倍率 1.10倍 / 対象が毒状態なら自身の行動ゲージ+10% / 1回以上クリティカルしたら90%で毒1スタック (1スタックにつき最大HPの5%、最大5スタック、2ターン)"
"scorpion","スコーピオン","★3","S1","scorpion_s1","毒針","FIRE|GRASS|ELECTRIC|WATER|LIGHT|DARK","","levelOverrides","false","4","SINGLE_ENEMY","0","ダメージ倍率 1.20倍 / 対象が毒状態なら自身の行動ゲージ+10% / 1回以上クリティカルしたら90%で毒1スタック (1スタックにつき最大HPの5%、最大5スタック、2ターン)"
"scorpion","スコーピオン","★3","S1","scorpion_s1","毒針","FIRE|GRASS|ELECTRIC|WATER|LIGHT|DARK","","levelOverrides","false","5","SINGLE_ENEMY","0","ダメージ倍率 1.20倍 / 対象が毒状態なら自身の行動ゲージ+10% / 1回以上クリティカルしたら100%で毒1スタック (1スタックにつき最大HPの5%、最大5スタック、2ターン)"
"scorpion","スコーピオン","★3","S2","scorpion_s2_a","急所刺し","FIRE|GRASS|DARK","","levelOverrides","false","1","SINGLE_ENEMY","3","ダメージ倍率 1.90倍。会心時の最終ダメージ+30% / 100%で防御力-75% (2ターン)"
"scorpion","スコーピオン","★3","S2","scorpion_s2_a","急所刺し","FIRE|GRASS|DARK","","levelOverrides","false","2","SINGLE_ENEMY","3","ダメージ倍率 2.09倍。会心時の最終ダメージ+30% / 100%で防御力-75% (2ターン)"
"scorpion","スコーピオン","★3","S2","scorpion_s2_a","急所刺し","FIRE|GRASS|DARK","","levelOverrides","false","3","SINGLE_ENEMY","3","ダメージ倍率 2.18倍。会心時の最終ダメージ+30% / 100%で防御力-75% (2ターン)"
"scorpion","スコーピオン","★3","S2","scorpion_s2_a","急所刺し","FIRE|GRASS|DARK","","levelOverrides","false","4","SINGLE_ENEMY","3","ダメージ倍率 2.37倍。会心時の最終ダメージ+30% / 100%で防御力-75% (2ターン)"
"scorpion","スコーピオン","★3","S2","scorpion_s2_a","急所刺し","FIRE|GRASS|DARK","","levelOverrides","false","5","SINGLE_ENEMY","2","ダメージ倍率 2.37倍。会心時の最終ダメージ+30% / 100%で防御力-75% (2ターン)"
"scorpion","スコーピオン","★3","S2","scorpion_s2_b","狩りの構え","ELECTRIC|LIGHT","","levelOverrides","false","1","SELF","4","攻撃力+30% (2ターン) / クリ率+20% (2ターン) / クリダメ+30% (2ターン) / 行動ゲージ+30%"
"scorpion","スコーピオン","★3","S2","scorpion_s2_b","狩りの構え","ELECTRIC|LIGHT","","levelOverrides","false","2","SELF","4","攻撃力+30% (2ターン) / クリ率+20% (2ターン) / クリダメ+30% (2ターン) / 行動ゲージ+35%"
"scorpion","スコーピオン","★3","S2","scorpion_s2_b","狩りの構え","ELECTRIC|LIGHT","","levelOverrides","false","3","SELF","4","攻撃力+30% (2ターン) / クリ率+20% (2ターン) / クリダメ+30% (2ターン) / 行動ゲージ+35%"
"scorpion","スコーピオン","★3","S2","scorpion_s2_b","狩りの構え","ELECTRIC|LIGHT","","levelOverrides","false","4","SELF","4","攻撃力+30% (2ターン) / クリ率+20% (2ターン) / クリダメ+30% (2ターン) / 行動ゲージ+35%"
"scorpion","スコーピオン","★3","S2","scorpion_s2_b","狩りの構え","ELECTRIC|LIGHT","","levelOverrides","false","5","SELF","3","攻撃力+30% (2ターン) / クリ率+20% (2ターン) / クリダメ+30% (2ターン) / 行動ゲージ+35%"
"scorpion","スコーピオン","★3","S2","scorpion_s2_c","麻痺針","WATER","","levelOverrides","false","1","SINGLE_ENEMY","3","ダメージ倍率 1.60倍 / 80%で速度-30% (2ターン) / 行動ゲージ-30% / 対象のHPが50%以下なら60%でスタン (1ターン)"
"scorpion","スコーピオン","★3","S2","scorpion_s2_c","麻痺針","WATER","","levelOverrides","false","2","SINGLE_ENEMY","3","ダメージ倍率 1.76倍 / 80%で速度-30% (2ターン) / 行動ゲージ-30% / 対象のHPが50%以下なら60%でスタン (1ターン)"
"scorpion","スコーピオン","★3","S2","scorpion_s2_c","麻痺針","WATER","","levelOverrides","false","3","SINGLE_ENEMY","3","ダメージ倍率 1.76倍 / 90%で速度-30% (2ターン) / 行動ゲージ-30% / 対象のHPが50%以下なら60%でスタン (1ターン)"
"scorpion","スコーピオン","★3","S2","scorpion_s2_c","麻痺針","WATER","","levelOverrides","false","4","SINGLE_ENEMY","3","ダメージ倍率 1.76倍 / 90%で速度-30% (2ターン) / 行動ゲージ-30% / 対象のHPが50%以下なら70%でスタン (1ターン)"
"scorpion","スコーピオン","★3","S2","scorpion_s2_c","麻痺針","WATER","","levelOverrides","false","5","SINGLE_ENEMY","2","ダメージ倍率 1.76倍 / 90%で速度-30% (2ターン) / 行動ゲージ-30% / 対象のHPが50%以下なら70%でスタン (1ターン)"
"scorpion","スコーピオン","★3","S3","scorpion_s3_a","デススティング","FIRE|ELECTRIC","","levelOverrides","false","1","SINGLE_ENEMY","5","ダメージ倍率 2.80倍 対象HP30%以下で最終ダメージ+60% 対象HP50%以下で最終ダメージ+35%"
"scorpion","スコーピオン","★3","S3","scorpion_s3_a","デススティング","FIRE|ELECTRIC","","levelOverrides","false","2","SINGLE_ENEMY","5","ダメージ倍率 3.08倍 対象HP30%以下で最終ダメージ+60% 対象HP50%以下で最終ダメージ+35%"
"scorpion","スコーピオン","★3","S3","scorpion_s3_a","デススティング","FIRE|ELECTRIC","","levelOverrides","false","3","SINGLE_ENEMY","5","ダメージ倍率 3.22倍 対象HP30%以下で最終ダメージ+60% 対象HP50%以下で最終ダメージ+35%"
"scorpion","スコーピオン","★3","S3","scorpion_s3_a","デススティング","FIRE|ELECTRIC","","levelOverrides","false","4","SINGLE_ENEMY","5","ダメージ倍率 3.50倍 対象HP30%以下で最終ダメージ+60% 対象HP50%以下で最終ダメージ+35%"
"scorpion","スコーピオン","★3","S3","scorpion_s3_a","デススティング","FIRE|ELECTRIC","","levelOverrides","false","5","SINGLE_ENEMY","4","ダメージ倍率 3.50倍 対象HP30%以下で最終ダメージ+60% 対象HP50%以下で最終ダメージ+35%"
"scorpion","スコーピオン","★3","S3","scorpion_s3_c","毒殺","GRASS","","levelOverrides","false","1","SINGLE_ENEMY","4","ダメージ倍率 2.60倍 対象の弱体効果1個につき最終ダメージ+10%(最大+40%)。弱体3個以上で防御100%無視"
"scorpion","スコーピオン","★3","S3","scorpion_s3_c","毒殺","GRASS","","levelOverrides","false","2","SINGLE_ENEMY","4","ダメージ倍率 2.80倍 対象の弱体効果1個につき最終ダメージ+10%(最大+40%)。弱体3個以上で防御100%無視"
"scorpion","スコーピオン","★3","S3","scorpion_s3_c","毒殺","GRASS","","levelOverrides","false","3","SINGLE_ENEMY","4","ダメージ倍率 3.00倍 対象の弱体効果1個につき最終ダメージ+10%(最大+40%)。弱体3個以上で防御100%無視"
"scorpion","スコーピオン","★3","S3","scorpion_s3_c","毒殺","GRASS","","levelOverrides","false","4","SINGLE_ENEMY","4","ダメージ倍率 3.30倍 対象の弱体効果1個につき最終ダメージ+10%(最大+40%)。弱体3個以上で防御100%無視"
"scorpion","スコーピオン","★3","S3","scorpion_s3_c","毒殺","GRASS","","levelOverrides","false","5","SINGLE_ENEMY","3","ダメージ倍率 3.30倍 対象の弱体効果1個につき最終ダメージ+10%(最大+40%)。弱体3個以上で防御100%無視"
"scorpion","スコーピオン","★3","S3","scorpion_s3_b","弱点看破","WATER","","passive","false","1","SELF","0","HP75%以下の敵へクリ率+25%・クリダメ+50%・防御35%無視"
"scorpion","スコーピオン","★3","S3","scorpion_s3_b","弱点看破","WATER","","passive","false","2","SELF","0","HP75%以下の敵へクリ率+30%・クリダメ+50%・防御35%無視"
"scorpion","スコーピオン","★3","S3","scorpion_s3_b","弱点看破","WATER","","passive","false","3","SELF","0","HP75%以下の敵へクリ率+30%・クリダメ+60%・防御35%無視"
"scorpion","スコーピオン","★3","S3","scorpion_s3_b","弱点看破","WATER","","passive","false","4","SELF","0","HP75%以下の敵へクリ率+30%・クリダメ+60%・防御40%無視"
"scorpion","スコーピオン","★3","S3","scorpion_s3_b","弱点看破","WATER","","passive","false","5","SELF","0","HP80%以下の敵へクリ率+30%・クリダメ+60%・防御40%無視"
"scorpion","スコーピオン","★3","S3","scorpion_s3_light","ホーリーピアース","LIGHT","LIGHT","levelOverrides","false","1","SINGLE_ENEMY","4","ダメージ倍率 2.80倍 / 1回以上クリティカルしたら有利な効果(シールド・無効・能力上昇)を解除"
"scorpion","スコーピオン","★3","S3","scorpion_s3_light","ホーリーピアース","LIGHT","LIGHT","levelOverrides","false","2","SINGLE_ENEMY","4","ダメージ倍率 3.08倍 / 1回以上クリティカルしたら有利な効果(シールド・無効・能力上昇)を解除"
"scorpion","スコーピオン","★3","S3","scorpion_s3_light","ホーリーピアース","LIGHT","LIGHT","levelOverrides","false","3","SINGLE_ENEMY","4","ダメージ倍率 3.22倍 / 1回以上クリティカルしたら有利な効果(シールド・無効・能力上昇)を解除"
"scorpion","スコーピオン","★3","S3","scorpion_s3_light","ホーリーピアース","LIGHT","LIGHT","levelOverrides","false","4","SINGLE_ENEMY","4","ダメージ倍率 3.50倍 / 1回以上クリティカルしたら有利な効果(シールド・無効・能力上昇)を解除"
"scorpion","スコーピオン","★3","S3","scorpion_s3_light","ホーリーピアース","LIGHT","LIGHT","levelOverrides","false","5","SINGLE_ENEMY","3","ダメージ倍率 3.50倍 / 1回以上クリティカルしたら有利な効果(シールド・無効・能力上昇)を解除"
"scorpion","スコーピオン","★3","S3","scorpion_s3_dark","アサシネイト","DARK","DARK","levelOverrides","false","1","SINGLE_ENEMY","5","ダメージ倍率 2.50倍(防御力無視)"
"scorpion","スコーピオン","★3","S3","scorpion_s3_dark","アサシネイト","DARK","DARK","levelOverrides","false","2","SINGLE_ENEMY","5","ダメージ倍率 2.63倍(防御力無視)"
"scorpion","スコーピオン","★3","S3","scorpion_s3_dark","アサシネイト","DARK","DARK","levelOverrides","false","3","SINGLE_ENEMY","5","ダメージ倍率 2.75倍(防御力無視)"
"scorpion","スコーピオン","★3","S3","scorpion_s3_dark","アサシネイト","DARK","DARK","levelOverrides","false","4","SINGLE_ENEMY","5","ダメージ倍率 3.00倍(防御力無視)"
"scorpion","スコーピオン","★3","S3","scorpion_s3_dark","アサシネイト","DARK","DARK","levelOverrides","false","5","SINGLE_ENEMY","4","ダメージ倍率 3.00倍(防御力無視)"
"harpy","ハーピー","★4","S1","harpy_s1","フェザースラッシュ","FIRE|GRASS|ELECTRIC|WATER|LIGHT|DARK","","levelOverrides","false","1","ALL_ENEMIES","0","ダメージ倍率 0.70倍 / 20%で攻撃力-50% (2ターン) / 敵が3体以上いる時、自身の行動ゲージ+10% / gaugeIfThreeEnemies=0.1"
"harpy","ハーピー","★4","S1","harpy_s1","フェザースラッシュ","FIRE|GRASS|ELECTRIC|WATER|LIGHT|DARK","","levelOverrides","false","2","ALL_ENEMIES","0","ダメージ倍率 0.80倍 / 20%で攻撃力-50% (2ターン) / 敵が3体以上いる時、自身の行動ゲージ+10% / gaugeIfThreeEnemies=0.1"
"harpy","ハーピー","★4","S1","harpy_s1","フェザースラッシュ","FIRE|GRASS|ELECTRIC|WATER|LIGHT|DARK","","levelOverrides","false","3","ALL_ENEMIES","0","ダメージ倍率 0.80倍 / 25%で攻撃力-50% (2ターン) / 敵が3体以上いる時、自身の行動ゲージ+10% / gaugeIfThreeEnemies=0.1"
"harpy","ハーピー","★4","S1","harpy_s1","フェザースラッシュ","FIRE|GRASS|ELECTRIC|WATER|LIGHT|DARK","","levelOverrides","false","4","ALL_ENEMIES","0","ダメージ倍率 0.85倍 / 25%で攻撃力-50% (2ターン) / 敵が3体以上いる時、自身の行動ゲージ+10% / gaugeIfThreeEnemies=0.1"
"harpy","ハーピー","★4","S1","harpy_s1","フェザースラッシュ","FIRE|GRASS|ELECTRIC|WATER|LIGHT|DARK","","levelOverrides","false","5","ALL_ENEMIES","0","ダメージ倍率 0.85倍 / 30%で攻撃力-50% (2ターン) / 敵が3体以上いる時、自身の行動ゲージ+10% / gaugeIfThreeEnemies=0.1"
"harpy","ハーピー","★4","S2","harpy_s2_a","急降下","FIRE|GRASS","","levelOverrides","false","1","SINGLE_ENEMY","3","ダメージ倍率 2.40倍。対象HP100%で最終ダメージ+30% / 1回以上クリティカルしたら自身の行動ゲージ+40%"
"harpy","ハーピー","★4","S2","harpy_s2_a","急降下","FIRE|GRASS","","levelOverrides","false","2","SINGLE_ENEMY","3","ダメージ倍率 2.65倍。対象HP100%で最終ダメージ+30% / 1回以上クリティカルしたら自身の行動ゲージ+40%"
"harpy","ハーピー","★4","S2","harpy_s2_a","急降下","FIRE|GRASS","","levelOverrides","false","3","SINGLE_ENEMY","3","ダメージ倍率 2.80倍。対象HP100%で最終ダメージ+30% / 1回以上クリティカルしたら自身の行動ゲージ+40%"
"harpy","ハーピー","★4","S2","harpy_s2_a","急降下","FIRE|GRASS","","levelOverrides","false","4","SINGLE_ENEMY","3","ダメージ倍率 3.00倍。対象HP100%で最終ダメージ+30% / 1回以上クリティカルしたら自身の行動ゲージ+40%"
"harpy","ハーピー","★4","S2","harpy_s2_a","急降下","FIRE|GRASS","","levelOverrides","false","5","SINGLE_ENEMY","2","ダメージ倍率 3.00倍。対象HP100%で最終ダメージ+30% / 1回以上クリティカルしたら自身の行動ゲージ+40%"
"harpy","ハーピー","★4","S2","harpy_s2_b","羽ばたき","ELECTRIC|LIGHT","","levelOverrides","false","1","SELF","4","攻撃力+30% (2ターン) / 使用後、即時に追加ターンを獲得 / extraTurn=true"
"harpy","ハーピー","★4","S2","harpy_s2_b","羽ばたき","ELECTRIC|LIGHT","","levelOverrides","false","2","SELF","4","攻撃力+30% (2ターン) / 使用後、即時に追加ターンを獲得 / extraTurn=true"
"harpy","ハーピー","★4","S2","harpy_s2_b","羽ばたき","ELECTRIC|LIGHT","","levelOverrides","false","3","SELF","4","攻撃力+30% (2ターン) / 使用後、即時に追加ターンを獲得 / extraTurn=true"
"harpy","ハーピー","★4","S2","harpy_s2_b","羽ばたき","ELECTRIC|LIGHT","","levelOverrides","false","4","SELF","4","攻撃力+30% (2ターン) / 使用後、即時に追加ターンを獲得 / extraTurn=true"
"harpy","ハーピー","★4","S2","harpy_s2_b","羽ばたき","ELECTRIC|LIGHT","","levelOverrides","false","5","SELF","3","攻撃力+30% (2ターン) / 使用後、即時に追加ターンを獲得 / extraTurn=true"
"harpy","ハーピー","★4","S2","harpy_s2_c","ツインフェザー","WATER|DARK","","levelOverrides","false","1","ALL_ENEMIES","3","ダメージ倍率 0.70倍 × 2回。対象HP100%で最終ダメージ+25%。各ヒットごとに: 50%で速度-30% (2ターン)"
"harpy","ハーピー","★4","S2","harpy_s2_c","ツインフェザー","WATER|DARK","","levelOverrides","false","2","ALL_ENEMIES","3","ダメージ倍率 0.80倍 × 2回。対象HP100%で最終ダメージ+25%。各ヒットごとに: 50%で速度-30% (2ターン)"
"harpy","ハーピー","★4","S2","harpy_s2_c","ツインフェザー","WATER|DARK","","levelOverrides","false","3","ALL_ENEMIES","3","ダメージ倍率 0.80倍 × 2回。対象HP100%で最終ダメージ+25%。各ヒットごとに: 60%で速度-30% (2ターン)"
"harpy","ハーピー","★4","S2","harpy_s2_c","ツインフェザー","WATER|DARK","","levelOverrides","false","4","ALL_ENEMIES","3","ダメージ倍率 0.85倍 × 2回。対象HP100%で最終ダメージ+25%。各ヒットごとに: 60%で速度-30% (2ターン)"
"harpy","ハーピー","★4","S2","harpy_s2_c","ツインフェザー","WATER|DARK","","levelOverrides","false","5","ALL_ENEMIES","2","ダメージ倍率 0.85倍 × 2回。対象HP100%で最終ダメージ+25%。各ヒットごとに: 60%で速度-30% (2ターン)"
"harpy","ハーピー","★4","S3","harpy_s3_c","掃討","FIRE|ELECTRIC","","levelOverrides","false","1","ALL_ENEMIES","5","60%で防御力-75% (1ターン) / ダメージ倍率 2.10倍 対象HP50%以下で最終ダメージ+30%"
"harpy","ハーピー","★4","S3","harpy_s3_c","掃討","FIRE|ELECTRIC","","levelOverrides","false","2","ALL_ENEMIES","5","60%で防御力-75% (1ターン) / ダメージ倍率 2.35倍 対象HP50%以下で最終ダメージ+30%"
"harpy","ハーピー","★4","S3","harpy_s3_c","掃討","FIRE|ELECTRIC","","levelOverrides","false","3","ALL_ENEMIES","5","70%で防御力-75% (1ターン) / ダメージ倍率 2.35倍 対象HP50%以下で最終ダメージ+30%"
"harpy","ハーピー","★4","S3","harpy_s3_c","掃討","FIRE|ELECTRIC","","levelOverrides","false","4","ALL_ENEMIES","5","70%で防御力-75% (1ターン) / ダメージ倍率 2.55倍 対象HP50%以下で最終ダメージ+30%"
"harpy","ハーピー","★4","S3","harpy_s3_c","掃討","FIRE|ELECTRIC","","levelOverrides","false","5","ALL_ENEMIES","4","70%で防御力-75% (1ターン) / ダメージ倍率 2.55倍 対象HP50%以下で最終ダメージ+30%"
"harpy","ハーピー","★4","S3","harpy_s3_b","空の支配者","GRASS","","passive","false","1","SELF","0","敵を倒すたび攻撃+10%・クリダメ+15%(最大8スタック)。ウェーブを越えて維持、戦闘終了でリセット"
"harpy","ハーピー","★4","S3","harpy_s3_b","空の支配者","GRASS","","passive","false","2","SELF","0","敵を倒すたび攻撃+11%・クリダメ+15%(最大8スタック)。ウェーブを越えて維持、戦闘終了でリセット"
"harpy","ハーピー","★4","S3","harpy_s3_b","空の支配者","GRASS","","passive","false","3","SELF","0","敵を倒すたび攻撃+11%・クリダメ+17.5%(最大8スタック)。ウェーブを越えて維持、戦闘終了でリセット"
"harpy","ハーピー","★4","S3","harpy_s3_b","空の支配者","GRASS","","passive","false","4","SELF","0","敵を倒すたび攻撃+12.5%・クリダメ+17.5%(最大8スタック)。ウェーブを越えて維持、戦闘終了でリセット"
"harpy","ハーピー","★4","S3","harpy_s3_b","空の支配者","GRASS","","passive","false","5","SELF","0","敵を倒すたび攻撃+12.5%・クリダメ+20%(最大8スタック)。ウェーブを越えて維持、戦闘終了でリセット"
"harpy","ハーピー","★4","S3","harpy_s3_a","テンペスト","WATER","","levelOverrides","false","1","ALL_ENEMIES","5","ダメージ倍率 1.15倍 × 2回。各ヒットごとに: 60%で防御力-75% (2ターン) / このスキルで1体以上倒すと、このスキルのCTを全回復 / resetCooldownOnKill=true"
"harpy","ハーピー","★4","S3","harpy_s3_a","テンペスト","WATER","","levelOverrides","false","2","ALL_ENEMIES","5","ダメージ倍率 1.30倍 × 2回。各ヒットごとに: 60%で防御力-75% (2ターン) / このスキルで1体以上倒すと、このスキルのCTを全回復 / resetCooldownOnKill=true"
"harpy","ハーピー","★4","S3","harpy_s3_a","テンペスト","WATER","","levelOverrides","false","3","ALL_ENEMIES","5","ダメージ倍率 1.30倍 × 2回。各ヒットごとに: 70%で防御力-75% (2ターン) / このスキルで1体以上倒すと、このスキルのCTを全回復 / resetCooldownOnKill=true"
"harpy","ハーピー","★4","S3","harpy_s3_a","テンペスト","WATER","","levelOverrides","false","4","ALL_ENEMIES","5","ダメージ倍率 1.40倍 × 2回。各ヒットごとに: 70%で防御力-75% (2ターン) / このスキルで1体以上倒すと、このスキルのCTを全回復 / resetCooldownOnKill=true"
"harpy","ハーピー","★4","S3","harpy_s3_a","テンペスト","WATER","","levelOverrides","false","5","ALL_ENEMIES","4","ダメージ倍率 1.40倍 × 2回。各ヒットごとに: 70%で防御力-75% (2ターン) / このスキルで1体以上倒すと、このスキルのCTを全回復 / resetCooldownOnKill=true"
"harpy","ハーピー","★4","S3","harpy_s3_light","セレスティアルストーム","LIGHT","LIGHT","levelOverrides","false","1","ALL_ENEMIES","4","ダメージ倍率 1.35倍 / 味方全体の行動ゲージ+35% / 与ダメージ+20%(2ターン)"
"harpy","ハーピー","★4","S3","harpy_s3_light","セレスティアルストーム","LIGHT","LIGHT","levelOverrides","false","2","ALL_ENEMIES","4","ダメージ倍率 1.50倍 / 味方全体の行動ゲージ+35% / 与ダメージ+20%(2ターン)"
"harpy","ハーピー","★4","S3","harpy_s3_light","セレスティアルストーム","LIGHT","LIGHT","levelOverrides","false","3","ALL_ENEMIES","4","ダメージ倍率 1.50倍 / 味方全体の行動ゲージ+35% / 与ダメージ+25%(2ターン)"
"harpy","ハーピー","★4","S3","harpy_s3_light","セレスティアルストーム","LIGHT","LIGHT","levelOverrides","false","4","ALL_ENEMIES","4","ダメージ倍率 1.65倍 / 味方全体の行動ゲージ+35% / 与ダメージ+25%(2ターン)"
"harpy","ハーピー","★4","S3","harpy_s3_light","セレスティアルストーム","LIGHT","LIGHT","levelOverrides","false","5","ALL_ENEMIES","3","ダメージ倍率 1.65倍 / 味方全体の行動ゲージ+35% / 与ダメージ+25%(2ターン)"
"harpy","ハーピー","★4","S3","harpy_s3_dark","ブラックテンペスト","DARK","DARK","levelOverrides","false","1","ALL_ENEMIES","5","ダメージ倍率 2.20倍 対象の弱体効果1個につき最終ダメージ+10%(最大+40%)"
"harpy","ハーピー","★4","S3","harpy_s3_dark","ブラックテンペスト","DARK","DARK","levelOverrides","false","2","ALL_ENEMIES","5","ダメージ倍率 2.45倍 対象の弱体効果1個につき最終ダメージ+10%(最大+40%)"
"harpy","ハーピー","★4","S3","harpy_s3_dark","ブラックテンペスト","DARK","DARK","levelOverrides","false","3","ALL_ENEMIES","5","ダメージ倍率 2.55倍 対象の弱体効果1個につき最終ダメージ+10%(最大+40%)"
"harpy","ハーピー","★4","S3","harpy_s3_dark","ブラックテンペスト","DARK","DARK","levelOverrides","false","4","ALL_ENEMIES","5","ダメージ倍率 2.75倍 対象の弱体効果1個につき最終ダメージ+10%(最大+40%)"
"harpy","ハーピー","★4","S3","harpy_s3_dark","ブラックテンペスト","DARK","DARK","levelOverrides","false","5","ALL_ENEMIES","4","ダメージ倍率 2.75倍 対象の弱体効果1個につき最終ダメージ+10%(最大+40%)"
"phoenix","フェニックス","★5","S1","phoenix_s1","生命の火","FIRE|GRASS|ELECTRIC|WATER|LIGHT|DARK","","levelOverrides","false","1","SINGLE_ENEMY","0","ダメージ倍率 0.70倍(最大HPの7.5%を加算)。対象の現在HP割合が高いほど最終ダメージ上昇(最大+30%)"
"phoenix","フェニックス","★5","S1","phoenix_s1","生命の火","FIRE|GRASS|ELECTRIC|WATER|LIGHT|DARK","","levelOverrides","false","2","SINGLE_ENEMY","0","ダメージ倍率 0.75倍(最大HPの8%を加算)。対象の現在HP割合が高いほど最終ダメージ上昇(最大+30%)"
"phoenix","フェニックス","★5","S1","phoenix_s1","生命の火","FIRE|GRASS|ELECTRIC|WATER|LIGHT|DARK","","levelOverrides","false","3","SINGLE_ENEMY","0","ダメージ倍率 0.80倍(最大HPの8.5%を加算)。対象の現在HP割合が高いほど最終ダメージ上昇(最大+30%)"
"phoenix","フェニックス","★5","S1","phoenix_s1","生命の火","FIRE|GRASS|ELECTRIC|WATER|LIGHT|DARK","","levelOverrides","false","4","SINGLE_ENEMY","0","ダメージ倍率 0.85倍(最大HPの9%を加算)。対象の現在HP割合が高いほど最終ダメージ上昇(最大+30%)"
"phoenix","フェニックス","★5","S1","phoenix_s1","生命の火","FIRE|GRASS|ELECTRIC|WATER|LIGHT|DARK","","levelOverrides","false","5","SINGLE_ENEMY","0","ダメージ倍率 0.90倍(最大HPの9.5%を加算)。対象の現在HP割合が高いほど最終ダメージ上昇(最大+30%)"
"phoenix","フェニックス","★5","S2","phoenix_s2_c","炎の翼","FIRE|DARK","","levelOverrides","false","1","ALL_ENEMIES","4","ダメージ倍率 0.80倍(最大HPの8%を加算) / 75%で治癒阻害 (2ターン、回復を受けられない) / 味方全体を回復 術者の最大HPの10%"
"phoenix","フェニックス","★5","S2","phoenix_s2_c","炎の翼","FIRE|DARK","","levelOverrides","false","2","ALL_ENEMIES","4","ダメージ倍率 0.88倍(最大HPの8.8%を加算) / 75%で治癒阻害 (2ターン、回復を受けられない) / 味方全体を回復 術者の最大HPの10%"
"phoenix","フェニックス","★5","S2","phoenix_s2_c","炎の翼","FIRE|DARK","","levelOverrides","false","3","ALL_ENEMIES","4","ダメージ倍率 0.88倍(最大HPの8.8%を加算) / 85%で治癒阻害 (2ターン、回復を受けられない) / 味方全体を回復 術者の最大HPの10%"
"phoenix","フェニックス","★5","S2","phoenix_s2_c","炎の翼","FIRE|DARK","","levelOverrides","false","4","ALL_ENEMIES","4","ダメージ倍率 0.88倍(最大HPの8.8%を加算) / 85%で治癒阻害 (2ターン、回復を受けられない) / 味方全体を回復 術者の最大HPの12%"
"phoenix","フェニックス","★5","S2","phoenix_s2_c","炎の翼","FIRE|DARK","","levelOverrides","false","5","ALL_ENEMIES","3","ダメージ倍率 0.88倍(最大HPの8.8%を加算) / 85%で治癒阻害 (2ターン、回復を受けられない) / 味方全体を回復 術者の最大HPの12%"
"phoenix","フェニックス","★5","S2","phoenix_s2_b","命の火種","GRASS","","levelOverrides","false","1","SINGLE_ALLY","3","回復 術者の最大HPの25% / 継続回復 最大HPの15.0% (3ターン、自身のターン開始時) / 速度+20% (2ターン)"
"phoenix","フェニックス","★5","S2","phoenix_s2_b","命の火種","GRASS","","levelOverrides","false","2","SINGLE_ALLY","3","回復 術者の最大HPの27.5% / 継続回復 最大HPの15.0% (3ターン、自身のターン開始時) / 速度+20% (2ターン)"
"phoenix","フェニックス","★5","S2","phoenix_s2_b","命の火種","GRASS","","levelOverrides","false","3","SINGLE_ALLY","3","回復 術者の最大HPの30% / 継続回復 最大HPの15.0% (3ターン、自身のターン開始時) / 速度+20% (2ターン)"
"phoenix","フェニックス","★5","S2","phoenix_s2_b","命の火種","GRASS","","levelOverrides","false","4","SINGLE_ALLY","3","回復 術者の最大HPの30% / 継続回復 最大HPの20.0% (3ターン、自身のターン開始時) / 速度+20% (2ターン)"
"phoenix","フェニックス","★5","S2","phoenix_s2_b","命の火種","GRASS","","levelOverrides","false","5","SINGLE_ALLY","2","回復 術者の最大HPの30% / 継続回復 最大HPの20.0% (3ターン、自身のターン開始時) / 速度+20% (2ターン)"
"phoenix","フェニックス","★5","S2","phoenix_s2_a","癒しの炎","ELECTRIC|WATER|LIGHT","","levelOverrides","false","1","SINGLE_ALLY","3","回復 術者の最大HPの20% / デバフを1個解除 / 状態異常無効 (1ターン)"
"phoenix","フェニックス","★5","S2","phoenix_s2_a","癒しの炎","ELECTRIC|WATER|LIGHT","","levelOverrides","false","2","SINGLE_ALLY","3","回復 術者の最大HPの22% / デバフを1個解除 / 状態異常無効 (1ターン)"
"phoenix","フェニックス","★5","S2","phoenix_s2_a","癒しの炎","ELECTRIC|WATER|LIGHT","","levelOverrides","false","3","SINGLE_ALLY","3","回復 術者の最大HPの24% / デバフを1個解除 / 状態異常無効 (1ターン)"
"phoenix","フェニックス","★5","S2","phoenix_s2_a","癒しの炎","ELECTRIC|WATER|LIGHT","","levelOverrides","false","4","SINGLE_ALLY","3","回復 術者の最大HPの24% / デバフを2個解除 / 状態異常無効 (1ターン)"
"phoenix","フェニックス","★5","S2","phoenix_s2_a","癒しの炎","ELECTRIC|WATER|LIGHT","","levelOverrides","false","5","SINGLE_ALLY","2","回復 術者の最大HPの24% / デバフを2個解除 / 状態異常無効 (1ターン)"
"phoenix","フェニックス","★5","S3","phoenix_s3_c","灼熱転生","FIRE","","levelOverrides","false","1","ALL_ENEMIES","5","ダメージ倍率 1.20倍(最大HPの18%を加算) / 味方全体の攻撃力+30% (2ターン) / 味方全体にシールド 自身の最大HPの15% (3ターン、ダメージを肩代わり)"
"phoenix","フェニックス","★5","S3","phoenix_s3_c","灼熱転生","FIRE","","levelOverrides","false","2","ALL_ENEMIES","5","ダメージ倍率 1.35倍(最大HPの20%を加算) / 味方全体の攻撃力+30% (2ターン) / 味方全体にシールド 自身の最大HPの15% (3ターン、ダメージを肩代わり)"
"phoenix","フェニックス","★5","S3","phoenix_s3_c","灼熱転生","FIRE","","levelOverrides","false","3","ALL_ENEMIES","5","ダメージ倍率 1.35倍(最大HPの20%を加算) / 味方全体の攻撃力+30% (2ターン) / 味方全体にシールド 自身の最大HPの18% (3ターン、ダメージを肩代わり)"
"phoenix","フェニックス","★5","S3","phoenix_s3_c","灼熱転生","FIRE","","levelOverrides","false","4","ALL_ENEMIES","5","ダメージ倍率 1.45倍(最大HPの22%を加算) / 味方全体の攻撃力+30% (2ターン) / 味方全体にシールド 自身の最大HPの18% (3ターン、ダメージを肩代わり)"
"phoenix","フェニックス","★5","S3","phoenix_s3_c","灼熱転生","FIRE","","levelOverrides","false","5","ALL_ENEMIES","4","ダメージ倍率 1.45倍(最大HPの22%を加算) / 味方全体の攻撃力+30% (2ターン) / 味方全体にシールド 自身の最大HPの18% (3ターン、ダメージを肩代わり)"
"phoenix","フェニックス","★5","S3","phoenix_s3_a","再生の炎","GRASS","","levelOverrides","false","1","ALL_ALLIES","5","回復 術者の最大HPの15% / 防御力+30% (2ターン) / 継続回復 最大HPの15.0% (2ターン、自身のターン開始時)"
"phoenix","フェニックス","★5","S3","phoenix_s3_a","再生の炎","GRASS","","levelOverrides","false","2","ALL_ALLIES","5","回復 術者の最大HPの17% / 防御力+30% (2ターン) / 継続回復 最大HPの15.0% (2ターン、自身のターン開始時)"
"phoenix","フェニックス","★5","S3","phoenix_s3_a","再生の炎","GRASS","","levelOverrides","false","3","ALL_ALLIES","5","回復 術者の最大HPの20% / 防御力+30% (2ターン) / 継続回復 最大HPの15.0% (2ターン、自身のターン開始時)"
"phoenix","フェニックス","★5","S3","phoenix_s3_a","再生の炎","GRASS","","levelOverrides","false","4","ALL_ALLIES","5","回復 術者の最大HPの20% / 防御力+30% (2ターン) / 継続回復 最大HPの20.0% (2ターン、自身のターン開始時)"
"phoenix","フェニックス","★5","S3","phoenix_s3_a","再生の炎","GRASS","","levelOverrides","false","5","ALL_ALLIES","4","回復 術者の最大HPの20% / 防御力+30% (2ターン) / 継続回復 最大HPの20.0% (2ターン、自身のターン開始時)"
"phoenix","フェニックス","★5","S3","phoenix_s3_electric","雷光再生","ELECTRIC","","levelOverrides","false","1","ALL_ALLIES","5","回復 術者の最大HPの18% / 行動ゲージ+25% / 速度+20% (2ターン) / デバフを1個解除"
"phoenix","フェニックス","★5","S3","phoenix_s3_electric","雷光再生","ELECTRIC","","levelOverrides","false","2","ALL_ALLIES","5","回復 術者の最大HPの20% / 行動ゲージ+25% / 速度+20% (2ターン) / デバフを1個解除"
"phoenix","フェニックス","★5","S3","phoenix_s3_electric","雷光再生","ELECTRIC","","levelOverrides","false","3","ALL_ALLIES","5","回復 術者の最大HPの22% / 行動ゲージ+25% / 速度+20% (2ターン) / デバフを1個解除"
"phoenix","フェニックス","★5","S3","phoenix_s3_electric","雷光再生","ELECTRIC","","levelOverrides","false","4","ALL_ALLIES","5","回復 術者の最大HPの22% / 行動ゲージ+30% / 速度+20% (2ターン) / デバフを1個解除"
"phoenix","フェニックス","★5","S3","phoenix_s3_electric","雷光再生","ELECTRIC","","levelOverrides","false","5","ALL_ALLIES","4","回復 術者の最大HPの22% / 行動ゲージ+30% / 速度+20% (2ターン) / デバフを1個解除"
"phoenix","フェニックス","★5","S3","phoenix_s3_b","不死鳥の羽","WATER","","levelOverrides","false","1","ALL_ALLIES","5","回復 術者の最大HPの18% / デバフを2個解除 / 状態異常無効 (2ターン) / 行動ゲージ+20%"
"phoenix","フェニックス","★5","S3","phoenix_s3_b","不死鳥の羽","WATER","","levelOverrides","false","2","ALL_ALLIES","5","回復 術者の最大HPの20% / デバフを2個解除 / 状態異常無効 (2ターン) / 行動ゲージ+20%"
"phoenix","フェニックス","★5","S3","phoenix_s3_b","不死鳥の羽","WATER","","levelOverrides","false","3","ALL_ALLIES","5","回復 術者の最大HPの22% / デバフを2個解除 / 状態異常無効 (2ターン) / 行動ゲージ+20%"
"phoenix","フェニックス","★5","S3","phoenix_s3_b","不死鳥の羽","WATER","","levelOverrides","false","4","ALL_ALLIES","5","回復 術者の最大HPの22% / デバフを3個解除 / 状態異常無効 (2ターン) / 行動ゲージ+20%"
"phoenix","フェニックス","★5","S3","phoenix_s3_b","不死鳥の羽","WATER","","levelOverrides","false","5","ALL_ALLIES","4","回復 術者の最大HPの22% / デバフを3個解除 / 状態異常無効 (2ターン) / 行動ゲージ+20%"
"phoenix","フェニックス","★5","S3","phoenix_s3_light","輪廻の聖炎","LIGHT","LIGHT","levelOverrides","false","1","SINGLE_ALLY","8","無敵 (3ターン) / 継続回復 最大HPの15.0% (2ターン、自身のターン開始時)"
"phoenix","フェニックス","★5","S3","phoenix_s3_light","輪廻の聖炎","LIGHT","LIGHT","levelOverrides","false","2","SINGLE_ALLY","8","無敵 (3ターン) / 継続回復 最大HPの18.0% (2ターン、自身のターン開始時)"
"phoenix","フェニックス","★5","S3","phoenix_s3_light","輪廻の聖炎","LIGHT","LIGHT","levelOverrides","false","3","SINGLE_ALLY","8","無敵 (3ターン) / 継続回復 最大HPの20.0% (2ターン、自身のターン開始時)"
"phoenix","フェニックス","★5","S3","phoenix_s3_light","輪廻の聖炎","LIGHT","LIGHT","levelOverrides","false","4","SINGLE_ALLY","8","無敵 (3ターン) / 継続回復 最大HPの20.0% (3ターン、自身のターン開始時)"
"phoenix","フェニックス","★5","S3","phoenix_s3_light","輪廻の聖炎","LIGHT","LIGHT","levelOverrides","false","5","SINGLE_ALLY","7","無敵 (3ターン) / 継続回復 最大HPの20.0% (3ターン、自身のターン開始時)"
"phoenix","フェニックス","★5","S3","phoenix_s3_dark","輪廻転生","DARK","DARK","passive","false","1","SELF","0","自身のターン開始時、味方全体を自身最大HP8%回復。敵の現在HP割合に応じ与ダメージ最大+50%。HP0で全回復復活、ゲージ維持(CT9、戦闘不能中は進まない)"
"phoenix","フェニックス","★5","S3","phoenix_s3_dark","輪廻転生","DARK","DARK","passive","false","2","SELF","0","自身のターン開始時、味方全体を自身最大HP10%回復。敵の現在HP割合に応じ与ダメージ最大+50%。HP0で全回復復活、ゲージ維持(CT9、戦闘不能中は進まない)"
"phoenix","フェニックス","★5","S3","phoenix_s3_dark","輪廻転生","DARK","DARK","passive","false","3","SELF","0","自身のターン開始時、味方全体を自身最大HP10%回復。敵の現在HP割合に応じ与ダメージ最大+55%。HP0で全回復復活、ゲージ維持(CT9、戦闘不能中は進まない)"
"phoenix","フェニックス","★5","S3","phoenix_s3_dark","輪廻転生","DARK","DARK","passive","false","4","SELF","0","自身のターン開始時、味方全体を自身最大HP10%回復。敵の現在HP割合に応じ与ダメージ最大+55%。HP0で全回復復活、ゲージ維持(CT9、戦闘不能中は進まない)"
"phoenix","フェニックス","★5","S3","phoenix_s3_dark","輪廻転生","DARK","DARK","passive","false","5","SELF","0","自身のターン開始時、味方全体を自身最大HP10%回復。敵の現在HP割合に応じ与ダメージ最大+55%。HP0で全回復復活、ゲージ維持(CT8、戦闘不能中は進まない)"
"joker","ジョーカー","★5","S1","joker_s1","呪いの札","FIRE|GRASS|ELECTRIC|WATER|LIGHT|DARK","","levelOverrides","false","1","SINGLE_ENEMY","0","ダメージ倍率 1.10倍 / 50%でスキル使用不可 (1ターン) / 30%で呪い1個(対象の2回目のターン開始時、付与時攻撃力×4の固定ダメージと1ターンスタン)"
"joker","ジョーカー","★5","S1","joker_s1","呪いの札","FIRE|GRASS|ELECTRIC|WATER|LIGHT|DARK","","levelOverrides","false","2","SINGLE_ENEMY","0","ダメージ倍率 1.20倍 / 50%でスキル使用不可 (1ターン) / 30%で呪い1個(対象の2回目のターン開始時、付与時攻撃力×4の固定ダメージと1ターンスタン)"
"joker","ジョーカー","★5","S1","joker_s1","呪いの札","FIRE|GRASS|ELECTRIC|WATER|LIGHT|DARK","","levelOverrides","false","3","SINGLE_ENEMY","0","ダメージ倍率 1.30倍 / 60%でスキル使用不可 (1ターン) / 30%で呪い1個(対象の2回目のターン開始時、付与時攻撃力×4の固定ダメージと1ターンスタン)"
"joker","ジョーカー","★5","S1","joker_s1","呪いの札","FIRE|GRASS|ELECTRIC|WATER|LIGHT|DARK","","levelOverrides","false","4","SINGLE_ENEMY","0","ダメージ倍率 1.40倍 / 60%でスキル使用不可 (1ターン) / 40%で呪い1個(対象の2回目のターン開始時、付与時攻撃力×4の固定ダメージと1ターンスタン)"
"joker","ジョーカー","★5","S1","joker_s1","呪いの札","FIRE|GRASS|ELECTRIC|WATER|LIGHT|DARK","","levelOverrides","false","5","SINGLE_ENEMY","0","ダメージ倍率 1.50倍 / 70%でスキル使用不可 (1ターン) / 40%で呪い1個(対象の2回目のターン開始時、付与時攻撃力×4の固定ダメージと1ターンスタン)"
"joker","ジョーカー","★5","S2","joker_s2_a","悪魔の囁き","FIRE|LIGHT","","levelOverrides","false","1","SINGLE_ENEMY","3","ダメージ倍率 1.50倍 / 70%で攻撃力-50% (2ターン) / 70%で防御力-75% (2ターン) / 70%で治癒阻害 (2ターン、回復を受けられない)"
"joker","ジョーカー","★5","S2","joker_s2_a","悪魔の囁き","FIRE|LIGHT","","levelOverrides","false","2","SINGLE_ENEMY","3","ダメージ倍率 1.60倍 / 70%で攻撃力-50% (2ターン) / 70%で防御力-75% (2ターン) / 70%で治癒阻害 (2ターン、回復を受けられない)"
"joker","ジョーカー","★5","S2","joker_s2_a","悪魔の囁き","FIRE|LIGHT","","levelOverrides","false","3","SINGLE_ENEMY","3","ダメージ倍率 1.70倍 / 80%で攻撃力-50% (2ターン) / 80%で防御力-75% (2ターン) / 80%で治癒阻害 (2ターン、回復を受けられない)"
"joker","ジョーカー","★5","S2","joker_s2_a","悪魔の囁き","FIRE|LIGHT","","levelOverrides","false","4","SINGLE_ENEMY","3","ダメージ倍率 1.80倍 / 90%で攻撃力-50% (2ターン) / 90%で防御力-75% (2ターン) / 90%で治癒阻害 (2ターン、回復を受けられない)"
"joker","ジョーカー","★5","S2","joker_s2_a","悪魔の囁き","FIRE|LIGHT","","levelOverrides","false","5","SINGLE_ENEMY","2","ダメージ倍率 1.80倍 / 90%で攻撃力-50% (2ターン) / 90%で防御力-75% (2ターン) / 90%で治癒阻害 (2ターン、回復を受けられない)"
"joker","ジョーカー","★5","S2","joker_s2_c","悪意の振り撒き","GRASS|WATER","","levelOverrides","false","1","ALL_ENEMIES","4","70%で呪い1個(対象の2回目のターン開始時、付与時攻撃力×4の固定ダメージと1ターンスタン) / 70%で暗闇 (2ターン、攻撃時50%でダメージ-75%・追加効果なし) / 60%で行動ゲージ-25%"
"joker","ジョーカー","★5","S2","joker_s2_c","悪意の振り撒き","GRASS|WATER","","levelOverrides","false","2","ALL_ENEMIES","4","80%で呪い1個(対象の2回目のターン開始時、付与時攻撃力×4の固定ダメージと1ターンスタン) / 70%で暗闇 (2ターン、攻撃時50%でダメージ-75%・追加効果なし) / 60%で行動ゲージ-25%"
"joker","ジョーカー","★5","S2","joker_s2_c","悪意の振り撒き","GRASS|WATER","","levelOverrides","false","3","ALL_ENEMIES","4","80%で呪い1個(対象の2回目のターン開始時、付与時攻撃力×4の固定ダメージと1ターンスタン) / 80%で暗闇 (2ターン、攻撃時50%でダメージ-75%・追加効果なし) / 70%で行動ゲージ-25%"
"joker","ジョーカー","★5","S2","joker_s2_c","悪意の振り撒き","GRASS|WATER","","levelOverrides","false","4","ALL_ENEMIES","4","90%で呪い1個(対象の2回目のターン開始時、付与時攻撃力×4の固定ダメージと1ターンスタン) / 80%で暗闇 (2ターン、攻撃時50%でダメージ-75%・追加効果なし) / 70%で行動ゲージ-25%"
"joker","ジョーカー","★5","S2","joker_s2_c","悪意の振り撒き","GRASS|WATER","","levelOverrides","false","5","ALL_ENEMIES","3","90%で呪い1個(対象の2回目のターン開始時、付与時攻撃力×4の固定ダメージと1ターンスタン) / 90%で暗闇 (2ターン、攻撃時50%でダメージ-75%・追加効果なし) / 80%で行動ゲージ-25%"
"joker","ジョーカー","★5","S2","joker_s2_b","最低なイタズラ","ELECTRIC|DARK","","levelOverrides","false","1","SINGLE_ENEMY","4","ダメージ倍率 1.20倍 / 対象の呪いをすべて即時発動 / 使用後、即時に追加ターンを獲得 / extraTurn=true / targetPriority=""CURSED"""
"joker","ジョーカー","★5","S2","joker_s2_b","最低なイタズラ","ELECTRIC|DARK","","levelOverrides","false","2","SINGLE_ENEMY","4","ダメージ倍率 1.30倍 / 対象の呪いをすべて即時発動 / 使用後、即時に追加ターンを獲得 / extraTurn=true / targetPriority=""CURSED"""
"joker","ジョーカー","★5","S2","joker_s2_b","最低なイタズラ","ELECTRIC|DARK","","levelOverrides","false","3","SINGLE_ENEMY","4","ダメージ倍率 1.40倍 / 対象の呪いをすべて即時発動 / 使用後、即時に追加ターンを獲得 / extraTurn=true / targetPriority=""CURSED"""
"joker","ジョーカー","★5","S2","joker_s2_b","最低なイタズラ","ELECTRIC|DARK","","levelOverrides","false","4","SINGLE_ENEMY","4","ダメージ倍率 1.50倍 / 対象の呪いをすべて即時発動 / 使用後、即時に追加ターンを獲得 / extraTurn=true / targetPriority=""CURSED"""
"joker","ジョーカー","★5","S2","joker_s2_b","最低なイタズラ","ELECTRIC|DARK","","levelOverrides","false","5","SINGLE_ENEMY","3","ダメージ倍率 1.50倍 / 対象の呪いをすべて即時発動 / 使用後、即時に追加ターンを獲得 / extraTurn=true / targetPriority=""CURSED"""
"joker","ジョーカー","★5","S3","joker_s3_c","ナイフジャグリング","FIRE|GRASS","","levelOverrides","false","1","SINGLE_ENEMY","5","ダメージ倍率 0.75倍 × 4回。各ヒットごとに: 25%で治癒阻害 (2ターン、回復を受けられない)、25%で強化不可 (2ターン)、25%で毒1スタック (1スタックにつき最大HPの5%、最大5スタック、2ターン)"
"joker","ジョーカー","★5","S3","joker_s3_c","ナイフジャグリング","FIRE|GRASS","","levelOverrides","false","2","SINGLE_ENEMY","5","ダメージ倍率 0.80倍 × 4回。各ヒットごとに: 25%で治癒阻害 (2ターン、回復を受けられない)、25%で強化不可 (2ターン)、25%で毒1スタック (1スタックにつき最大HPの5%、最大5スタック、2ターン)"
"joker","ジョーカー","★5","S3","joker_s3_c","ナイフジャグリング","FIRE|GRASS","","levelOverrides","false","3","SINGLE_ENEMY","5","ダメージ倍率 0.85倍 × 4回。各ヒットごとに: 30%で治癒阻害 (2ターン、回復を受けられない)、30%で強化不可 (2ターン)、30%で毒1スタック (1スタックにつき最大HPの5%、最大5スタック、2ターン)"
"joker","ジョーカー","★5","S3","joker_s3_c","ナイフジャグリング","FIRE|GRASS","","levelOverrides","false","4","SINGLE_ENEMY","5","ダメージ倍率 0.90倍 × 4回。各ヒットごとに: 35%で治癒阻害 (2ターン、回復を受けられない)、35%で強化不可 (2ターン)、35%で毒1スタック (1スタックにつき最大HPの5%、最大5スタック、2ターン)"
"joker","ジョーカー","★5","S3","joker_s3_c","ナイフジャグリング","FIRE|GRASS","","levelOverrides","false","5","SINGLE_ENEMY","4","ダメージ倍率 0.90倍 × 4回。各ヒットごとに: 35%で治癒阻害 (2ターン、回復を受けられない)、35%で強化不可 (2ターン)、35%で毒1スタック (1スタックにつき最大HPの5%、最大5スタック、2ターン)"
"joker","ジョーカー","★5","S3","joker_s3_a","バトルイリュージョン","ELECTRIC","","passive","false","1","SELF","0","光闇からのダメージ50%軽減・光闇への最終ダメージ+50%。通常ターン開始時、敵全体に攻撃力0.8倍と50%で呪い。追加ターンでは発動しない"
"joker","ジョーカー","★5","S3","joker_s3_a","バトルイリュージョン","ELECTRIC","","passive","false","2","SELF","0","光闇からのダメージ50%軽減・光闇への最終ダメージ+50%。通常ターン開始時、敵全体に攻撃力0.9倍と50%で呪い。追加ターンでは発動しない"
"joker","ジョーカー","★5","S3","joker_s3_a","バトルイリュージョン","ELECTRIC","","passive","false","3","SELF","0","光闇からのダメージ50%軽減・光闇への最終ダメージ+50%。通常ターン開始時、敵全体に攻撃力0.9倍と55%で呪い。追加ターンでは発動しない"
"joker","ジョーカー","★5","S3","joker_s3_a","バトルイリュージョン","ELECTRIC","","passive","false","4","SELF","0","光闇からのダメージ50%軽減・光闇への最終ダメージ+50%。通常ターン開始時、敵全体に攻撃力1倍と55%で呪い。追加ターンでは発動しない"
"joker","ジョーカー","★5","S3","joker_s3_a","バトルイリュージョン","ELECTRIC","","passive","false","5","SELF","0","光闇からのダメージ50%軽減・光闇への最終ダメージ+50%。通常ターン開始時、敵全体に攻撃力1倍と60%で呪い。追加ターンでは発動しない"
"joker","ジョーカー","★5","S3","joker_s3_b","ショータイム","WATER","","levelOverrides","false","1","ALL_ENEMIES","6","100%で有利な効果(シールド・無効・能力上昇)を解除 / 80%で防御力-75% (2ターン)"
"joker","ジョーカー","★5","S3","joker_s3_b","ショータイム","WATER","","levelOverrides","false","2","ALL_ENEMIES","6","100%で有利な効果(シールド・無効・能力上昇)を解除 / 85%で防御力-75% (2ターン)"
"joker","ジョーカー","★5","S3","joker_s3_b","ショータイム","WATER","","levelOverrides","false","3","ALL_ENEMIES","6","100%で有利な効果(シールド・無効・能力上昇)を解除 / 90%で防御力-75% (2ターン)"
"joker","ジョーカー","★5","S3","joker_s3_b","ショータイム","WATER","","levelOverrides","false","4","ALL_ENEMIES","6","100%で有利な効果(シールド・無効・能力上昇)を解除 / 100%で防御力-75% (2ターン)"
"joker","ジョーカー","★5","S3","joker_s3_b","ショータイム","WATER","","levelOverrides","false","5","ALL_ENEMIES","5","100%で有利な効果(シールド・無効・能力上昇)を解除 / 100%で防御力-75% (2ターン)"
"joker","ジョーカー","★5","S3","joker_s3_light","イカサマ","LIGHT","LIGHT","passive","false","1","SELF","0","クリティカル被ダメージ30%軽減。クリティカル被弾時、最大HP10%回復(敵1スキルにつき1回、致死時は回復しない)。全攻撃スキルに自身最大HP7%を加算"
"joker","ジョーカー","★5","S3","joker_s3_light","イカサマ","LIGHT","LIGHT","passive","false","2","SELF","0","クリティカル被ダメージ35%軽減。クリティカル被弾時、最大HP10%回復(敵1スキルにつき1回、致死時は回復しない)。全攻撃スキルに自身最大HP7%を加算"
"joker","ジョーカー","★5","S3","joker_s3_light","イカサマ","LIGHT","LIGHT","passive","false","3","SELF","0","クリティカル被ダメージ40%軽減。クリティカル被弾時、最大HP10%回復(敵1スキルにつき1回、致死時は回復しない)。全攻撃スキルに自身最大HP7%を加算"
"joker","ジョーカー","★5","S3","joker_s3_light","イカサマ","LIGHT","LIGHT","passive","false","4","SELF","0","クリティカル被ダメージ45%軽減。クリティカル被弾時、最大HP10%回復(敵1スキルにつき1回、致死時は回復しない)。全攻撃スキルに自身最大HP7%を加算"
"joker","ジョーカー","★5","S3","joker_s3_light","イカサマ","LIGHT","LIGHT","passive","false","5","SELF","0","クリティカル被ダメージ50%軽減。クリティカル被弾時、最大HP10%回復(敵1スキルにつき1回、致死時は回復しない)。全攻撃スキルに自身最大HP7%を加算"
"joker","ジョーカー","★5","S3","joker_s3_dark","反転の儀式","DARK","DARK","levelOverrides","false","1","ALL_ENEMIES","6","ダメージ倍率 1.70倍 / 85%で対象の強化をすべて呪いへ変換。成功時1ターンスタン"
"joker","ジョーカー","★5","S3","joker_s3_dark","反転の儀式","DARK","DARK","levelOverrides","false","2","ALL_ENEMIES","6","ダメージ倍率 1.90倍 / 85%で対象の強化をすべて呪いへ変換。成功時1ターンスタン"
"joker","ジョーカー","★5","S3","joker_s3_dark","反転の儀式","DARK","DARK","levelOverrides","false","3","ALL_ENEMIES","6","ダメージ倍率 1.90倍 / 90%で対象の強化をすべて呪いへ変換。成功時1ターンスタン"
"joker","ジョーカー","★5","S3","joker_s3_dark","反転の儀式","DARK","DARK","levelOverrides","false","4","ALL_ENEMIES","6","ダメージ倍率 2.10倍 / 90%で対象の強化をすべて呪いへ変換。成功時1ターンスタン"
"joker","ジョーカー","★5","S3","joker_s3_dark","反転の儀式","DARK","DARK","levelOverrides","false","5","ALL_ENEMIES","5","ダメージ倍率 2.10倍 / 90%で対象の強化をすべて呪いへ変換。成功時1ターンスタン"
"mushroon","マッシュルン","★3","S1","mushroon_s1","胞子弾","FIRE|GRASS|ELECTRIC|WATER|LIGHT|DARK","","levelOverrides","false","1","SINGLE_ENEMY","0","ダメージ倍率 1.00倍 / 60%で毒1スタック (1スタックにつき最大HPの5%、最大5スタック、2ターン)"
"mushroon","マッシュルン","★3","S1","mushroon_s1","胞子弾","FIRE|GRASS|ELECTRIC|WATER|LIGHT|DARK","","levelOverrides","false","2","SINGLE_ENEMY","0","ダメージ倍率 1.10倍 / 60%で毒1スタック (1スタックにつき最大HPの6%、最大5スタック、2ターン)"
"mushroon","マッシュルン","★3","S1","mushroon_s1","胞子弾","FIRE|GRASS|ELECTRIC|WATER|LIGHT|DARK","","levelOverrides","false","3","SINGLE_ENEMY","0","ダメージ倍率 1.10倍 / 70%で毒1スタック (1スタックにつき最大HPの6%、最大5スタック、2ターン)"
"mushroon","マッシュルン","★3","S1","mushroon_s1","胞子弾","FIRE|GRASS|ELECTRIC|WATER|LIGHT|DARK","","levelOverrides","false","4","SINGLE_ENEMY","0","ダメージ倍率 1.20倍 / 70%で毒1スタック (1スタックにつき最大HPの6%、最大5スタック、2ターン)"
"mushroon","マッシュルン","★3","S1","mushroon_s1","胞子弾","FIRE|GRASS|ELECTRIC|WATER|LIGHT|DARK","","levelOverrides","false","5","SINGLE_ENEMY","0","ダメージ倍率 1.20倍 / 80%で毒1スタック (1スタックにつき最大HPの7%、最大5スタック、3ターン)"
"mushroon","マッシュルン","★3","S2","mushroon_s2_a","毒胞子の雨","FIRE|WATER","","levelOverrides","false","1","ALL_ENEMIES","4","ダメージ倍率 0.90倍 / 75%で毒2スタック (1スタックにつき最大HPの5%、最大5スタック、2ターン)"
"mushroon","マッシュルン","★3","S2","mushroon_s2_a","毒胞子の雨","FIRE|WATER","","levelOverrides","false","2","ALL_ENEMIES","4","ダメージ倍率 1.00倍 / 80%で毒2スタック (1スタックにつき最大HPの6%、最大5スタック、2ターン)"
"mushroon","マッシュルン","★3","S2","mushroon_s2_a","毒胞子の雨","FIRE|WATER","","levelOverrides","false","3","ALL_ENEMIES","4","ダメージ倍率 1.00倍 / 85%で毒2スタック (1スタックにつき最大HPの6%、最大5スタック、2ターン)"
"mushroon","マッシュルン","★3","S2","mushroon_s2_a","毒胞子の雨","FIRE|WATER","","levelOverrides","false","4","ALL_ENEMIES","4","ダメージ倍率 1.10倍 / 90%で毒2スタック (1スタックにつき最大HPの6%、最大5スタック、2ターン)"
"mushroon","マッシュルン","★3","S2","mushroon_s2_a","毒胞子の雨","FIRE|WATER","","levelOverrides","false","5","ALL_ENEMIES","3","ダメージ倍率 1.10倍 / 90%で毒2スタック (1スタックにつき最大HPの6%、最大5スタック、3ターン)"
"mushroon","マッシュルン","★3","S2","mushroon_s2_b","衰弱胞子","GRASS|LIGHT","","levelOverrides","false","1","SINGLE_ENEMY","4","ダメージ倍率 1.40倍 / 80%で攻撃力-50% (2ターン) / 80%で治癒阻害 (2ターン、回復を受けられない)"
"mushroon","マッシュルン","★3","S2","mushroon_s2_b","衰弱胞子","GRASS|LIGHT","","levelOverrides","false","2","SINGLE_ENEMY","4","ダメージ倍率 1.50倍 / 80%で攻撃力-50% (2ターン) / 80%で治癒阻害 (2ターン、回復を受けられない)"
"mushroon","マッシュルン","★3","S2","mushroon_s2_b","衰弱胞子","GRASS|LIGHT","","levelOverrides","false","3","SINGLE_ENEMY","4","ダメージ倍率 1.50倍 / 90%で攻撃力-50% (2ターン) / 90%で治癒阻害 (2ターン、回復を受けられない)"
"mushroon","マッシュルン","★3","S2","mushroon_s2_b","衰弱胞子","GRASS|LIGHT","","levelOverrides","false","4","SINGLE_ENEMY","4","ダメージ倍率 1.60倍 / 90%で攻撃力-50% (2ターン) / 90%で治癒阻害 (2ターン、回復を受けられない)"
"mushroon","マッシュルン","★3","S2","mushroon_s2_b","衰弱胞子","GRASS|LIGHT","","levelOverrides","false","5","SINGLE_ENEMY","3","ダメージ倍率 1.60倍 / 100%で攻撃力-50% (3ターン) / 100%で治癒阻害 (3ターン、回復を受けられない)"
"mushroon","マッシュルン","★3","S2","mushroon_s2_c","しびれ胞子","ELECTRIC|DARK","","levelOverrides","false","1","SINGLE_ENEMY","4","ダメージ倍率 1.30倍 / 80%で速度-30% (2ターン) / 行動ゲージ-35%"
"mushroon","マッシュルン","★3","S2","mushroon_s2_c","しびれ胞子","ELECTRIC|DARK","","levelOverrides","false","2","SINGLE_ENEMY","4","ダメージ倍率 1.40倍 / 90%で速度-30% (2ターン) / 行動ゲージ-35%"
"mushroon","マッシュルン","★3","S2","mushroon_s2_c","しびれ胞子","ELECTRIC|DARK","","levelOverrides","false","3","SINGLE_ENEMY","4","ダメージ倍率 1.40倍 / 90%で速度-30% (2ターン) / 行動ゲージ-40%"
"mushroon","マッシュルン","★3","S2","mushroon_s2_c","しびれ胞子","ELECTRIC|DARK","","levelOverrides","false","4","SINGLE_ENEMY","4","ダメージ倍率 1.50倍 / 100%で速度-30% (2ターン) / 行動ゲージ-40%"
"mushroon","マッシュルン","★3","S2","mushroon_s2_c","しびれ胞子","ELECTRIC|DARK","","levelOverrides","false","5","SINGLE_ENEMY","3","ダメージ倍率 1.50倍 / 100%で速度-30% (3ターン) / 行動ゲージ-45%"
"mushroon","マッシュルン","★3","S3","mushroon_s3_a","毒床","FIRE","","levelOverrides","false","1","ALL_ENEMIES","5","ダメージ倍率 1.00倍 / 80%で毒1スタック (1スタックにつき最大HPの5%、最大5スタック、3ターン) (既に毒状態ならさらに1スタック)"
"mushroon","マッシュルン","★3","S3","mushroon_s3_a","毒床","FIRE","","levelOverrides","false","2","ALL_ENEMIES","5","ダメージ倍率 1.10倍 / 80%で毒1スタック (1スタックにつき最大HPの6%、最大5スタック、3ターン) (既に毒状態ならさらに1スタック)"
"mushroon","マッシュルン","★3","S3","mushroon_s3_a","毒床","FIRE","","levelOverrides","false","3","ALL_ENEMIES","5","ダメージ倍率 1.10倍 / 90%で毒1スタック (1スタックにつき最大HPの6%、最大5スタック、3ターン) (既に毒状態ならさらに1スタック)"
"mushroon","マッシュルン","★3","S3","mushroon_s3_a","毒床","FIRE","","levelOverrides","false","4","ALL_ENEMIES","5","ダメージ倍率 1.20倍 / 90%で毒1スタック (1スタックにつき最大HPの6%、最大5スタック、3ターン) (既に毒状態ならさらに1スタック)"
"mushroon","マッシュルン","★3","S3","mushroon_s3_a","毒床","FIRE","","levelOverrides","false","5","ALL_ENEMIES","4","ダメージ倍率 1.20倍 / 100%で毒1スタック (1スタックにつき最大HPの6%、最大5スタック、4ターン) (既に毒状態ならさらに1スタック)"
"mushroon","マッシュルン","★3","S3","mushroon_s3_c","菌糸支配","GRASS|WATER","","passive","false","1","SELF","0","敵が毒ダメージを受けるたび、自身の行動ゲージ+7%(敵1ターンにつき1回)"
"mushroon","マッシュルン","★3","S3","mushroon_s3_c","菌糸支配","GRASS|WATER","","passive","false","2","SELF","0","敵が毒ダメージを受けるたび、自身の行動ゲージ+8%(敵1ターンにつき1回)"
"mushroon","マッシュルン","★3","S3","mushroon_s3_c","菌糸支配","GRASS|WATER","","passive","false","3","SELF","0","敵が毒ダメージを受けるたび、自身の行動ゲージ+9%(敵1ターンにつき1回)"
"mushroon","マッシュルン","★3","S3","mushroon_s3_c","菌糸支配","GRASS|WATER","","passive","false","4","SELF","0","敵が毒ダメージを受けるたび、自身の行動ゲージ+10%(敵1ターンにつき1回)"
"mushroon","マッシュルン","★3","S3","mushroon_s3_c","菌糸支配","GRASS|WATER","","passive","false","5","SELF","0","敵が毒ダメージを受けるたび、自身の行動ゲージ+12%(敵1ターンにつき1回)"
"mushroon","マッシュルン","★3","S3","mushroon_s3_b","腐敗の胞子","ELECTRIC","","levelOverrides","false","1","ALL_ENEMIES","5","ダメージ倍率 1.20倍 / 80%で防御力-75% (2ターン) / 対象が弱体状態なら行動ゲージ-25%"
"mushroon","マッシュルン","★3","S3","mushroon_s3_b","腐敗の胞子","ELECTRIC","","levelOverrides","false","2","ALL_ENEMIES","5","ダメージ倍率 1.30倍 / 80%で防御力-75% (2ターン) / 対象が弱体状態なら行動ゲージ-25%"
"mushroon","マッシュルン","★3","S3","mushroon_s3_b","腐敗の胞子","ELECTRIC","","levelOverrides","false","3","ALL_ENEMIES","5","ダメージ倍率 1.30倍 / 90%で防御力-75% (2ターン) / 対象が弱体状態なら行動ゲージ-30%"
"mushroon","マッシュルン","★3","S3","mushroon_s3_b","腐敗の胞子","ELECTRIC","","levelOverrides","false","4","ALL_ENEMIES","5","ダメージ倍率 1.40倍 / 90%で防御力-75% (2ターン) / 対象が弱体状態なら行動ゲージ-30%"
"mushroon","マッシュルン","★3","S3","mushroon_s3_b","腐敗の胞子","ELECTRIC","","levelOverrides","false","5","ALL_ENEMIES","4","ダメージ倍率 1.40倍 / 100%で防御力-75% (3ターン) / 対象が弱体状態なら行動ゲージ-35%"
"mushroon","マッシュルン","★3","S3","mushroon_s3_light","聖樹の胞子","LIGHT","LIGHT","levelOverrides","false","1","ALL_ENEMIES","5","味方全体のデバフを1個解除 / 味方全体を回復 最大HPの20.0% / 80%で攻撃力-50% (2ターン)"
"mushroon","マッシュルン","★3","S3","mushroon_s3_light","聖樹の胞子","LIGHT","LIGHT","levelOverrides","false","2","ALL_ENEMIES","5","味方全体のデバフを1個解除 / 味方全体を回復 最大HPの22.0% / 85%で攻撃力-50% (2ターン)"
"mushroon","マッシュルン","★3","S3","mushroon_s3_light","聖樹の胞子","LIGHT","LIGHT","levelOverrides","false","3","ALL_ENEMIES","5","味方全体のデバフを1個解除 / 味方全体を回復 最大HPの23.0% / 90%で攻撃力-50% (2ターン)"
"mushroon","マッシュルン","★3","S3","mushroon_s3_light","聖樹の胞子","LIGHT","LIGHT","levelOverrides","false","4","ALL_ENEMIES","5","味方全体のデバフを1個解除 / 味方全体を回復 最大HPの24.0% / 95%で攻撃力-50% (2ターン)"
"mushroon","マッシュルン","★3","S3","mushroon_s3_light","聖樹の胞子","LIGHT","LIGHT","levelOverrides","false","5","ALL_ENEMIES","4","味方全体のデバフを1個解除 / 味方全体を回復 最大HPの24.0% / 95%で攻撃力-50% (3ターン)"
"mushroon","マッシュルン","★3","S3","mushroon_s3_dark","終末胞子","DARK","DARK","levelOverrides","false","1","ALL_ENEMIES","5","ダメージ倍率 1.20倍 対象の弱体効果1個につき最終ダメージ+6%(最大+30%) / 80%で毒1スタック (1スタックにつき最大HPの5%、最大5スタック、2ターン)"
"mushroon","マッシュルン","★3","S3","mushroon_s3_dark","終末胞子","DARK","DARK","levelOverrides","false","2","ALL_ENEMIES","5","ダメージ倍率 1.30倍 対象の弱体効果1個につき最終ダメージ+7%(最大+35%) / 85%で毒1スタック (1スタックにつき最大HPの6%、最大5スタック、2ターン)"
"mushroon","マッシュルン","★3","S3","mushroon_s3_dark","終末胞子","DARK","DARK","levelOverrides","false","3","ALL_ENEMIES","5","ダメージ倍率 1.30倍 対象の弱体効果1個につき最終ダメージ+7%(最大+35%) / 90%で毒1スタック (1スタックにつき最大HPの6%、最大5スタック、2ターン)"
"mushroon","マッシュルン","★3","S3","mushroon_s3_dark","終末胞子","DARK","DARK","levelOverrides","false","4","ALL_ENEMIES","5","ダメージ倍率 1.40倍 対象の弱体効果1個につき最終ダメージ+8%(最大+40%) / 95%で毒1スタック (1スタックにつき最大HPの6%、最大5スタック、2ターン)"
"mushroon","マッシュルン","★3","S3","mushroon_s3_dark","終末胞子","DARK","DARK","levelOverrides","false","5","ALL_ENEMIES","4","ダメージ倍率 0.50倍 対象の弱体効果1個につき最終ダメージ+8%(最大+40%) / 100%で毒1スタック (1スタックにつき最大HPの6%、最大5スタック、3ターン) / ダメージ倍率 0.50倍 対象の弱体効果1個につき最終ダメージ+8%(最大+40%) / 100%で毒1スタック (1スタックにつき最大HPの6%、最大5スタック、3ターン) / ダメージ倍率 0.50倍 対象の弱体効果1個につき最終ダメージ+8%(最大+40%) / 100%で毒1スタック (1スタックにつき最大HPの6%、最大5スタック、3ターン)"
"shellturtle","シェルタートル","★3","S1","shellturtle_s1","こうら突進","FIRE|GRASS|ELECTRIC|WATER|LIGHT|DARK","","levelOverrides","false","1","SINGLE_ENEMY","0","ダメージ倍率 0.60倍(防御力の85%を加算) / 60%で攻撃力-50% (2ターン)"
"shellturtle","シェルタートル","★3","S1","shellturtle_s1","こうら突進","FIRE|GRASS|ELECTRIC|WATER|LIGHT|DARK","","levelOverrides","false","2","SINGLE_ENEMY","0","ダメージ倍率 0.65倍(防御力の90%を加算) / 60%で攻撃力-50% (2ターン)"
"shellturtle","シェルタートル","★3","S1","shellturtle_s1","こうら突進","FIRE|GRASS|ELECTRIC|WATER|LIGHT|DARK","","levelOverrides","false","3","SINGLE_ENEMY","0","ダメージ倍率 0.70倍(防御力の100%を加算) / 70%で攻撃力-50% (2ターン)"
"shellturtle","シェルタートル","★3","S1","shellturtle_s1","こうら突進","FIRE|GRASS|ELECTRIC|WATER|LIGHT|DARK","","levelOverrides","false","4","SINGLE_ENEMY","0","ダメージ倍率 0.75倍(防御力の110%を加算) / 70%で攻撃力-50% (2ターン)"
"shellturtle","シェルタートル","★3","S1","shellturtle_s1","こうら突進","FIRE|GRASS|ELECTRIC|WATER|LIGHT|DARK","","levelOverrides","false","5","SINGLE_ENEMY","0","ダメージ倍率 0.80倍(防御力の120%を加算) / 80%で攻撃力-50% (3ターン)"
"shellturtle","シェルタートル","★3","S2","shellturtle_s2_b","シェルバッシュ","FIRE|ELECTRIC","","levelOverrides","false","1","SINGLE_ENEMY","4","ダメージ倍率 1.00倍(防御力の125%を加算) / 80%で挑発 (2ターン) / 行動ゲージ-25%"
"shellturtle","シェルタートル","★3","S2","shellturtle_s2_b","シェルバッシュ","FIRE|ELECTRIC","","levelOverrides","false","2","SINGLE_ENEMY","4","ダメージ倍率 1.10倍(防御力の135%を加算) / 90%で挑発 (2ターン) / 行動ゲージ-30%"
"shellturtle","シェルタートル","★3","S2","shellturtle_s2_b","シェルバッシュ","FIRE|ELECTRIC","","levelOverrides","false","3","SINGLE_ENEMY","4","ダメージ倍率 1.10倍(防御力の145%を加算) / 90%で挑発 (2ターン) / 行動ゲージ-30%"
"shellturtle","シェルタートル","★3","S2","shellturtle_s2_b","シェルバッシュ","FIRE|ELECTRIC","","levelOverrides","false","4","SINGLE_ENEMY","4","ダメージ倍率 1.20倍(防御力の160%を加算) / 100%で挑発 (2ターン) / 行動ゲージ-35%"
"shellturtle","シェルタートル","★3","S2","shellturtle_s2_b","シェルバッシュ","FIRE|ELECTRIC","","levelOverrides","false","5","SINGLE_ENEMY","3","ダメージ倍率 1.20倍(防御力の160%を加算) / 100%で挑発 (3ターン) / 行動ゲージ-35%"
"shellturtle","シェルタートル","★3","S2","shellturtle_s2_a","かばう","GRASS|LIGHT","","levelOverrides","false","1","SINGLE_ALLY","4","保護 (2ターン、対象が受けるダメージの50%を自身が肩代わり) / 自身の防御力+30% (2ターン)"
"shellturtle","シェルタートル","★3","S2","shellturtle_s2_a","かばう","GRASS|LIGHT","","levelOverrides","false","2","SINGLE_ALLY","4","保護 (2ターン、対象が受けるダメージの55%を自身が肩代わり) / 自身の防御力+30% (2ターン)"
"shellturtle","シェルタートル","★3","S2","shellturtle_s2_a","かばう","GRASS|LIGHT","","levelOverrides","false","3","SINGLE_ALLY","4","保護 (2ターン、対象が受けるダメージの60%を自身が肩代わり) / 自身の防御力+30% (2ターン)"
"shellturtle","シェルタートル","★3","S2","shellturtle_s2_a","かばう","GRASS|LIGHT","","levelOverrides","false","4","SINGLE_ALLY","4","保護 (2ターン、対象が受けるダメージの60%を自身が肩代わり) / 自身の防御力+30% (2ターン) / 自身の行動ゲージ+20%"
"shellturtle","シェルタートル","★3","S2","shellturtle_s2_a","かばう","GRASS|LIGHT","","levelOverrides","false","5","SINGLE_ALLY","3","保護 (2ターン、対象が受けるダメージの60%を自身が肩代わり) / 自身の防御力+30% (3ターン) / 自身の行動ゲージ+20%"
"shellturtle","シェルタートル","★3","S2","shellturtle_s2_c","甲羅再生","WATER|DARK","","levelOverrides","false","1","SELF","5","自身を回復 最大HPの30.0% / 自身のデバフを1個解除 / 継続回復 最大HPの10.0% (2ターン、自身のターン開始時)"
"shellturtle","シェルタートル","★3","S2","shellturtle_s2_c","甲羅再生","WATER|DARK","","levelOverrides","false","2","SELF","5","自身を回復 最大HPの35.0% / 自身のデバフを1個解除 / 継続回復 最大HPの10.0% (2ターン、自身のターン開始時)"
"shellturtle","シェルタートル","★3","S2","shellturtle_s2_c","甲羅再生","WATER|DARK","","levelOverrides","false","3","SELF","5","自身を回復 最大HPの35.0% / 自身のデバフを2個解除 / 継続回復 最大HPの12.0% (2ターン、自身のターン開始時)"
"shellturtle","シェルタートル","★3","S2","shellturtle_s2_c","甲羅再生","WATER|DARK","","levelOverrides","false","4","SELF","5","自身を回復 最大HPの40.0% / 自身のデバフを2個解除 / 継続回復 最大HPの12.0% (2ターン、自身のターン開始時)"
"shellturtle","シェルタートル","★3","S2","shellturtle_s2_c","甲羅再生","WATER|DARK","","levelOverrides","false","5","SELF","4","自身を回復 最大HPの40.0% / 自身のデバフを2個解除 / 継続回復 最大HPの15.0% (3ターン、自身のターン開始時)"
"shellturtle","シェルタートル","★3","S3","shellturtle_s3_b","大地震","FIRE","","levelOverrides","false","1","ALL_ENEMIES","5","ダメージ倍率 1.10倍(防御力の130%を加算) / 80%で攻撃力-50% (2ターン)"
"shellturtle","シェルタートル","★3","S3","shellturtle_s3_b","大地震","FIRE","","levelOverrides","false","2","ALL_ENEMIES","5","ダメージ倍率 1.20倍(防御力の140%を加算) / 80%で攻撃力-50% (2ターン)"
"shellturtle","シェルタートル","★3","S3","shellturtle_s3_b","大地震","FIRE","","levelOverrides","false","3","ALL_ENEMIES","5","ダメージ倍率 1.20倍(防御力の150%を加算) / 90%で攻撃力-50% (2ターン)"
"shellturtle","シェルタートル","★3","S3","shellturtle_s3_b","大地震","FIRE","","levelOverrides","false","4","ALL_ENEMIES","5","ダメージ倍率 1.30倍(防御力の170%を加算) / 90%で攻撃力-50% (2ターン)"
"shellturtle","シェルタートル","★3","S3","shellturtle_s3_b","大地震","FIRE","","levelOverrides","false","5","ALL_ENEMIES","4","ダメージ倍率 1.30倍(防御力の170%を加算) / 100%で攻撃力-50% (3ターン)"
"shellturtle","シェルタートル","★3","S3","shellturtle_s3_c","最後の砦","GRASS|WATER","","passive","false","1","SELF","0","自身のHPが50%以下の間、防御力+20%・受けるダメージ-10%"
"shellturtle","シェルタートル","★3","S3","shellturtle_s3_c","最後の砦","GRASS|WATER","","passive","false","2","SELF","0","自身のHPが50%以下の間、防御力+25%・受けるダメージ-10%"
"shellturtle","シェルタートル","★3","S3","shellturtle_s3_c","最後の砦","GRASS|WATER","","passive","false","3","SELF","0","自身のHPが50%以下の間、防御力+30%・受けるダメージ-15%"
"shellturtle","シェルタートル","★3","S3","shellturtle_s3_c","最後の砦","GRASS|WATER","","passive","false","4","SELF","0","自身のHPが50%以下の間、防御力+35%・受けるダメージ-15%"
"shellturtle","シェルタートル","★3","S3","shellturtle_s3_c","最後の砦","GRASS|WATER","","passive","false","5","SELF","0","自身のHPが50%以下の間、防御力+40%・受けるダメージ-20%"
"shellturtle","シェルタートル","★3","S3","shellturtle_s3_a","守護陣","ELECTRIC","","levelOverrides","false","1","ALL_ALLIES","5","受けるダメージ-20% (2ターン) / 自身の防御力+30% (2ターン)"
"shellturtle","シェルタートル","★3","S3","shellturtle_s3_a","守護陣","ELECTRIC","","levelOverrides","false","2","ALL_ALLIES","5","受けるダメージ-22% (2ターン) / 自身の防御力+30% (2ターン)"
"shellturtle","シェルタートル","★3","S3","shellturtle_s3_a","守護陣","ELECTRIC","","levelOverrides","false","3","ALL_ALLIES","5","受けるダメージ-25% (2ターン) / 自身の防御力+30% (2ターン)"
"shellturtle","シェルタートル","★3","S3","shellturtle_s3_a","守護陣","ELECTRIC","","levelOverrides","false","4","ALL_ALLIES","5","受けるダメージ-25% (2ターン) / 自身の防御力+30% (2ターン) / 行動ゲージ+10%"
"shellturtle","シェルタートル","★3","S3","shellturtle_s3_a","守護陣","ELECTRIC","","levelOverrides","false","5","ALL_ALLIES","4","受けるダメージ-25% (3ターン) / 自身の防御力+30% (3ターン) / 行動ゲージ+10%"
"shellturtle","シェルタートル","★3","S3","shellturtle_s3_light","聖なる大甲羅","LIGHT","LIGHT","levelOverrides","false","1","ALL_ALLIES","5","デバフを1個解除 / 防御力+30% (2ターン) / 受けるダメージ-20% (2ターン)"
"shellturtle","シェルタートル","★3","S3","shellturtle_s3_light","聖なる大甲羅","LIGHT","LIGHT","levelOverrides","false","2","ALL_ALLIES","5","デバフを1個解除 / 防御力+30% (2ターン) / 受けるダメージ-22% (2ターン)"
"shellturtle","シェルタートル","★3","S3","shellturtle_s3_light","聖なる大甲羅","LIGHT","LIGHT","levelOverrides","false","3","ALL_ALLIES","5","デバフを1個解除 / 防御力+30% (2ターン) / 受けるダメージ-23% (2ターン)"
"shellturtle","シェルタートル","★3","S3","shellturtle_s3_light","聖なる大甲羅","LIGHT","LIGHT","levelOverrides","false","4","ALL_ALLIES","5","デバフを1個解除 / 防御力+30% (2ターン) / 受けるダメージ-25% (2ターン)"
"shellturtle","シェルタートル","★3","S3","shellturtle_s3_light","聖なる大甲羅","LIGHT","LIGHT","levelOverrides","false","5","ALL_ALLIES","4","デバフを1個解除 / 防御力+30% (3ターン) / 受けるダメージ-25% (3ターン)"
"shellturtle","シェルタートル","★3","S3","shellturtle_s3_dark","アビスシェル","DARK","DARK","levelOverrides","false","1","SINGLE_ENEMY","5","ダメージ倍率 1.70倍(防御力の160%を加算) / 80%で防御力-75% (2ターン) / 自身に反射 (2ターン)"
"shellturtle","シェルタートル","★3","S3","shellturtle_s3_dark","アビスシェル","DARK","DARK","levelOverrides","false","2","SINGLE_ENEMY","5","ダメージ倍率 1.80倍(防御力の170%を加算) / 90%で防御力-75% (2ターン) / 自身に反射 (2ターン)"
"shellturtle","シェルタートル","★3","S3","shellturtle_s3_dark","アビスシェル","DARK","DARK","levelOverrides","false","3","SINGLE_ENEMY","5","ダメージ倍率 1.90倍(防御力の180%を加算) / 90%で防御力-75% (2ターン) / 自身に反射 (2ターン)"
"shellturtle","シェルタートル","★3","S3","shellturtle_s3_dark","アビスシェル","DARK","DARK","levelOverrides","false","4","SINGLE_ENEMY","5","ダメージ倍率 2.00倍(防御力の200%を加算) / 100%で防御力-75% (2ターン) / 自身に反射 (2ターン)"
"shellturtle","シェルタートル","★3","S3","shellturtle_s3_dark","アビスシェル","DARK","DARK","levelOverrides","false","5","SINGLE_ENEMY","4","ダメージ倍率 2.00倍(防御力の200%を加算) / 100%で防御力-75% (3ターン) / 自身に反射 (3ターン)"
"kobold","コボルト","★3","S1","kobold_s1","すばやい斬撃","FIRE|GRASS|ELECTRIC|WATER|LIGHT|DARK","","levelOverrides","false","1","SINGLE_ENEMY","0","ダメージ倍率 1.10倍 対象HP50%以下で最終ダメージ+25%"
"kobold","コボルト","★3","S1","kobold_s1","すばやい斬撃","FIRE|GRASS|ELECTRIC|WATER|LIGHT|DARK","","levelOverrides","false","2","SINGLE_ENEMY","0","ダメージ倍率 1.20倍 対象HP50%以下で最終ダメージ+25%"
"kobold","コボルト","★3","S1","kobold_s1","すばやい斬撃","FIRE|GRASS|ELECTRIC|WATER|LIGHT|DARK","","levelOverrides","false","3","SINGLE_ENEMY","0","ダメージ倍率 1.30倍 対象HP50%以下で最終ダメージ+30%"
"kobold","コボルト","★3","S1","kobold_s1","すばやい斬撃","FIRE|GRASS|ELECTRIC|WATER|LIGHT|DARK","","levelOverrides","false","4","SINGLE_ENEMY","0","ダメージ倍率 1.40倍 対象HP50%以下で最終ダメージ+30%"
"kobold","コボルト","★3","S1","kobold_s1","すばやい斬撃","FIRE|GRASS|ELECTRIC|WATER|LIGHT|DARK","","levelOverrides","false","5","SINGLE_ENEMY","0","ダメージ倍率 1.50倍 対象HP50%以下で最終ダメージ+35%"
"kobold","コボルト","★3","S2","kobold_s2_a","急所突き","FIRE|LIGHT","","levelOverrides","false","1","SINGLE_ENEMY","4","ダメージ倍率 2.00倍(防御力25%無視) 対象HP50%以下で防御力100%無視"
"kobold","コボルト","★3","S2","kobold_s2_a","急所突き","FIRE|LIGHT","","levelOverrides","false","2","SINGLE_ENEMY","4","ダメージ倍率 2.10倍(防御力30%無視) 対象HP50%以下で防御力100%無視"
"kobold","コボルト","★3","S2","kobold_s2_a","急所突き","FIRE|LIGHT","","levelOverrides","false","3","SINGLE_ENEMY","4","ダメージ倍率 2.20倍(防御力40%無視) 対象HP50%以下で防御力100%無視"
"kobold","コボルト","★3","S2","kobold_s2_a","急所突き","FIRE|LIGHT","","levelOverrides","false","4","SINGLE_ENEMY","4","ダメージ倍率 2.40倍(防御力50%無視) 対象HP50%以下で防御力100%無視"
"kobold","コボルト","★3","S2","kobold_s2_a","急所突き","FIRE|LIGHT","","levelOverrides","false","5","SINGLE_ENEMY","3","ダメージ倍率 2.40倍(防御力50%無視) 対象HP50%以下で防御力100%無視"
"kobold","コボルト","★3","S2","kobold_s2_b","追い討ち","GRASS|WATER","","levelOverrides","false","1","SINGLE_ENEMY","4","ダメージ倍率 1.75倍 対象HP50%以下で最終ダメージ+40% / 行動ゲージを30%吸収"
"kobold","コボルト","★3","S2","kobold_s2_b","追い討ち","GRASS|WATER","","levelOverrides","false","2","SINGLE_ENEMY","4","ダメージ倍率 1.90倍 対象HP50%以下で最終ダメージ+40% / 行動ゲージを35%吸収"
"kobold","コボルト","★3","S2","kobold_s2_b","追い討ち","GRASS|WATER","","levelOverrides","false","3","SINGLE_ENEMY","4","ダメージ倍率 2.00倍 対象HP50%以下で最終ダメージ+50% / 行動ゲージを35%吸収"
"kobold","コボルト","★3","S2","kobold_s2_b","追い討ち","GRASS|WATER","","levelOverrides","false","4","SINGLE_ENEMY","4","ダメージ倍率 2.10倍 対象HP50%以下で最終ダメージ+50% / 行動ゲージを40%吸収"
"kobold","コボルト","★3","S2","kobold_s2_b","追い討ち","GRASS|WATER","","levelOverrides","false","5","SINGLE_ENEMY","2","ダメージ倍率 2.10倍 対象HP50%以下で最終ダメージ+60% / 行動ゲージを40%吸収"
"kobold","コボルト","★3","S2","kobold_s2_c","足狩り","ELECTRIC|DARK","","levelOverrides","false","1","SINGLE_ENEMY","4","ダメージ倍率 1.40倍 / 80%で速度-30% (2ターン) / 行動ゲージ-40%"
"kobold","コボルト","★3","S2","kobold_s2_c","足狩り","ELECTRIC|DARK","","levelOverrides","false","2","SINGLE_ENEMY","4","ダメージ倍率 1.50倍 / 90%で速度-30% (2ターン) / 行動ゲージ-40%"
"kobold","コボルト","★3","S2","kobold_s2_c","足狩り","ELECTRIC|DARK","","levelOverrides","false","3","SINGLE_ENEMY","4","ダメージ倍率 1.60倍 / 90%で速度-30% (2ターン) / 行動ゲージ-45%"
"kobold","コボルト","★3","S2","kobold_s2_c","足狩り","ELECTRIC|DARK","","levelOverrides","false","4","SINGLE_ENEMY","4","ダメージ倍率 1.70倍 / 100%で速度-30% (2ターン) / 行動ゲージ-50%"
"kobold","コボルト","★3","S2","kobold_s2_c","足狩り","ELECTRIC|DARK","","levelOverrides","false","5","SINGLE_ENEMY","3","ダメージ倍率 1.70倍 / 100%で速度-30% (3ターン) / 行動ゲージ-50%"
"kobold","コボルト","★3","S3","kobold_s3_a","処刑の一撃","FIRE|WATER","","levelOverrides","false","1","SINGLE_ENEMY","5","ダメージ倍率 3.00倍 対象HP30%以下で最終ダメージ+50% 対象HP30%以下で防御力100%無視"
"kobold","コボルト","★3","S3","kobold_s3_a","処刑の一撃","FIRE|WATER","","levelOverrides","false","2","SINGLE_ENEMY","5","ダメージ倍率 3.40倍 対象HP30%以下で最終ダメージ+50% 対象HP30%以下で防御力100%無視"
"kobold","コボルト","★3","S3","kobold_s3_a","処刑の一撃","FIRE|WATER","","levelOverrides","false","3","SINGLE_ENEMY","5","ダメージ倍率 3.80倍 対象HP30%以下で最終ダメージ+60% 対象HP30%以下で防御力100%無視"
"kobold","コボルト","★3","S3","kobold_s3_a","処刑の一撃","FIRE|WATER","","levelOverrides","false","4","SINGLE_ENEMY","5","ダメージ倍率 4.20倍 対象HP30%以下で最終ダメージ+60% 対象HP30%以下で防御力100%無視"
"kobold","コボルト","★3","S3","kobold_s3_a","処刑の一撃","FIRE|WATER","","levelOverrides","false","5","SINGLE_ENEMY","4","ダメージ倍率 4.50倍 対象HP30%以下で最終ダメージ+70% 対象HP30%以下で防御力100%無視"
"kobold","コボルト","★3","S3","kobold_s3_c","獲物の匂い","GRASS","","passive","false","1","SELF","0","HPが50%以下の敵への最終ダメージ+20%。常時攻撃力+25%・速度+15。すべての攻撃に速度比例を加算(速度200で倍率+0.15)"
"kobold","コボルト","★3","S3","kobold_s3_c","獲物の匂い","GRASS","","passive","false","2","SELF","0","HPが50%以下の敵への最終ダメージ+30%。常時攻撃力+25%・速度+15。すべての攻撃に速度比例を加算(速度200で倍率+0.15)"
"kobold","コボルト","★3","S3","kobold_s3_c","獲物の匂い","GRASS","","passive","false","3","SELF","0","HPが50%以下の敵への最終ダメージ+45%。常時攻撃力+25%・速度+15。すべての攻撃に速度比例を加算(速度200で倍率+0.15)"
"kobold","コボルト","★3","S3","kobold_s3_c","獲物の匂い","GRASS","","passive","false","4","SELF","0","HPが50%以下の敵への最終ダメージ+60%。常時攻撃力+25%・速度+15。すべての攻撃に速度比例を加算(速度200で倍率+0.15)"
"kobold","コボルト","★3","S3","kobold_s3_c","獲物の匂い","GRASS","","passive","false","5","SELF","0","HPが50%以下の敵への最終ダメージ+75%。常時攻撃力+25%・速度+15。すべての攻撃に速度比例を加算(速度200で倍率+0.15)"
"kobold","コボルト","★3","S3","kobold_s3_b","狩りの連鎖","ELECTRIC","","levelOverrides","false","1","SINGLE_ENEMY","5","ダメージ倍率 2.40倍 / 相手を倒したら自身の行動ゲージ+60% / 自身の全スキルのクールタイムを1ターン短縮"
"kobold","コボルト","★3","S3","kobold_s3_b","狩りの連鎖","ELECTRIC","","levelOverrides","false","2","SINGLE_ENEMY","5","ダメージ倍率 2.70倍 / 相手を倒したら自身の行動ゲージ+60% / 自身の全スキルのクールタイムを1ターン短縮"
"kobold","コボルト","★3","S3","kobold_s3_b","狩りの連鎖","ELECTRIC","","levelOverrides","false","3","SINGLE_ENEMY","5","ダメージ倍率 3.00倍 / 相手を倒したら自身の行動ゲージ+70% / 自身の全スキルのクールタイムを1ターン短縮"
"kobold","コボルト","★3","S3","kobold_s3_b","狩りの連鎖","ELECTRIC","","levelOverrides","false","4","SINGLE_ENEMY","5","ダメージ倍率 3.40倍 / 相手を倒したら自身の行動ゲージ+70% / 自身の全スキルのクールタイムを2ターン短縮"
"kobold","コボルト","★3","S3","kobold_s3_b","狩りの連鎖","ELECTRIC","","levelOverrides","false","5","SINGLE_ENEMY","4","ダメージ倍率 3.80倍 / 相手を倒したら自身の行動ゲージ+80% / 自身の全スキルのクールタイムを2ターン短縮"
"kobold","コボルト","★3","S3","kobold_s3_light","神速の号令","LIGHT","LIGHT","levelOverrides","false","1","ALL_ALLIES","5","行動ゲージ+25% / 味方全体の速度+20% (2ターン) / 自身の行動ゲージ+20% / 味方全体の全スキルのクールタイムを1ターン短縮"
"kobold","コボルト","★3","S3","kobold_s3_light","神速の号令","LIGHT","LIGHT","levelOverrides","false","2","ALL_ALLIES","5","行動ゲージ+30% / 味方全体の速度+20% (2ターン) / 自身の行動ゲージ+25% / 味方全体の全スキルのクールタイムを1ターン短縮"
"kobold","コボルト","★3","S3","kobold_s3_light","神速の号令","LIGHT","LIGHT","levelOverrides","false","3","ALL_ALLIES","5","行動ゲージ+30% / 味方全体の速度+20% (2ターン) / 自身の行動ゲージ+25% / 味方全体の全スキルのクールタイムを1ターン短縮"
"kobold","コボルト","★3","S3","kobold_s3_light","神速の号令","LIGHT","LIGHT","levelOverrides","false","4","ALL_ALLIES","5","行動ゲージ+35% / 味方全体の速度+20% (2ターン) / 自身の行動ゲージ+25% / 味方全体の全スキルのクールタイムを1ターン短縮"
"kobold","コボルト","★3","S3","kobold_s3_light","神速の号令","LIGHT","LIGHT","levelOverrides","false","5","ALL_ALLIES","4","行動ゲージ+35% / 味方全体の速度+20% (3ターン) / 自身の行動ゲージ+30% / 味方全体の全スキルのクールタイムを1ターン短縮"
"kobold","コボルト","★3","S3","kobold_s3_dark","暗殺","DARK","DARK","levelOverrides","false","1","SINGLE_ENEMY","5","ダメージ倍率 2.60倍 対象HP30%以下で最終ダメージ+30% 対象HP50%以下で防御力50%無視"
"kobold","コボルト","★3","S3","kobold_s3_dark","暗殺","DARK","DARK","levelOverrides","false","2","SINGLE_ENEMY","5","ダメージ倍率 2.90倍 対象HP30%以下で最終ダメージ+30% 対象HP50%以下で防御力60%無視"
"kobold","コボルト","★3","S3","kobold_s3_dark","暗殺","DARK","DARK","levelOverrides","false","3","SINGLE_ENEMY","5","ダメージ倍率 3.30倍 対象HP30%以下で最終ダメージ+40% 対象HP50%以下で防御力60%無視"
"kobold","コボルト","★3","S3","kobold_s3_dark","暗殺","DARK","DARK","levelOverrides","false","4","SINGLE_ENEMY","5","ダメージ倍率 3.70倍 対象HP30%以下で最終ダメージ+40% 対象HP50%以下で防御力70%無視"
"kobold","コボルト","★3","S3","kobold_s3_dark","暗殺","DARK","DARK","levelOverrides","false","5","SINGLE_ENEMY","4","ダメージ倍率 4.00倍 対象HP30%以下で最終ダメージ+50% 対象HP50%以下で防御力70%無視"
"basilisk","バジリスク","★4","S1","basilisk_s1","蛇眼の一撃","FIRE|GRASS|ELECTRIC|WATER|LIGHT|DARK","","generic","false","1","SINGLE_ENEMY","0","ダメージ倍率 0.95倍 / 60%で速度-30% (2ターン)"
"basilisk","バジリスク","★4","S1","basilisk_s1","蛇眼の一撃","FIRE|GRASS|ELECTRIC|WATER|LIGHT|DARK","","generic","false","2","SINGLE_ENEMY","0","ダメージ倍率 1.01倍 / 64%で速度-30% (2ターン)"
"basilisk","バジリスク","★4","S1","basilisk_s1","蛇眼の一撃","FIRE|GRASS|ELECTRIC|WATER|LIGHT|DARK","","generic","false","3","SINGLE_ENEMY","0","ダメージ倍率 1.06倍 / 67%で速度-30% (2ターン)"
"basilisk","バジリスク","★4","S1","basilisk_s1","蛇眼の一撃","FIRE|GRASS|ELECTRIC|WATER|LIGHT|DARK","","generic","false","4","SINGLE_ENEMY","0","ダメージ倍率 1.12倍 / 71%で速度-30% (2ターン)"
"basilisk","バジリスク","★4","S1","basilisk_s1","蛇眼の一撃","FIRE|GRASS|ELECTRIC|WATER|LIGHT|DARK","","generic","false","5","SINGLE_ENEMY","0","ダメージ倍率 1.18倍 / 74%で速度-30% (3ターン)"
"basilisk","バジリスク","★4","S2","basilisk_s2_a","毒牙","FIRE|WATER","","generic","false","1","SINGLE_ENEMY","4","ダメージ倍率 1.40倍 / 80%で毒1スタック (1スタックにつき最大HPの5%、最大5スタック、3ターン) / 行動ゲージ-30%"
"basilisk","バジリスク","★4","S2","basilisk_s2_a","毒牙","FIRE|WATER","","generic","false","2","SINGLE_ENEMY","4","ダメージ倍率 1.48倍 / 85%で毒1スタック (1スタックにつき最大HPの5%、最大5スタック、3ターン) / 行動ゲージ-32%"
"basilisk","バジリスク","★4","S2","basilisk_s2_a","毒牙","FIRE|WATER","","generic","false","3","SINGLE_ENEMY","4","ダメージ倍率 1.57倍 / 90%で毒1スタック (1スタックにつき最大HPの6%、最大5スタック、3ターン) / 行動ゲージ-34%"
"basilisk","バジリスク","★4","S2","basilisk_s2_a","毒牙","FIRE|WATER","","generic","false","4","SINGLE_ENEMY","4","ダメージ倍率 1.65倍 / 94%で毒1スタック (1スタックにつき最大HPの6%、最大5スタック、3ターン) / 行動ゲージ-35%"
"basilisk","バジリスク","★4","S2","basilisk_s2_a","毒牙","FIRE|WATER","","generic","false","5","SINGLE_ENEMY","3","ダメージ倍率 1.65倍 / 94%で毒1スタック (1スタックにつき最大HPの6%、最大5スタック、4ターン) / 行動ゲージ-35%"
"basilisk","バジリスク","★4","S2","basilisk_s2_c","締め付け","GRASS|LIGHT","","generic","false","1","SINGLE_ENEMY","4","ダメージ倍率 1.30倍 / 80%で防御力-75% (2ターン) / 対象が速度低下状態なら行動ゲージ-25%"
"basilisk","バジリスク","★4","S2","basilisk_s2_c","締め付け","GRASS|LIGHT","","generic","false","2","SINGLE_ENEMY","4","ダメージ倍率 1.38倍 / 85%で防御力-75% (2ターン) / 対象が速度低下状態なら行動ゲージ-27%"
"basilisk","バジリスク","★4","S2","basilisk_s2_c","締め付け","GRASS|LIGHT","","generic","false","3","SINGLE_ENEMY","4","ダメージ倍率 1.46倍 / 90%で防御力-75% (2ターン) / 対象が速度低下状態なら行動ゲージ-28%"
"basilisk","バジリスク","★4","S2","basilisk_s2_c","締め付け","GRASS|LIGHT","","generic","false","4","SINGLE_ENEMY","4","ダメージ倍率 1.53倍 / 94%で防御力-75% (2ターン) / 対象が速度低下状態なら行動ゲージ-30%"
"basilisk","バジリスク","★4","S2","basilisk_s2_c","締め付け","GRASS|LIGHT","","generic","false","5","SINGLE_ENEMY","3","ダメージ倍率 1.53倍 / 94%で防御力-75% (3ターン) / 対象が速度低下状態なら行動ゲージ-30%"
"basilisk","バジリスク","★4","S2","basilisk_s2_b","石化の眼差し","ELECTRIC|DARK","","generic","false","1","SINGLE_ENEMY","5","ダメージ倍率 1.20倍 / 75%でスタン (1ターン) / スタンが失敗したら行動ゲージ-40%"
"basilisk","バジリスク","★4","S2","basilisk_s2_b","石化の眼差し","ELECTRIC|DARK","","generic","false","2","SINGLE_ENEMY","5","ダメージ倍率 1.27倍 / 80%でスタン (1ターン) / スタンが失敗したら行動ゲージ-42%"
"basilisk","バジリスク","★4","S2","basilisk_s2_b","石化の眼差し","ELECTRIC|DARK","","generic","false","3","SINGLE_ENEMY","5","ダメージ倍率 1.34倍 / 84%でスタン (1ターン) / スタンが失敗したら行動ゲージ-45%"
"basilisk","バジリスク","★4","S2","basilisk_s2_b","石化の眼差し","ELECTRIC|DARK","","generic","false","4","SINGLE_ENEMY","5","ダメージ倍率 1.42倍 / 89%でスタン (1ターン) / スタンが失敗したら行動ゲージ-47%"
"basilisk","バジリスク","★4","S2","basilisk_s2_b","石化の眼差し","ELECTRIC|DARK","","generic","false","5","SINGLE_ENEMY","4","ダメージ倍率 1.42倍 / 89%でスタン (1ターン) / スタンが失敗したら行動ゲージ-47%"
"basilisk","バジリスク","★4","S3","basilisk_s3_a","蛇王の威圧","FIRE","","generic","false","1","ALL_ENEMIES","5","ダメージ倍率 1.00倍 / 75%で速度-30% (2ターン) / 行動ゲージ-20%"
"basilisk","バジリスク","★4","S3","basilisk_s3_a","蛇王の威圧","FIRE","","generic","false","2","ALL_ENEMIES","5","ダメージ倍率 1.06倍 / 80%で速度-30% (2ターン) / 行動ゲージ-21%"
"basilisk","バジリスク","★4","S3","basilisk_s3_a","蛇王の威圧","FIRE","","generic","false","3","ALL_ENEMIES","5","ダメージ倍率 1.12倍 / 84%で速度-30% (2ターン) / 行動ゲージ-22%"
"basilisk","バジリスク","★4","S3","basilisk_s3_a","蛇王の威圧","FIRE","","generic","false","4","ALL_ENEMIES","5","ダメージ倍率 1.18倍 / 89%で速度-30% (2ターン) / 行動ゲージ-24%"
"basilisk","バジリスク","★4","S3","basilisk_s3_a","蛇王の威圧","FIRE","","generic","false","5","ALL_ENEMIES","4","ダメージ倍率 1.18倍 / 89%で速度-30% (3ターン) / 行動ゲージ-24%"
"basilisk","バジリスク","★4","S3","basilisk_s3_c","蛇王の支配","GRASS|WATER","","passive","false","1","SELF","0","速度低下状態の敵が行動するたび、自身の行動ゲージ+5%"
"basilisk","バジリスク","★4","S3","basilisk_s3_c","蛇王の支配","GRASS|WATER","","passive","false","2","SELF","0","速度低下状態の敵が行動するたび、自身の行動ゲージ+6%"
"basilisk","バジリスク","★4","S3","basilisk_s3_c","蛇王の支配","GRASS|WATER","","passive","false","3","SELF","0","速度低下状態の敵が行動するたび、自身の行動ゲージ+7%"
"basilisk","バジリスク","★4","S3","basilisk_s3_c","蛇王の支配","GRASS|WATER","","passive","false","4","SELF","0","速度低下状態の敵が行動するたび、自身の行動ゲージ+8%"
"basilisk","バジリスク","★4","S3","basilisk_s3_c","蛇王の支配","GRASS|WATER","","passive","false","5","SELF","0","速度低下状態の敵が行動するたび、自身の行動ゲージ+10%"
"basilisk","バジリスク","★4","S3","basilisk_s3_b","死の凝視","ELECTRIC","","generic","false","1","SINGLE_ENEMY","5","ダメージ倍率 1.80倍 / 行動ゲージ-50% / 対象が速度低下状態なら80%でスタン (1ターン)"
"basilisk","バジリスク","★4","S3","basilisk_s3_b","死の凝視","ELECTRIC","","generic","false","2","SINGLE_ENEMY","5","ダメージ倍率 1.91倍 / 行動ゲージ-53% / 対象が速度低下状態なら85%でスタン (1ターン)"
"basilisk","バジリスク","★4","S3","basilisk_s3_b","死の凝視","ELECTRIC","","generic","false","3","SINGLE_ENEMY","5","ダメージ倍率 2.02倍 / 行動ゲージ-56% / 対象が速度低下状態なら90%でスタン (1ターン)"
"basilisk","バジリスク","★4","S3","basilisk_s3_b","死の凝視","ELECTRIC","","generic","false","4","SINGLE_ENEMY","5","ダメージ倍率 2.12倍 / 行動ゲージ-59% / 対象が速度低下状態なら94%でスタン (1ターン)"
"basilisk","バジリスク","★4","S3","basilisk_s3_b","死の凝視","ELECTRIC","","generic","false","5","SINGLE_ENEMY","4","ダメージ倍率 2.12倍 / 行動ゲージ-59% / 対象が速度低下状態なら94%でスタン (1ターン)"
"basilisk","バジリスク","★4","S3","basilisk_s3_light","神眼の裁き","LIGHT","LIGHT","levelOverrides","false","1","ALL_ENEMIES","5","有利な効果を3個解除 / 行動ゲージ-30% / 80%で速度-30% (2ターン) / 100%で治癒阻害 (2ターン、回復を受けられない)"
"basilisk","バジリスク","★4","S3","basilisk_s3_light","神眼の裁き","LIGHT","LIGHT","levelOverrides","false","2","ALL_ENEMIES","5","有利な効果を3個解除 / 行動ゲージ-40% / 85%で速度-30% (2ターン) / 100%で治癒阻害 (2ターン、回復を受けられない)"
"basilisk","バジリスク","★4","S3","basilisk_s3_light","神眼の裁き","LIGHT","LIGHT","levelOverrides","false","3","ALL_ENEMIES","5","有利な効果を3個解除 / 行動ゲージ-50% / 90%で速度-30% (2ターン) / 100%で治癒阻害 (2ターン、回復を受けられない)"
"basilisk","バジリスク","★4","S3","basilisk_s3_light","神眼の裁き","LIGHT","LIGHT","levelOverrides","false","4","ALL_ENEMIES","5","有利な効果を3個解除 / 行動ゲージ-60% / 100%で速度-30% (2ターン) / 100%で治癒阻害 (2ターン、回復を受けられない)"
"basilisk","バジリスク","★4","S3","basilisk_s3_light","神眼の裁き","LIGHT","LIGHT","levelOverrides","false","5","ALL_ENEMIES","4","有利な効果を3個解除 / 行動ゲージ-60% / 100%で速度-30% (3ターン) / 100%で治癒阻害 (2ターン、回復を受けられない)"
"basilisk","バジリスク","★4","S3","basilisk_s3_dark","深淵の魔眼","DARK","DARK","levelOverrides","false","1","ALL_ENEMIES","5","ダメージ倍率 0.60倍 × 3回。各ヒットごとに: 50%で行動ゲージ-30%、25%でスタン (1ターン)"
"basilisk","バジリスク","★4","S3","basilisk_s3_dark","深淵の魔眼","DARK","DARK","levelOverrides","false","2","ALL_ENEMIES","5","ダメージ倍率 0.70倍 × 3回。各ヒットごとに: 50%で行動ゲージ-30%、25%でスタン (1ターン)"
"basilisk","バジリスク","★4","S3","basilisk_s3_dark","深淵の魔眼","DARK","DARK","levelOverrides","false","3","ALL_ENEMIES","5","ダメージ倍率 0.70倍 × 3回。各ヒットごとに: 60%で行動ゲージ-30%、30%でスタン (1ターン)"
"basilisk","バジリスク","★4","S3","basilisk_s3_dark","深淵の魔眼","DARK","DARK","levelOverrides","false","4","ALL_ENEMIES","5","ダメージ倍率 0.80倍 × 3回。各ヒットごとに: 60%で行動ゲージ-30%、35%でスタン (1ターン)"
"basilisk","バジリスク","★4","S3","basilisk_s3_dark","深淵の魔眼","DARK","DARK","levelOverrides","false","5","ALL_ENEMIES","4","ダメージ倍率 0.80倍 × 3回。各ヒットごとに: 70%で行動ゲージ-30%、40%でスタン (1ターン)"
"mimic","ミミック","★4","S1","mimic_s1","噛みつく宝箱","FIRE|GRASS|ELECTRIC|WATER|LIGHT|DARK","","generic","false","1","SINGLE_ENEMY","0","ダメージ倍率 0.70倍(最大HPの6%を加算) / 与えたダメージの20%を自身が回復"
"mimic","ミミック","★4","S1","mimic_s1","噛みつく宝箱","FIRE|GRASS|ELECTRIC|WATER|LIGHT|DARK","","generic","false","2","SINGLE_ENEMY","0","ダメージ倍率 0.74倍(最大HPの6%を加算) / 与えたダメージの21%を自身が回復"
"mimic","ミミック","★4","S1","mimic_s1","噛みつく宝箱","FIRE|GRASS|ELECTRIC|WATER|LIGHT|DARK","","generic","false","3","SINGLE_ENEMY","0","ダメージ倍率 0.78倍(最大HPの6%を加算) / 与えたダメージの22%を自身が回復"
"mimic","ミミック","★4","S1","mimic_s1","噛みつく宝箱","FIRE|GRASS|ELECTRIC|WATER|LIGHT|DARK","","generic","false","4","SINGLE_ENEMY","0","ダメージ倍率 0.83倍(最大HPの6%を加算) / 与えたダメージの24%を自身が回復"
"mimic","ミミック","★4","S1","mimic_s1","噛みつく宝箱","FIRE|GRASS|ELECTRIC|WATER|LIGHT|DARK","","generic","false","5","SINGLE_ENEMY","0","ダメージ倍率 0.87倍(最大HPの6%を加算) / 与えたダメージの25%を自身が回復"
"mimic","ミミック","★4","S2","mimic_s2_b","呪われた財宝","FIRE|DARK","","generic","false","1","SINGLE_ENEMY","4","ダメージ倍率 1.00倍(最大HPの8%を加算) / 80%で治癒阻害 (2ターン、回復を受けられない) / 行動ゲージ-25%"
"mimic","ミミック","★4","S2","mimic_s2_b","呪われた財宝","FIRE|DARK","","generic","false","2","SINGLE_ENEMY","4","ダメージ倍率 1.06倍(最大HPの8%を加算) / 85%で治癒阻害 (2ターン、回復を受けられない) / 行動ゲージ-27%"
"mimic","ミミック","★4","S2","mimic_s2_b","呪われた財宝","FIRE|DARK","","generic","false","3","SINGLE_ENEMY","4","ダメージ倍率 1.12倍(最大HPの8%を加算) / 90%で治癒阻害 (2ターン、回復を受けられない) / 行動ゲージ-28%"
"mimic","ミミック","★4","S2","mimic_s2_b","呪われた財宝","FIRE|DARK","","generic","false","4","SINGLE_ENEMY","4","ダメージ倍率 1.18倍(最大HPの8%を加算) / 94%で治癒阻害 (2ターン、回復を受けられない) / 行動ゲージ-30%"
"mimic","ミミック","★4","S2","mimic_s2_b","呪われた財宝","FIRE|DARK","","generic","false","5","SINGLE_ENEMY","3","ダメージ倍率 1.18倍(最大HPの8%を加算) / 94%で治癒阻害 (3ターン、回復を受けられない) / 行動ゲージ-30%"
"mimic","ミミック","★4","S2","mimic_s2_a","がぶ飲み","GRASS|WATER","","levelOverrides","false","1","SINGLE_ENEMY","4","ダメージ倍率 1.80倍(最大HPの10%を加算) / 与えたダメージの40%を自身が回復"
"mimic","ミミック","★4","S2","mimic_s2_a","がぶ飲み","GRASS|WATER","","levelOverrides","false","2","SINGLE_ENEMY","4","ダメージ倍率 1.95倍(最大HPの11%を加算) / 与えたダメージの45%を自身が回復"
"mimic","ミミック","★4","S2","mimic_s2_a","がぶ飲み","GRASS|WATER","","levelOverrides","false","3","SINGLE_ENEMY","4","ダメージ倍率 2.05倍(最大HPの12%を加算) / 与えたダメージの45%を自身が回復"
"mimic","ミミック","★4","S2","mimic_s2_a","がぶ飲み","GRASS|WATER","","levelOverrides","false","4","SINGLE_ENEMY","4","ダメージ倍率 2.15倍(最大HPの14%を加算) / 与えたダメージの50%を自身が回復"
"mimic","ミミック","★4","S2","mimic_s2_a","がぶ飲み","GRASS|WATER","","levelOverrides","false","5","SINGLE_ENEMY","3","ダメージ倍率 2.15倍(最大HPの15%を加算) / 与えたダメージの50%を自身が回復"
"mimic","ミミック","★4","S2","mimic_s2_c","誘い込む宝箱","ELECTRIC|LIGHT","","levelOverrides","false","1","SELF","5","自身にターゲット集中 (1ターン) / 自身の受けるダメージ-20% (1ターン) / 1ターン、攻撃を受けるたび行動ゲージ+10%"
"mimic","ミミック","★4","S2","mimic_s2_c","誘い込む宝箱","ELECTRIC|LIGHT","","levelOverrides","false","2","SELF","5","自身にターゲット集中 (1ターン) / 自身の受けるダメージ-25% (1ターン) / 1ターン、攻撃を受けるたび行動ゲージ+10%"
"mimic","ミミック","★4","S2","mimic_s2_c","誘い込む宝箱","ELECTRIC|LIGHT","","levelOverrides","false","3","SELF","5","自身にターゲット集中 (1ターン) / 自身の受けるダメージ-25% (1ターン) / 1ターン、攻撃を受けるたび行動ゲージ+15%"
"mimic","ミミック","★4","S2","mimic_s2_c","誘い込む宝箱","ELECTRIC|LIGHT","","levelOverrides","false","4","SELF","5","自身にターゲット集中 (1ターン) / 自身の受けるダメージ-30% (1ターン) / 1ターン、攻撃を受けるたび行動ゲージ+15%"
"mimic","ミミック","★4","S2","mimic_s2_c","誘い込む宝箱","ELECTRIC|LIGHT","","levelOverrides","false","5","SELF","4","自身にターゲット集中 (2ターン) / 自身の受けるダメージ-30% (2ターン) / 2ターン、攻撃を受けるたび行動ゲージ+20%"
"mimic","ミミック","★4","S3","mimic_s3_b","食らいつく","FIRE","","levelOverrides","false","1","SINGLE_ENEMY","5","ダメージ倍率 1.60倍(最大HPの13%を加算) 自身が失ったHPが多いほど最終ダメージ上昇(最大+50%)"
"mimic","ミミック","★4","S3","mimic_s3_b","食らいつく","FIRE","","levelOverrides","false","2","SINGLE_ENEMY","5","ダメージ倍率 1.90倍(最大HPの16%を加算) 自身が失ったHPが多いほど最終ダメージ上昇(最大+50%)"
"mimic","ミミック","★4","S3","mimic_s3_b","食らいつく","FIRE","","levelOverrides","false","3","SINGLE_ENEMY","5","ダメージ倍率 2.20倍(最大HPの19%を加算) 自身が失ったHPが多いほど最終ダメージ上昇(最大+60%)"
"mimic","ミミック","★4","S3","mimic_s3_b","食らいつく","FIRE","","levelOverrides","false","4","SINGLE_ENEMY","5","ダメージ倍率 2.60倍(最大HPの22%を加算) 自身が失ったHPが多いほど最終ダメージ上昇(最大+60%)"
"mimic","ミミック","★4","S3","mimic_s3_b","食らいつく","FIRE","","levelOverrides","false","5","SINGLE_ENEMY","3","ダメージ倍率 3.00倍(最大HPの25%を加算) 自身が失ったHPが多いほど最終ダメージ上昇(最大+70%)"
"mimic","ミミック","★4","S3","mimic_s3_c","偽りの財宝","GRASS","","passive","false","1","SELF","0","攻撃を受けた時、自身のHPを最大HPの5%回復し、70%で攻撃者の攻撃力-50%(2ターン)。攻撃者へ自身の最大HPの5%のダメージを返す(防御を無視)。敵1行動につき1回"
"mimic","ミミック","★4","S3","mimic_s3_c","偽りの財宝","GRASS","","passive","false","2","SELF","0","攻撃を受けた時、自身のHPを最大HPの6%回復し、75%で攻撃者の攻撃力-50%(2ターン)。攻撃者へ自身の最大HPの6%のダメージを返す(防御を無視)。敵1行動につき1回"
"mimic","ミミック","★4","S3","mimic_s3_c","偽りの財宝","GRASS","","passive","false","3","SELF","0","攻撃を受けた時、自身のHPを最大HPの7%回復し、80%で攻撃者の攻撃力-50%(2ターン)。攻撃者へ自身の最大HPの7%のダメージを返す(防御を無視)。敵1行動につき1回"
"mimic","ミミック","★4","S3","mimic_s3_c","偽りの財宝","GRASS","","passive","false","4","SELF","0","攻撃を受けた時、自身のHPを最大HPの8%回復し、90%で攻撃者の攻撃力-50%(2ターン)。攻撃者へ自身の最大HPの8%のダメージを返す(防御を無視)。敵1行動につき1回"
"mimic","ミミック","★4","S3","mimic_s3_c","偽りの財宝","GRASS","","passive","false","5","SELF","0","攻撃を受けた時、自身のHPを最大HPの10%回復し、100%で攻撃者の攻撃力-50%(2ターン)。攻撃者へ自身の最大HPの10%のダメージを返す(防御を無視)。敵1行動につき1回"
"mimic","ミミック","★4","S3","mimic_s3_a","貪欲な反撃","ELECTRIC|WATER","","generic","false","1","SELF","5","2ターン、攻撃を受けるたび攻撃者へ攻撃力0.60倍の反撃(最大HPの4%を加算) / 自身を回復 最大HPの5.0%"
"mimic","ミミック","★4","S3","mimic_s3_a","貪欲な反撃","ELECTRIC|WATER","","generic","false","2","SELF","5","2ターン、攻撃を受けるたび攻撃者へ攻撃力0.64倍の反撃(最大HPの4%を加算) / 自身を回復 最大HPの5.3%"
"mimic","ミミック","★4","S3","mimic_s3_a","貪欲な反撃","ELECTRIC|WATER","","generic","false","3","SELF","5","2ターン、攻撃を受けるたび攻撃者へ攻撃力0.67倍の反撃(最大HPの4%を加算) / 自身を回復 最大HPの5.6%"
"mimic","ミミック","★4","S3","mimic_s3_a","貪欲な反撃","ELECTRIC|WATER","","generic","false","4","SELF","5","2ターン、攻撃を受けるたび攻撃者へ攻撃力0.71倍の反撃(最大HPの4%を加算) / 自身を回復 最大HPの5.9%"
"mimic","ミミック","★4","S3","mimic_s3_a","貪欲な反撃","ELECTRIC|WATER","","generic","false","5","SELF","4","2ターン、攻撃を受けるたび攻撃者へ攻撃力0.71倍の反撃(最大HPの4%を加算) / 自身を回復 最大HPの5.9%"
"mimic","ミミック","★4","S3","mimic_s3_light","聖なる宝箱","LIGHT","LIGHT","levelOverrides","false","1","ALL_ALLIES","5","無敵 (1ターン) / 敵全体に60%で治癒阻害 (2ターン、回復を受けられない)"
"mimic","ミミック","★4","S3","mimic_s3_light","聖なる宝箱","LIGHT","LIGHT","levelOverrides","false","2","ALL_ALLIES","5","無敵 (1ターン) / 敵全体に70%で治癒阻害 (2ターン、回復を受けられない)"
"mimic","ミミック","★4","S3","mimic_s3_light","聖なる宝箱","LIGHT","LIGHT","levelOverrides","false","3","ALL_ALLIES","5","無敵 (1ターン) / 敵全体に80%で治癒阻害 (2ターン、回復を受けられない)"
"mimic","ミミック","★4","S3","mimic_s3_light","聖なる宝箱","LIGHT","LIGHT","levelOverrides","false","4","ALL_ALLIES","5","無敵 (1ターン) / 敵全体に90%で治癒阻害 (2ターン、回復を受けられない)"
"mimic","ミミック","★4","S3","mimic_s3_light","聖なる宝箱","LIGHT","LIGHT","levelOverrides","false","5","ALL_ALLIES","4","無敵 (1ターン) / 敵全体に100%で治癒阻害 (2ターン、回復を受けられない)"
"mimic","ミミック","★4","S3","mimic_s3_dark","強欲の魔箱","DARK","DARK","levelOverrides","false","1","SINGLE_ENEMY","5","ダメージ倍率 1.80倍(最大HPの12%を加算) 対象が弱体状態なら最終ダメージ+25% 自身が失ったHPが多いほど最終ダメージ上昇(最大+30%) / 行動ゲージを30%吸収"
"mimic","ミミック","★4","S3","mimic_s3_dark","強欲の魔箱","DARK","DARK","levelOverrides","false","2","SINGLE_ENEMY","5","ダメージ倍率 2.10倍(最大HPの14%を加算) 対象が弱体状態なら最終ダメージ+25% 自身が失ったHPが多いほど最終ダメージ上昇(最大+35%) / 行動ゲージを30%吸収"
"mimic","ミミック","★4","S3","mimic_s3_dark","強欲の魔箱","DARK","DARK","levelOverrides","false","3","SINGLE_ENEMY","5","ダメージ倍率 2.50倍(最大HPの16%を加算) 対象が弱体状態なら最終ダメージ+25% 自身が失ったHPが多いほど最終ダメージ上昇(最大+40%) / 行動ゲージを40%吸収"
"mimic","ミミック","★4","S3","mimic_s3_dark","強欲の魔箱","DARK","DARK","levelOverrides","false","4","SINGLE_ENEMY","5","ダメージ倍率 2.90倍(最大HPの18%を加算) 対象が弱体状態なら最終ダメージ+25% 自身が失ったHPが多いほど最終ダメージ上昇(最大+45%) / 行動ゲージを40%吸収"
"mimic","ミミック","★4","S3","mimic_s3_dark","強欲の魔箱","DARK","DARK","levelOverrides","false","5","SINGLE_ENEMY","4","ダメージ倍率 3.30倍(最大HPの20%を加算) 対象が弱体状態なら最終ダメージ+25% 自身が失ったHPが多いほど最終ダメージ上昇(最大+50%) / 行動ゲージを50%吸収"
"valkyria","ヴァルキリア","★4","S1","valkyria_s1","聖槍の一撃","FIRE|GRASS|ELECTRIC|WATER|LIGHT|DARK","","levelOverrides","false","1","SINGLE_ENEMY","0","ダメージ倍率 1.00倍 / 行動ゲージ+10%"
"valkyria","ヴァルキリア","★4","S1","valkyria_s1","聖槍の一撃","FIRE|GRASS|ELECTRIC|WATER|LIGHT|DARK","","levelOverrides","false","2","SINGLE_ENEMY","0","ダメージ倍率 1.10倍 / 行動ゲージ+10%"
"valkyria","ヴァルキリア","★4","S1","valkyria_s1","聖槍の一撃","FIRE|GRASS|ELECTRIC|WATER|LIGHT|DARK","","levelOverrides","false","3","SINGLE_ENEMY","0","ダメージ倍率 1.10倍 / 行動ゲージ+15%"
"valkyria","ヴァルキリア","★4","S1","valkyria_s1","聖槍の一撃","FIRE|GRASS|ELECTRIC|WATER|LIGHT|DARK","","levelOverrides","false","4","SINGLE_ENEMY","0","ダメージ倍率 1.20倍 / 行動ゲージ+15%"
"valkyria","ヴァルキリア","★4","S1","valkyria_s1","聖槍の一撃","FIRE|GRASS|ELECTRIC|WATER|LIGHT|DARK","","levelOverrides","false","5","SINGLE_ENEMY","0","ダメージ倍率 1.20倍 / 行動ゲージ+20%"
"valkyria","ヴァルキリア","★4","S2","valkyria_s2_b","戦乙女の号令","FIRE|ELECTRIC","","levelOverrides","false","1","ALL_ALLIES","5","行動ゲージ+20% / 攻撃力+30% (2ターン)"
"valkyria","ヴァルキリア","★4","S2","valkyria_s2_b","戦乙女の号令","FIRE|ELECTRIC","","levelOverrides","false","2","ALL_ALLIES","5","行動ゲージ+25% / 攻撃力+30% (2ターン)"
"valkyria","ヴァルキリア","★4","S2","valkyria_s2_b","戦乙女の号令","FIRE|ELECTRIC","","levelOverrides","false","3","ALL_ALLIES","5","行動ゲージ+25% / 攻撃力+30% (2ターン)"
"valkyria","ヴァルキリア","★4","S2","valkyria_s2_b","戦乙女の号令","FIRE|ELECTRIC","","levelOverrides","false","4","ALL_ALLIES","5","行動ゲージ+30% / 攻撃力+30% (2ターン)"
"valkyria","ヴァルキリア","★4","S2","valkyria_s2_b","戦乙女の号令","FIRE|ELECTRIC","","levelOverrides","false","5","ALL_ALLIES","4","行動ゲージ+30% / 攻撃力+30% (3ターン)"
"valkyria","ヴァルキリア","★4","S2","valkyria_s2_a","守護の翼","GRASS|LIGHT","","levelOverrides","false","1","SINGLE_ALLY","4","回復 最大HPの30.0% / デバフを1個解除 / 防御力+30% (2ターン)"
"valkyria","ヴァルキリア","★4","S2","valkyria_s2_a","守護の翼","GRASS|LIGHT","","levelOverrides","false","2","SINGLE_ALLY","4","回復 最大HPの35.0% / デバフを1個解除 / 防御力+30% (2ターン)"
"valkyria","ヴァルキリア","★4","S2","valkyria_s2_a","守護の翼","GRASS|LIGHT","","levelOverrides","false","3","SINGLE_ALLY","4","回復 最大HPの35.0% / デバフを2個解除 / 防御力+30% (2ターン)"
"valkyria","ヴァルキリア","★4","S2","valkyria_s2_a","守護の翼","GRASS|LIGHT","","levelOverrides","false","4","SINGLE_ALLY","4","回復 最大HPの40.0% / デバフを2個解除 / 防御力+30% (2ターン)"
"valkyria","ヴァルキリア","★4","S2","valkyria_s2_a","守護の翼","GRASS|LIGHT","","levelOverrides","false","5","SINGLE_ALLY","3","回復 最大HPの40.0% / デバフを2個解除 / 防御力+30% (3ターン)"
"valkyria","ヴァルキリア","★4","S2","valkyria_s2_c","不屈の祝福","WATER|DARK","","levelOverrides","false","1","SINGLE_ALLY","3","我慢 (1ターン) / 攻撃力+30% (2ターン) / 継続回復 最大HPの5.0% (2ターン、自身のターン開始時)"
"valkyria","ヴァルキリア","★4","S2","valkyria_s2_c","不屈の祝福","WATER|DARK","","levelOverrides","false","2","SINGLE_ALLY","3","我慢 (1ターン) / 攻撃力+30% (2ターン) / 継続回復 最大HPの5.0% (2ターン、自身のターン開始時)"
"valkyria","ヴァルキリア","★4","S2","valkyria_s2_c","不屈の祝福","WATER|DARK","","levelOverrides","false","3","SINGLE_ALLY","3","我慢 (1ターン) / 攻撃力+30% (2ターン) / 継続回復 最大HPの5.0% (2ターン、自身のターン開始時)"
"valkyria","ヴァルキリア","★4","S2","valkyria_s2_c","不屈の祝福","WATER|DARK","","levelOverrides","false","4","SINGLE_ALLY","3","我慢 (1ターン) / 攻撃力+30% (2ターン) / 継続回復 最大HPの5.0% (2ターン、自身のターン開始時)"
"valkyria","ヴァルキリア","★4","S2","valkyria_s2_c","不屈の祝福","WATER|DARK","","levelOverrides","false","5","SINGLE_ALLY","3","我慢 (2ターン) / 攻撃力+30% (2ターン) / 継続回復 最大HPの5.0% (2ターン、自身のターン開始時)"
"valkyria","ヴァルキリア","★4","S3","valkyria_s3_b","勝利への進軍","FIRE","","levelOverrides","false","1","ALL_ALLIES","6","行動ゲージ+30% (HP50%以下ならさらに15%) / 速度+20% (2ターン) / 攻撃力+30% (2ターン)"
"valkyria","ヴァルキリア","★4","S3","valkyria_s3_b","勝利への進軍","FIRE","","levelOverrides","false","2","ALL_ALLIES","6","行動ゲージ+35% (HP50%以下ならさらに20%) / 速度+20% (2ターン) / 攻撃力+30% (2ターン)"
"valkyria","ヴァルキリア","★4","S3","valkyria_s3_b","勝利への進軍","FIRE","","levelOverrides","false","3","ALL_ALLIES","6","行動ゲージ+35% (HP50%以下ならさらに25%) / 速度+20% (2ターン) / 攻撃力+30% (2ターン)"
"valkyria","ヴァルキリア","★4","S3","valkyria_s3_b","勝利への進軍","FIRE","","levelOverrides","false","4","ALL_ALLIES","6","行動ゲージ+40% (HP50%以下ならさらに25%) / 速度+20% (2ターン) / 攻撃力+30% (2ターン)"
"valkyria","ヴァルキリア","★4","S3","valkyria_s3_b","勝利への進軍","FIRE","","levelOverrides","false","5","ALL_ALLIES","5","行動ゲージ+40% (HP50%以下ならさらに25%) / 速度+20% (3ターン) / 攻撃力+30% (3ターン)"
"valkyria","ヴァルキリア","★4","S3","valkyria_s3_c","戦乙女の誓い","GRASS|WATER","","passive","false","1","SELF","0","味方のHPが30%以下になった時、その味方に1ターン無敵と自身の最大HPの25%回復(内部クールタイム5ターン)"
"valkyria","ヴァルキリア","★4","S3","valkyria_s3_c","戦乙女の誓い","GRASS|WATER","","passive","false","2","SELF","0","味方のHPが30%以下になった時、その味方に1ターン無敵と自身の最大HPの30%回復(内部クールタイム5ターン)"
"valkyria","ヴァルキリア","★4","S3","valkyria_s3_c","戦乙女の誓い","GRASS|WATER","","passive","false","3","SELF","0","味方のHPが30%以下になった時、その味方に1ターン無敵と自身の最大HPの35%回復(内部クールタイム5ターン)"
"valkyria","ヴァルキリア","★4","S3","valkyria_s3_c","戦乙女の誓い","GRASS|WATER","","passive","false","4","SELF","0","味方のHPが30%以下になった時、その味方に1ターン無敵と自身の最大HPの40%回復(内部クールタイム5ターン)"
"valkyria","ヴァルキリア","★4","S3","valkyria_s3_c","戦乙女の誓い","GRASS|WATER","","passive","false","5","SELF","0","味方のHPが30%以下になった時、その味方に1ターン無敵と自身の最大HPの45%回復(内部クールタイム4ターン)"
"valkyria","ヴァルキリア","★4","S3","valkyria_s3_a","天翼の加護","ELECTRIC","","levelOverrides","false","1","ALL_ALLIES","5","回復 最大HPの25.0% / デバフを1個解除 / 防御力+30% (2ターン)"
"valkyria","ヴァルキリア","★4","S3","valkyria_s3_a","天翼の加護","ELECTRIC","","levelOverrides","false","2","ALL_ALLIES","5","回復 最大HPの30.0% / デバフを1個解除 / 防御力+30% (2ターン)"
"valkyria","ヴァルキリア","★4","S3","valkyria_s3_a","天翼の加護","ELECTRIC","","levelOverrides","false","3","ALL_ALLIES","5","回復 最大HPの30.0% / デバフを2個解除 / 防御力+30% (2ターン)"
"valkyria","ヴァルキリア","★4","S3","valkyria_s3_a","天翼の加護","ELECTRIC","","levelOverrides","false","4","ALL_ALLIES","5","回復 最大HPの35.0% / デバフを2個解除 / 防御力+30% (2ターン)"
"valkyria","ヴァルキリア","★4","S3","valkyria_s3_a","天翼の加護","ELECTRIC","","levelOverrides","false","5","ALL_ALLIES","4","回復 最大HPの40.0% / デバフを2個解除 / 防御力+30% (3ターン)"
"valkyria","ヴァルキリア","★4","S3","valkyria_s3_light","神聖なる翼","LIGHT","LIGHT","levelOverrides","false","1","ALL_ALLIES","6","回復 最大HPの30.0% / デバフを解除 / 我慢 (1ターン)"
"valkyria","ヴァルキリア","★4","S3","valkyria_s3_light","神聖なる翼","LIGHT","LIGHT","levelOverrides","false","2","ALL_ALLIES","6","回復 最大HPの35.0% / デバフを解除 / 我慢 (1ターン)"
"valkyria","ヴァルキリア","★4","S3","valkyria_s3_light","神聖なる翼","LIGHT","LIGHT","levelOverrides","false","3","ALL_ALLIES","6","回復 最大HPの40.0% / デバフを解除 / 我慢 (1ターン)"
"valkyria","ヴァルキリア","★4","S3","valkyria_s3_light","神聖なる翼","LIGHT","LIGHT","levelOverrides","false","4","ALL_ALLIES","6","回復 最大HPの45.0% / デバフを解除 / 我慢 (1ターン)"
"valkyria","ヴァルキリア","★4","S3","valkyria_s3_light","神聖なる翼","LIGHT","LIGHT","levelOverrides","false","5","ALL_ALLIES","5","回復 最大HPの50.0% / デバフを解除 / 我慢 (2ターン)"
"valkyria","ヴァルキリア","★4","S3","valkyria_s3_dark","黒翼の戦歌","DARK","DARK","levelOverrides","false","1","ALL_ALLIES","6","行動ゲージ+30% (HP50%以下ならさらに15%) / クリ率+20% (2ターン) / クリダメ+30% (2ターン)"
"valkyria","ヴァルキリア","★4","S3","valkyria_s3_dark","黒翼の戦歌","DARK","DARK","levelOverrides","false","2","ALL_ALLIES","6","行動ゲージ+35% (HP50%以下ならさらに15%) / クリ率+20% (2ターン) / クリダメ+30% (2ターン)"
"valkyria","ヴァルキリア","★4","S3","valkyria_s3_dark","黒翼の戦歌","DARK","DARK","levelOverrides","false","3","ALL_ALLIES","6","行動ゲージ+40% (HP50%以下ならさらに20%) / クリ率+20% (2ターン) / クリダメ+30% (2ターン)"
"valkyria","ヴァルキリア","★4","S3","valkyria_s3_dark","黒翼の戦歌","DARK","DARK","levelOverrides","false","4","ALL_ALLIES","6","行動ゲージ+45% (HP50%以下ならさらに20%) / クリ率+20% (2ターン) / クリダメ+30% (2ターン)"
"valkyria","ヴァルキリア","★4","S3","valkyria_s3_dark","黒翼の戦歌","DARK","DARK","levelOverrides","false","5","ALL_ALLIES","5","行動ゲージ+50% (HP50%以下ならさらに25%) / クリ率+20% (3ターン) / クリダメ+30% (3ターン)"
"thunderbeast","サンダービースト","★4","S1","thunderbeast_s1","雷牙","FIRE|GRASS|ELECTRIC|WATER|LIGHT|DARK","","levelOverrides","false","1","SINGLE_ENEMY","0","ダメージ倍率 0.90倍(自身の速度が高いほど上昇)"
"thunderbeast","サンダービースト","★4","S1","thunderbeast_s1","雷牙","FIRE|GRASS|ELECTRIC|WATER|LIGHT|DARK","","levelOverrides","false","2","SINGLE_ENEMY","0","ダメージ倍率 1.00倍(自身の速度が高いほど上昇)"
"thunderbeast","サンダービースト","★4","S1","thunderbeast_s1","雷牙","FIRE|GRASS|ELECTRIC|WATER|LIGHT|DARK","","levelOverrides","false","3","SINGLE_ENEMY","0","ダメージ倍率 1.00倍(自身の速度が高いほど上昇)"
"thunderbeast","サンダービースト","★4","S1","thunderbeast_s1","雷牙","FIRE|GRASS|ELECTRIC|WATER|LIGHT|DARK","","levelOverrides","false","4","SINGLE_ENEMY","0","ダメージ倍率 1.10倍(自身の速度が高いほど上昇)"
"thunderbeast","サンダービースト","★4","S1","thunderbeast_s1","雷牙","FIRE|GRASS|ELECTRIC|WATER|LIGHT|DARK","","levelOverrides","false","5","SINGLE_ENEMY","0","ダメージ倍率 1.10倍(自身の速度が高いほど上昇)"
"thunderbeast","サンダービースト","★4","S2","thunderbeast_s2_a","雷光突進","FIRE|WATER","","levelOverrides","false","1","SINGLE_ENEMY","4","ダメージ倍率 1.50倍(自身の速度が高いほど上昇) / 自身の行動ゲージ+25%"
"thunderbeast","サンダービースト","★4","S2","thunderbeast_s2_a","雷光突進","FIRE|WATER","","levelOverrides","false","2","SINGLE_ENEMY","4","ダメージ倍率 1.60倍(自身の速度が高いほど上昇) / 自身の行動ゲージ+25%"
"thunderbeast","サンダービースト","★4","S2","thunderbeast_s2_a","雷光突進","FIRE|WATER","","levelOverrides","false","3","SINGLE_ENEMY","4","ダメージ倍率 1.70倍(自身の速度が高いほど上昇) / 自身の行動ゲージ+30%"
"thunderbeast","サンダービースト","★4","S2","thunderbeast_s2_a","雷光突進","FIRE|WATER","","levelOverrides","false","4","SINGLE_ENEMY","4","ダメージ倍率 1.80倍(自身の速度が高いほど上昇) / 自身の行動ゲージ+30%"
"thunderbeast","サンダービースト","★4","S2","thunderbeast_s2_a","雷光突進","FIRE|WATER","","levelOverrides","false","5","SINGLE_ENEMY","3","ダメージ倍率 1.80倍(自身の速度が高いほど上昇) / 自身の行動ゲージ+35%"
"thunderbeast","サンダービースト","★4","S2","thunderbeast_s2_b","連雷","GRASS|LIGHT","","levelOverrides","false","1","ALL_ENEMIES","4","ダメージ倍率 0.65倍 × 2回(自身の速度が高いほど上昇) / 1回以上クリティカルしたら自身の行動ゲージ+25%"
"thunderbeast","サンダービースト","★4","S2","thunderbeast_s2_b","連雷","GRASS|LIGHT","","levelOverrides","false","2","ALL_ENEMIES","4","ダメージ倍率 0.70倍 × 2回(自身の速度が高いほど上昇) / 1回以上クリティカルしたら自身の行動ゲージ+30%"
"thunderbeast","サンダービースト","★4","S2","thunderbeast_s2_b","連雷","GRASS|LIGHT","","levelOverrides","false","3","ALL_ENEMIES","4","ダメージ倍率 0.75倍 × 2回(自身の速度が高いほど上昇) / 1回以上クリティカルしたら自身の行動ゲージ+30%"
"thunderbeast","サンダービースト","★4","S2","thunderbeast_s2_b","連雷","GRASS|LIGHT","","levelOverrides","false","4","ALL_ENEMIES","4","ダメージ倍率 0.80倍 × 2回(自身の速度が高いほど上昇) / 1回以上クリティカルしたら自身の行動ゲージ+30%"
"thunderbeast","サンダービースト","★4","S2","thunderbeast_s2_b","連雷","GRASS|LIGHT","","levelOverrides","false","5","ALL_ENEMIES","3","ダメージ倍率 0.80倍 × 2回(自身の速度が高いほど上昇) / 1回以上クリティカルしたら自身の行動ゲージ+35%"
"thunderbeast","サンダービースト","★4","S2","thunderbeast_s2_c","雷鳴の爪","ELECTRIC|DARK","","levelOverrides","false","1","SINGLE_ENEMY","4","ダメージ倍率 1.40倍(自身の速度が高いほど上昇) / 80%で防御力-75% (2ターン)"
"thunderbeast","サンダービースト","★4","S2","thunderbeast_s2_c","雷鳴の爪","ELECTRIC|DARK","","levelOverrides","false","2","SINGLE_ENEMY","4","ダメージ倍率 1.50倍(自身の速度が高いほど上昇) / 90%で防御力-75% (2ターン)"
"thunderbeast","サンダービースト","★4","S2","thunderbeast_s2_c","雷鳴の爪","ELECTRIC|DARK","","levelOverrides","false","3","SINGLE_ENEMY","4","ダメージ倍率 1.60倍(自身の速度が高いほど上昇) / 90%で防御力-75% (2ターン)"
"thunderbeast","サンダービースト","★4","S2","thunderbeast_s2_c","雷鳴の爪","ELECTRIC|DARK","","levelOverrides","false","4","SINGLE_ENEMY","4","ダメージ倍率 1.70倍(自身の速度が高いほど上昇) / 100%で防御力-75% (2ターン)"
"thunderbeast","サンダービースト","★4","S2","thunderbeast_s2_c","雷鳴の爪","ELECTRIC|DARK","","levelOverrides","false","5","SINGLE_ENEMY","3","ダメージ倍率 1.80倍(自身の速度が高いほど上昇) / 100%で防御力-75% (3ターン)"
"thunderbeast","サンダービースト","★4","S3","thunderbeast_s3_a","迅雷乱舞","FIRE","","levelOverrides","false","1","SINGLE_ENEMY","5","ダメージ倍率 0.75倍 × 3回(自身の速度が高いほど上昇) / 2回以上クリティカルしたら自身の行動ゲージ+40%"
"thunderbeast","サンダービースト","★4","S3","thunderbeast_s3_a","迅雷乱舞","FIRE","","levelOverrides","false","2","SINGLE_ENEMY","5","ダメージ倍率 0.80倍 × 3回(自身の速度が高いほど上昇) / 2回以上クリティカルしたら自身の行動ゲージ+45%"
"thunderbeast","サンダービースト","★4","S3","thunderbeast_s3_a","迅雷乱舞","FIRE","","levelOverrides","false","3","SINGLE_ENEMY","5","ダメージ倍率 0.85倍 × 3回(自身の速度が高いほど上昇) / 2回以上クリティカルしたら自身の行動ゲージ+50%"
"thunderbeast","サンダービースト","★4","S3","thunderbeast_s3_a","迅雷乱舞","FIRE","","levelOverrides","false","4","SINGLE_ENEMY","5","ダメージ倍率 0.90倍 × 3回(自身の速度が高いほど上昇) / 2回以上クリティカルしたら自身の行動ゲージ+55%"
"thunderbeast","サンダービースト","★4","S3","thunderbeast_s3_a","迅雷乱舞","FIRE","","levelOverrides","false","5","SINGLE_ENEMY","3","ダメージ倍率 0.90倍 × 3回(自身の速度が高いほど上昇) / 2回以上クリティカルしたら自身の行動ゲージ+60%"
"thunderbeast","サンダービースト","★4","S3","thunderbeast_s3_b","天雷の号令","GRASS|WATER","","levelOverrides","false","1","ALL_ALLIES","6","行動ゲージ+20% / 速度+20% (2ターン) / クリ率+20% (2ターン) / 自身の行動ゲージ+25%"
"thunderbeast","サンダービースト","★4","S3","thunderbeast_s3_b","天雷の号令","GRASS|WATER","","levelOverrides","false","2","ALL_ALLIES","6","行動ゲージ+25% / 速度+20% (2ターン) / クリ率+20% (2ターン) / 自身の行動ゲージ+25%"
"thunderbeast","サンダービースト","★4","S3","thunderbeast_s3_b","天雷の号令","GRASS|WATER","","levelOverrides","false","3","ALL_ALLIES","6","行動ゲージ+25% / 速度+20% (2ターン) / クリ率+20% (2ターン) / 自身の行動ゲージ+30%"
"thunderbeast","サンダービースト","★4","S3","thunderbeast_s3_b","天雷の号令","GRASS|WATER","","levelOverrides","false","4","ALL_ALLIES","6","行動ゲージ+30% / 速度+20% (2ターン) / クリ率+20% (2ターン) / 自身の行動ゲージ+30%"
"thunderbeast","サンダービースト","★4","S3","thunderbeast_s3_b","天雷の号令","GRASS|WATER","","levelOverrides","false","5","ALL_ALLIES","5","行動ゲージ+30% / 速度+20% (3ターン) / クリ率+20% (3ターン) / 自身の行動ゲージ+35%"
"thunderbeast","サンダービースト","★4","S3","thunderbeast_s3_c","雷獣覚醒","ELECTRIC","","levelOverrides","false","1","SELF","5","自身の速度+20% (3ターン) / 自身のクリ率+20% (3ターン) / 自身の攻撃力+30% (3ターン) / 継続回復 最大HPの5.0% (3ターン、自身のターン開始時) / 使用後、即時に追加ターンを獲得 / extraTurn=true"
"thunderbeast","サンダービースト","★4","S3","thunderbeast_s3_c","雷獣覚醒","ELECTRIC","","levelOverrides","false","2","SELF","5","自身の速度+20% (3ターン) / 自身のクリ率+20% (3ターン) / 自身の攻撃力+30% (3ターン) / 継続回復 最大HPの7.0% (3ターン、自身のターン開始時) / 使用後、即時に追加ターンを獲得 / extraTurn=true"
"thunderbeast","サンダービースト","★4","S3","thunderbeast_s3_c","雷獣覚醒","ELECTRIC","","levelOverrides","false","3","SELF","5","自身の速度+20% (3ターン) / 自身のクリ率+20% (3ターン) / 自身の攻撃力+30% (3ターン) / 継続回復 最大HPの10.0% (3ターン、自身のターン開始時) / 使用後、即時に追加ターンを獲得 / extraTurn=true"
"thunderbeast","サンダービースト","★4","S3","thunderbeast_s3_c","雷獣覚醒","ELECTRIC","","levelOverrides","false","4","SELF","5","自身の速度+20% (3ターン) / 自身のクリ率+20% (3ターン) / 自身の攻撃力+30% (3ターン) / 継続回復 最大HPの12.0% (3ターン、自身のターン開始時) / 使用後、即時に追加ターンを獲得 / extraTurn=true"
"thunderbeast","サンダービースト","★4","S3","thunderbeast_s3_c","雷獣覚醒","ELECTRIC","","levelOverrides","false","5","SELF","4","自身の速度+20% (4ターン) / 自身のクリ率+20% (4ターン) / 自身の攻撃力+30% (4ターン) / 継続回復 最大HPの15.0% (4ターン、自身のターン開始時) / 使用後、即時に追加ターンを獲得 / extraTurn=true"
"thunderbeast","サンダービースト","★4","S3","thunderbeast_s3_light","雷の本能","LIGHT","LIGHT","passive","false","1","SELF","0","クリダメ+25%・速度+20。攻撃スキルのクリティカル時、対象の行動ゲージを15%吸収(1スキルにつき1回)"
"thunderbeast","サンダービースト","★4","S3","thunderbeast_s3_light","雷の本能","LIGHT","LIGHT","passive","false","2","SELF","0","クリダメ+30%・速度+25。攻撃スキルのクリティカル時、対象の行動ゲージを15%吸収(1スキルにつき1回)"
"thunderbeast","サンダービースト","★4","S3","thunderbeast_s3_light","雷の本能","LIGHT","LIGHT","passive","false","3","SELF","0","クリダメ+35%・速度+30。攻撃スキルのクリティカル時、対象の行動ゲージを20%吸収(1スキルにつき1回)"
"thunderbeast","サンダービースト","★4","S3","thunderbeast_s3_light","雷の本能","LIGHT","LIGHT","passive","false","4","SELF","0","クリダメ+40%・速度+35。攻撃スキルのクリティカル時、対象の行動ゲージを20%吸収(1スキルにつき1回)"
"thunderbeast","サンダービースト","★4","S3","thunderbeast_s3_light","雷の本能","LIGHT","LIGHT","passive","false","5","SELF","0","クリダメ+45%・速度+40。攻撃スキルのクリティカル時、対象の行動ゲージを25%吸収(1スキルにつき1回)"
"thunderbeast","サンダービースト","★4","S3","thunderbeast_s3_dark","黒雷連獄","DARK","DARK","levelOverrides","false","1","SINGLE_ENEMY","6","ダメージ倍率 0.75倍 × 4回(自身の速度が高いほど上昇) / 3回以上クリティカルしたらダメージ倍率 0.80倍(自身の速度が高いほど上昇)(防御力50%無視)"
"thunderbeast","サンダービースト","★4","S3","thunderbeast_s3_dark","黒雷連獄","DARK","DARK","levelOverrides","false","2","SINGLE_ENEMY","6","ダメージ倍率 0.80倍 × 4回(自身の速度が高いほど上昇) / 3回以上クリティカルしたらダメージ倍率 0.90倍(自身の速度が高いほど上昇)(防御力50%無視)"
"thunderbeast","サンダービースト","★4","S3","thunderbeast_s3_dark","黒雷連獄","DARK","DARK","levelOverrides","false","3","SINGLE_ENEMY","6","ダメージ倍率 0.85倍 × 4回(自身の速度が高いほど上昇) / 3回以上クリティカルしたらダメージ倍率 1.00倍(自身の速度が高いほど上昇)(防御力60%無視)"
"thunderbeast","サンダービースト","★4","S3","thunderbeast_s3_dark","黒雷連獄","DARK","DARK","levelOverrides","false","4","SINGLE_ENEMY","6","ダメージ倍率 0.90倍 × 4回(自身の速度が高いほど上昇) / 3回以上クリティカルしたらダメージ倍率 1.10倍(自身の速度が高いほど上昇)(防御力70%無視)"
"thunderbeast","サンダービースト","★4","S3","thunderbeast_s3_dark","黒雷連獄","DARK","DARK","levelOverrides","false","5","SINGLE_ENEMY","5","ダメージ倍率 0.90倍 × 4回(自身の速度が高いほど上昇) / 3回以上クリティカルしたらダメージ倍率 1.20倍(自身の速度が高いほど上昇)(防御力80%無視)"
"abyssreaper","アビスリーパー","★5","S1","abyssreaper_s1","魂刈り","FIRE|GRASS|ELECTRIC|WATER|LIGHT|DARK","","generic","false","1","SINGLE_ENEMY","0","ダメージ倍率 1.00倍 / 60%で有利な効果を1個解除"
"abyssreaper","アビスリーパー","★5","S1","abyssreaper_s1","魂刈り","FIRE|GRASS|ELECTRIC|WATER|LIGHT|DARK","","generic","false","2","SINGLE_ENEMY","0","ダメージ倍率 1.06倍 / 64%で有利な効果を1個解除"
"abyssreaper","アビスリーパー","★5","S1","abyssreaper_s1","魂刈り","FIRE|GRASS|ELECTRIC|WATER|LIGHT|DARK","","generic","false","3","SINGLE_ENEMY","0","ダメージ倍率 1.12倍 / 67%で有利な効果を1個解除"
"abyssreaper","アビスリーパー","★5","S1","abyssreaper_s1","魂刈り","FIRE|GRASS|ELECTRIC|WATER|LIGHT|DARK","","generic","false","4","SINGLE_ENEMY","0","ダメージ倍率 1.18倍 / 71%で有利な効果を1個解除"
"abyssreaper","アビスリーパー","★5","S1","abyssreaper_s1","魂刈り","FIRE|GRASS|ELECTRIC|WATER|LIGHT|DARK","","generic","false","5","SINGLE_ENEMY","0","ダメージ倍率 1.24倍 / 74%で有利な効果を1個解除"
"abyssreaper","アビスリーパー","★5","S2","abyssreaper_s2_a","魂の略奪","FIRE|WATER","","generic","false","1","SINGLE_ENEMY","4","ダメージ倍率 1.50倍 / 有利な効果を2個解除(解除した1個につき自身の行動ゲージ+15%)"
"abyssreaper","アビスリーパー","★5","S2","abyssreaper_s2_a","魂の略奪","FIRE|WATER","","generic","false","2","SINGLE_ENEMY","4","ダメージ倍率 1.59倍 / 有利な効果を2個解除(解除した1個につき自身の行動ゲージ+15%)"
"abyssreaper","アビスリーパー","★5","S2","abyssreaper_s2_a","魂の略奪","FIRE|WATER","","generic","false","3","SINGLE_ENEMY","4","ダメージ倍率 1.68倍 / 有利な効果を2個解除(解除した1個につき自身の行動ゲージ+15%)"
"abyssreaper","アビスリーパー","★5","S2","abyssreaper_s2_a","魂の略奪","FIRE|WATER","","generic","false","4","SINGLE_ENEMY","4","ダメージ倍率 1.77倍 / 有利な効果を2個解除(解除した1個につき自身の行動ゲージ+15%)"
"abyssreaper","アビスリーパー","★5","S2","abyssreaper_s2_a","魂の略奪","FIRE|WATER","","generic","false","5","SINGLE_ENEMY","3","ダメージ倍率 1.77倍 / 有利な効果を2個解除(解除した1個につき自身の行動ゲージ+15%)"
"abyssreaper","アビスリーパー","★5","S2","abyssreaper_s2_c","冥府の契約","GRASS|LIGHT","","generic","true","1","SINGLE_ENEMY","5","有利な効果を1個奪って自身に付与 / 行動ゲージ-50% / 90%で強化不可 (2ターン) / 90%で毒1スタック (1スタックにつき最大HPの5%、最大5スタック、2ターン)"
"abyssreaper","アビスリーパー","★5","S2","abyssreaper_s2_c","冥府の契約","GRASS|LIGHT","","generic","true","2","SINGLE_ENEMY","5","有利な効果を1個奪って自身に付与 / 行動ゲージ-53% / 95%で強化不可 (2ターン) / 95%で毒1スタック (1スタックにつき最大HPの5%、最大5スタック、2ターン)"
"abyssreaper","アビスリーパー","★5","S2","abyssreaper_s2_c","冥府の契約","GRASS|LIGHT","","generic","true","3","SINGLE_ENEMY","5","有利な効果を1個奪って自身に付与 / 行動ゲージ-56% / 100%で強化不可 (2ターン) / 100%で毒1スタック (1スタックにつき最大HPの6%、最大5スタック、2ターン)"
"abyssreaper","アビスリーパー","★5","S2","abyssreaper_s2_c","冥府の契約","GRASS|LIGHT","","generic","true","4","SINGLE_ENEMY","5","有利な効果を1個奪って自身に付与 / 行動ゲージ-59% / 100%で強化不可 (2ターン) / 100%で毒1スタック (1スタックにつき最大HPの6%、最大5スタック、2ターン)"
"abyssreaper","アビスリーパー","★5","S2","abyssreaper_s2_c","冥府の契約","GRASS|LIGHT","","generic","true","5","SINGLE_ENEMY","4","有利な効果を1個奪って自身に付与 / 行動ゲージ-59% / 100%で強化不可 (3ターン) / 100%で毒1スタック (1スタックにつき最大HPの6%、最大5スタック、3ターン)"
"abyssreaper","アビスリーパー","★5","S2","abyssreaper_s2_b","死神の鎖","ELECTRIC|DARK","","generic","false","1","SINGLE_ENEMY","5","有利な効果を1個解除 / ダメージ倍率 1.40倍 / 80%で防御力-75% (2ターン) / 行動ゲージ-40%"
"abyssreaper","アビスリーパー","★5","S2","abyssreaper_s2_b","死神の鎖","ELECTRIC|DARK","","generic","false","2","SINGLE_ENEMY","5","有利な効果を1個解除 / ダメージ倍率 1.48倍 / 85%で防御力-75% (2ターン) / 行動ゲージ-42%"
"abyssreaper","アビスリーパー","★5","S2","abyssreaper_s2_b","死神の鎖","ELECTRIC|DARK","","generic","false","3","SINGLE_ENEMY","5","有利な効果を1個解除 / ダメージ倍率 1.57倍 / 90%で防御力-75% (2ターン) / 行動ゲージ-45%"
"abyssreaper","アビスリーパー","★5","S2","abyssreaper_s2_b","死神の鎖","ELECTRIC|DARK","","generic","false","4","SINGLE_ENEMY","5","有利な効果を1個解除 / ダメージ倍率 1.65倍 / 94%で防御力-75% (2ターン) / 行動ゲージ-47%"
"abyssreaper","アビスリーパー","★5","S2","abyssreaper_s2_b","死神の鎖","ELECTRIC|DARK","","generic","false","5","SINGLE_ENEMY","4","有利な効果を1個解除 / ダメージ倍率 1.65倍 / 94%で防御力-75% (3ターン) / 行動ゲージ-47%"
"abyssreaper","アビスリーパー","★5","S3","abyssreaper_s3_b","死の宣告","FIRE","","levelOverrides","false","1","SINGLE_ENEMY","5","ダメージ倍率 2.30倍 対象の強化効果1個につき最終ダメージ+15%(最大+100%) / 有利な効果(シールド・無効・能力上昇)を解除"
"abyssreaper","アビスリーパー","★5","S3","abyssreaper_s3_b","死の宣告","FIRE","","levelOverrides","false","2","SINGLE_ENEMY","5","ダメージ倍率 2.60倍 対象の強化効果1個につき最終ダメージ+15%(最大+100%) / 有利な効果(シールド・無効・能力上昇)を解除"
"abyssreaper","アビスリーパー","★5","S3","abyssreaper_s3_b","死の宣告","FIRE","","levelOverrides","false","3","SINGLE_ENEMY","5","ダメージ倍率 2.90倍 対象の強化効果1個につき最終ダメージ+20%(最大+100%) / 有利な効果(シールド・無効・能力上昇)を解除"
"abyssreaper","アビスリーパー","★5","S3","abyssreaper_s3_b","死の宣告","FIRE","","levelOverrides","false","4","SINGLE_ENEMY","5","ダメージ倍率 3.20倍 対象の強化効果1個につき最終ダメージ+20%(最大+100%) / 有利な効果(シールド・無効・能力上昇)を解除"
"abyssreaper","アビスリーパー","★5","S3","abyssreaper_s3_b","死の宣告","FIRE","","levelOverrides","false","5","SINGLE_ENEMY","4","ダメージ倍率 3.50倍 対象の強化効果1個につき最終ダメージ+25%(最大+100%) / 有利な効果(シールド・無効・能力上昇)を解除"
"abyssreaper","アビスリーパー","★5","S3","abyssreaper_s3_c","死神の収穫","GRASS|WATER","","passive","false","1","SELF","0","攻撃スキル使用時、50%で対象に1ターンの強化阻害と回復阻害。成功時、自身のHPを最大HPの10%回復し行動ゲージ+15%(多段技は対象に当たった回数だけ判定)"
"abyssreaper","アビスリーパー","★5","S3","abyssreaper_s3_c","死神の収穫","GRASS|WATER","","passive","false","2","SELF","0","攻撃スキル使用時、60%で対象に1ターンの強化阻害と回復阻害。成功時、自身のHPを最大HPの10%回復し行動ゲージ+20%(多段技は対象に当たった回数だけ判定)"
"abyssreaper","アビスリーパー","★5","S3","abyssreaper_s3_c","死神の収穫","GRASS|WATER","","passive","false","3","SELF","0","攻撃スキル使用時、70%で対象に1ターンの強化阻害と回復阻害。成功時、自身のHPを最大HPの15%回復し行動ゲージ+20%(多段技は対象に当たった回数だけ判定)"
"abyssreaper","アビスリーパー","★5","S3","abyssreaper_s3_c","死神の収穫","GRASS|WATER","","passive","false","4","SELF","0","攻撃スキル使用時、80%で対象に1ターンの強化阻害と回復阻害。成功時、自身のHPを最大HPの15%回復し行動ゲージ+25%(多段技は対象に当たった回数だけ判定)"
"abyssreaper","アビスリーパー","★5","S3","abyssreaper_s3_c","死神の収穫","GRASS|WATER","","passive","false","5","SELF","0","攻撃スキル使用時、100%で対象に1ターンの強化阻害と回復阻害。成功時、自身のHPを最大HPの20%回復し行動ゲージ+30%(多段技は対象に当たった回数だけ判定)"
"abyssreaper","アビスリーパー","★5","S3","abyssreaper_s3_a","魂喰らいの宴","ELECTRIC","","levelOverrides","false","1","ALL_ENEMIES","5","ダメージ倍率 1.30倍 / 80%で有利な効果を3個解除(解除できた相手1体につき自身の行動ゲージ+10%)"
"abyssreaper","アビスリーパー","★5","S3","abyssreaper_s3_a","魂喰らいの宴","ELECTRIC","","levelOverrides","false","2","ALL_ENEMIES","5","ダメージ倍率 1.40倍 / 90%で有利な効果を3個解除(解除できた相手1体につき自身の行動ゲージ+10%)"
"abyssreaper","アビスリーパー","★5","S3","abyssreaper_s3_a","魂喰らいの宴","ELECTRIC","","levelOverrides","false","3","ALL_ENEMIES","5","ダメージ倍率 1.50倍 / 90%で有利な効果を3個解除(解除できた相手1体につき自身の行動ゲージ+15%)"
"abyssreaper","アビスリーパー","★5","S3","abyssreaper_s3_a","魂喰らいの宴","ELECTRIC","","levelOverrides","false","4","ALL_ENEMIES","5","ダメージ倍率 1.60倍 / 100%で有利な効果を3個解除(解除できた相手1体につき自身の行動ゲージ+15%)"
"abyssreaper","アビスリーパー","★5","S3","abyssreaper_s3_a","魂喰らいの宴","ELECTRIC","","levelOverrides","false","5","ALL_ENEMIES","4","ダメージ倍率 1.60倍 / 100%で有利な効果を3個解除(解除できた相手1体につき自身の行動ゲージ+20%)"
"abyssreaper","アビスリーパー","★5","S3","abyssreaper_s3_light","聖魂転生","LIGHT","LIGHT","generic","false","1","ALL_ENEMIES","6","65%で有利な効果(シールド・無効・能力上昇)を解除 / 味方全体の行動ゲージ+25% / 自身に復活 (3ターン)"
"abyssreaper","アビスリーパー","★5","S3","abyssreaper_s3_light","聖魂転生","LIGHT","LIGHT","generic","false","2","ALL_ENEMIES","6","69%で有利な効果(シールド・無効・能力上昇)を解除 / 味方全体の行動ゲージ+27% / 自身に復活 (3ターン)"
"abyssreaper","アビスリーパー","★5","S3","abyssreaper_s3_light","聖魂転生","LIGHT","LIGHT","generic","false","3","ALL_ENEMIES","6","73%で有利な効果(シールド・無効・能力上昇)を解除 / 味方全体の行動ゲージ+28% / 自身に復活 (3ターン)"
"abyssreaper","アビスリーパー","★5","S3","abyssreaper_s3_light","聖魂転生","LIGHT","LIGHT","generic","false","4","ALL_ENEMIES","6","77%で有利な効果(シールド・無効・能力上昇)を解除 / 味方全体の行動ゲージ+30% / 自身に復活 (3ターン)"
"abyssreaper","アビスリーパー","★5","S3","abyssreaper_s3_light","聖魂転生","LIGHT","LIGHT","generic","false","5","ALL_ENEMIES","5","77%で有利な効果(シールド・無効・能力上昇)を解除 / 味方全体の行動ゲージ+30% / 自身に復活 (4ターン)"
"abyssreaper","アビスリーパー","★5","S3","abyssreaper_s3_dark","アビス・ドミネーション","DARK","DARK","generic","false","1","SINGLE_ENEMY","6","有利な効果を3個奪って自身に付与 / ダメージ倍率 2.20倍 / 行動ゲージ-50%"
"abyssreaper","アビスリーパー","★5","S3","abyssreaper_s3_dark","アビス・ドミネーション","DARK","DARK","generic","false","2","SINGLE_ENEMY","6","有利な効果を3個奪って自身に付与 / ダメージ倍率 2.33倍 / 行動ゲージ-53%"
"abyssreaper","アビスリーパー","★5","S3","abyssreaper_s3_dark","アビス・ドミネーション","DARK","DARK","generic","false","3","SINGLE_ENEMY","6","有利な効果を3個奪って自身に付与 / ダメージ倍率 2.46倍 / 行動ゲージ-56%"
"abyssreaper","アビスリーパー","★5","S3","abyssreaper_s3_dark","アビス・ドミネーション","DARK","DARK","generic","false","4","SINGLE_ENEMY","6","有利な効果を3個奪って自身に付与 / ダメージ倍率 2.60倍 / 行動ゲージ-59%"
"abyssreaper","アビスリーパー","★5","S3","abyssreaper_s3_dark","アビス・ドミネーション","DARK","DARK","generic","false","5","SINGLE_ENEMY","5","有利な効果を3個奪って自身に付与 / ダメージ倍率 2.60倍 / 行動ゲージ-59%"
"fenrir","フェンリル","★5","S1","fenrir_s1","狩狼牙","FIRE|GRASS|ELECTRIC|WATER|LIGHT|DARK","","levelOverrides","false","1","SINGLE_ENEMY","0","ダメージ倍率 0.65倍 / 40%で防御力-75% (2ターン) / ダメージ倍率 0.65倍 / 40%で防御力-75% (2ターン)"
"fenrir","フェンリル","★5","S1","fenrir_s1","狩狼牙","FIRE|GRASS|ELECTRIC|WATER|LIGHT|DARK","","levelOverrides","false","2","SINGLE_ENEMY","0","ダメージ倍率 0.70倍 / 40%で防御力-75% (2ターン) / ダメージ倍率 0.70倍 / 40%で防御力-75% (2ターン)"
"fenrir","フェンリル","★5","S1","fenrir_s1","狩狼牙","FIRE|GRASS|ELECTRIC|WATER|LIGHT|DARK","","levelOverrides","false","3","SINGLE_ENEMY","0","ダメージ倍率 0.75倍 / 50%で防御力-75% (2ターン) / ダメージ倍率 0.75倍 / 50%で防御力-75% (2ターン)"
"fenrir","フェンリル","★5","S1","fenrir_s1","狩狼牙","FIRE|GRASS|ELECTRIC|WATER|LIGHT|DARK","","levelOverrides","false","4","SINGLE_ENEMY","0","ダメージ倍率 0.80倍 / 50%で防御力-75% (2ターン) / ダメージ倍率 0.80倍 / 50%で防御力-75% (2ターン)"
"fenrir","フェンリル","★5","S1","fenrir_s1","狩狼牙","FIRE|GRASS|ELECTRIC|WATER|LIGHT|DARK","","levelOverrides","false","5","SINGLE_ENEMY","0","ダメージ倍率 0.85倍 / 60%で防御力-75% (3ターン) / ダメージ倍率 0.85倍 / 60%で防御力-75% (3ターン)"
"fenrir","フェンリル","★5","S2","fenrir_s2_a","裂牙連撃","FIRE|WATER","","levelOverrides","false","1","SINGLE_ENEMY","4","ダメージ倍率 0.70倍 × 2回 / ダメージ倍率 0.80倍(防御力無視)"
"fenrir","フェンリル","★5","S2","fenrir_s2_a","裂牙連撃","FIRE|WATER","","levelOverrides","false","2","SINGLE_ENEMY","4","ダメージ倍率 0.75倍 × 2回 / ダメージ倍率 0.90倍(防御力無視)"
"fenrir","フェンリル","★5","S2","fenrir_s2_a","裂牙連撃","FIRE|WATER","","levelOverrides","false","3","SINGLE_ENEMY","4","ダメージ倍率 0.80倍 × 2回 / ダメージ倍率 1.00倍(防御力無視)"
"fenrir","フェンリル","★5","S2","fenrir_s2_a","裂牙連撃","FIRE|WATER","","levelOverrides","false","4","SINGLE_ENEMY","4","ダメージ倍率 0.90倍 × 2回 / ダメージ倍率 1.10倍(防御力無視)"
"fenrir","フェンリル","★5","S2","fenrir_s2_a","裂牙連撃","FIRE|WATER","","levelOverrides","false","5","SINGLE_ENEMY","3","ダメージ倍率 0.90倍 × 2回 / ダメージ倍率 1.20倍(防御力無視)"
"fenrir","フェンリル","★5","S2","fenrir_s2_b","狩猟本能","GRASS|LIGHT","","levelOverrides","false","1","SINGLE_ENEMY","5","自身と味方2体が同じ相手へスキル1で協力攻撃(参加した味方のクールタイム-1)"
"fenrir","フェンリル","★5","S2","fenrir_s2_b","狩猟本能","GRASS|LIGHT","","levelOverrides","false","2","SINGLE_ENEMY","5","自身と味方2体が同じ相手へスキル1で協力攻撃(参加した味方のクールタイム-1) / 協力攻撃のダメージ1.10倍"
"fenrir","フェンリル","★5","S2","fenrir_s2_b","狩猟本能","GRASS|LIGHT","","levelOverrides","false","3","SINGLE_ENEMY","5","自身と味方2体が同じ相手へスキル1で協力攻撃(参加した味方のクールタイム-1) / 協力攻撃のダメージ1.20倍"
"fenrir","フェンリル","★5","S2","fenrir_s2_b","狩猟本能","GRASS|LIGHT","","levelOverrides","false","4","SINGLE_ENEMY","4","自身と味方2体が同じ相手へスキル1で協力攻撃(参加した味方のクールタイム-1) / 協力攻撃のダメージ1.30倍"
"fenrir","フェンリル","★5","S2","fenrir_s2_b","狩猟本能","GRASS|LIGHT","","levelOverrides","false","5","SINGLE_ENEMY","3","自身と味方2体が同じ相手へスキル1で協力攻撃(参加した味方のクールタイム-1) / 協力攻撃のダメージ1.40倍"
"fenrir","フェンリル","★5","S2","fenrir_s2_c","喉笛裂き","ELECTRIC|DARK","","levelOverrides","false","1","SINGLE_ENEMY","4","ダメージ倍率 1.50倍 / 80%で防御力-75% (2ターン) / 対象のHPが50%以下なら自身の行動ゲージ+50%"
"fenrir","フェンリル","★5","S2","fenrir_s2_c","喉笛裂き","ELECTRIC|DARK","","levelOverrides","false","2","SINGLE_ENEMY","4","ダメージ倍率 1.70倍 / 90%で防御力-75% (2ターン) / 対象のHPが50%以下なら自身の行動ゲージ+55%"
"fenrir","フェンリル","★5","S2","fenrir_s2_c","喉笛裂き","ELECTRIC|DARK","","levelOverrides","false","3","SINGLE_ENEMY","4","ダメージ倍率 1.90倍 / 90%で防御力-75% (2ターン) / 対象のHPが50%以下なら自身の行動ゲージ+60%"
"fenrir","フェンリル","★5","S2","fenrir_s2_c","喉笛裂き","ELECTRIC|DARK","","levelOverrides","false","4","SINGLE_ENEMY","4","ダメージ倍率 2.10倍 / 100%で防御力-75% (2ターン) / 対象のHPが50%以下なら自身の行動ゲージ+70%"
"fenrir","フェンリル","★5","S2","fenrir_s2_c","喉笛裂き","ELECTRIC|DARK","","levelOverrides","false","5","SINGLE_ENEMY","3","ダメージ倍率 2.30倍 / 100%で防御力-75% (3ターン) / 対象のHPが50%以下なら自身の行動ゲージ+80%"
"fenrir","フェンリル","★5","S3","fenrir_s3_a","月下連牙","FIRE","","levelOverrides","false","1","SINGLE_ENEMY","5","ダメージ倍率 0.65倍 × 4回 対象HP50%以下で最終ダメージ+20% 各ヒットのクリティカルで自身の行動ゲージ+10%"
"fenrir","フェンリル","★5","S3","fenrir_s3_a","月下連牙","FIRE","","levelOverrides","false","2","SINGLE_ENEMY","5","ダメージ倍率 0.70倍 × 4回 対象HP50%以下で最終ダメージ+20% 各ヒットのクリティカルで自身の行動ゲージ+10%"
"fenrir","フェンリル","★5","S3","fenrir_s3_a","月下連牙","FIRE","","levelOverrides","false","3","SINGLE_ENEMY","5","ダメージ倍率 0.75倍 × 4回 対象HP50%以下で最終ダメージ+25% 各ヒットのクリティカルで自身の行動ゲージ+10%"
"fenrir","フェンリル","★5","S3","fenrir_s3_a","月下連牙","FIRE","","levelOverrides","false","4","SINGLE_ENEMY","5","ダメージ倍率 0.80倍 × 4回 対象HP50%以下で最終ダメージ+25% 各ヒットのクリティカルで自身の行動ゲージ+15%"
"fenrir","フェンリル","★5","S3","fenrir_s3_a","月下連牙","FIRE","","levelOverrides","false","5","SINGLE_ENEMY","4","ダメージ倍率 0.85倍 × 4回 対象HP50%以下で最終ダメージ+30% 各ヒットのクリティカルで自身の行動ゲージ+15%"
"fenrir","フェンリル","★5","S3","fenrir_s3_c","群狼の本能","GRASS|WATER","","passive","false","1","SELF","0","クリダメ+20%。敵を倒すと追加ターンを得る。スキル1を使った後、50%でもう一度スキル1を使う"
"fenrir","フェンリル","★5","S3","fenrir_s3_c","群狼の本能","GRASS|WATER","","passive","false","2","SELF","0","クリダメ+30%。敵を倒すと追加ターンを得る。スキル1を使った後、50%でもう一度スキル1を使う"
"fenrir","フェンリル","★5","S3","fenrir_s3_c","群狼の本能","GRASS|WATER","","passive","false","3","SELF","0","クリダメ+40%。敵を倒すと追加ターンを得る。スキル1を使った後、50%でもう一度スキル1を使う"
"fenrir","フェンリル","★5","S3","fenrir_s3_c","群狼の本能","GRASS|WATER","","passive","false","4","SELF","0","クリダメ+50%。敵を倒すと追加ターンを得る。スキル1を使った後、50%でもう一度スキル1を使う"
"fenrir","フェンリル","★5","S3","fenrir_s3_c","群狼の本能","GRASS|WATER","","passive","false","5","SELF","0","クリダメ+60%。敵を倒すと追加ターンを得る。スキル1を使った後、60%でもう一度スキル1を使う"
"fenrir","フェンリル","★5","S3","fenrir_s3_b","血の追跡","ELECTRIC","","levelOverrides","false","1","SINGLE_ENEMY","5","ダメージ倍率 3.00倍 / 80%で治癒阻害 (2ターン、回復を受けられない) / 80%で毒2スタック (1スタックにつき最大HPの5%、最大5スタック、2ターン)"
"fenrir","フェンリル","★5","S3","fenrir_s3_b","血の追跡","ELECTRIC","","levelOverrides","false","2","SINGLE_ENEMY","5","ダメージ倍率 3.30倍 / 90%で治癒阻害 (2ターン、回復を受けられない) / 90%で毒2スタック (1スタックにつき最大HPの6%、最大5スタック、2ターン)"
"fenrir","フェンリル","★5","S3","fenrir_s3_b","血の追跡","ELECTRIC","","levelOverrides","false","3","SINGLE_ENEMY","5","ダメージ倍率 3.60倍 / 90%で治癒阻害 (2ターン、回復を受けられない) / 90%で毒2スタック (1スタックにつき最大HPの6%、最大5スタック、2ターン)"
"fenrir","フェンリル","★5","S3","fenrir_s3_b","血の追跡","ELECTRIC","","levelOverrides","false","4","SINGLE_ENEMY","5","ダメージ倍率 4.00倍 / 100%で治癒阻害 (2ターン、回復を受けられない) / 100%で毒2スタック (1スタックにつき最大HPの6%、最大5スタック、2ターン)"
"fenrir","フェンリル","★5","S3","fenrir_s3_b","血の追跡","ELECTRIC","","levelOverrides","false","5","SINGLE_ENEMY","4","ダメージ倍率 4.00倍 / 100%で治癒阻害 (3ターン、回復を受けられない) / 100%で毒2スタック (1スタックにつき最大HPの6%、最大5スタック、3ターン)"
"fenrir","フェンリル","★5","S3","fenrir_s3_light","白狼の咆哮","LIGHT","LIGHT","levelOverrides","false","1","ALL_ENEMIES","6","ダメージ倍率 1.50倍 / 70%でスタン (1ターン) / 70%で敵の全スキルのクールタイムを1ターン延長 / 行動ゲージ-20%"
"fenrir","フェンリル","★5","S3","fenrir_s3_light","白狼の咆哮","LIGHT","LIGHT","levelOverrides","false","2","ALL_ENEMIES","6","ダメージ倍率 1.70倍 / 80%でスタン (1ターン) / 75%で敵の全スキルのクールタイムを1ターン延長 / 行動ゲージ-20%"
"fenrir","フェンリル","★5","S3","fenrir_s3_light","白狼の咆哮","LIGHT","LIGHT","levelOverrides","false","3","ALL_ENEMIES","6","ダメージ倍率 1.90倍 / 80%でスタン (1ターン) / 80%で敵の全スキルのクールタイムを1ターン延長 / 行動ゲージ-25%"
"fenrir","フェンリル","★5","S3","fenrir_s3_light","白狼の咆哮","LIGHT","LIGHT","levelOverrides","false","4","ALL_ENEMIES","6","ダメージ倍率 2.10倍 / 90%でスタン (1ターン) / 85%で敵の全スキルのクールタイムを1ターン延長 / 行動ゲージ-30%"
"fenrir","フェンリル","★5","S3","fenrir_s3_light","白狼の咆哮","LIGHT","LIGHT","levelOverrides","false","5","ALL_ENEMIES","5","ダメージ倍率 2.10倍 / 100%でスタン (1ターン) / 100%で敵の全スキルのクールタイムを1ターン延長 / 行動ゲージ-35%"
"fenrir","フェンリル","★5","S3","fenrir_s3_dark","終焉の牙","DARK","DARK","levelOverrides","false","1","SINGLE_ENEMY","6","ダメージ倍率 0.75倍 × 5回 対象HP30%以下で最終ダメージ+30% 対象HP50%以下で防御力40%無視 / 相手を倒したら自身の行動ゲージ+100%"
"fenrir","フェンリル","★5","S3","fenrir_s3_dark","終焉の牙","DARK","DARK","levelOverrides","false","2","SINGLE_ENEMY","6","ダメージ倍率 0.80倍 × 5回 対象HP30%以下で最終ダメージ+30% 対象HP50%以下で防御力50%無視 / 相手を倒したら自身の行動ゲージ+100%"
"fenrir","フェンリル","★5","S3","fenrir_s3_dark","終焉の牙","DARK","DARK","levelOverrides","false","3","SINGLE_ENEMY","6","ダメージ倍率 0.85倍 × 5回 対象HP30%以下で最終ダメージ+40% 対象HP50%以下で防御力60%無視 / 相手を倒したら自身の行動ゲージ+100%"
"fenrir","フェンリル","★5","S3","fenrir_s3_dark","終焉の牙","DARK","DARK","levelOverrides","false","4","SINGLE_ENEMY","6","ダメージ倍率 0.90倍 × 5回 対象HP30%以下で最終ダメージ+40% 対象HP50%以下で防御力70%無視 / 相手を倒したら自身の行動ゲージ+100%"
"fenrir","フェンリル","★5","S3","fenrir_s3_dark","終焉の牙","DARK","DARK","levelOverrides","false","5","SINGLE_ENEMY","5","ダメージ倍率 1.00倍 × 5回 対象HP30%以下で最終ダメージ+50% 対象HP50%以下で防御力80%無視 / 相手を倒したら自身の行動ゲージ+100%"
"chronos","クロノス","★5","S1","chronos_s1","時針の一撃","FIRE|GRASS|ELECTRIC|WATER|LIGHT|DARK","","levelOverrides","false","1","SINGLE_ENEMY","0","ダメージ倍率 0.90倍 / 行動ゲージ-20%"
"chronos","クロノス","★5","S1","chronos_s1","時針の一撃","FIRE|GRASS|ELECTRIC|WATER|LIGHT|DARK","","levelOverrides","false","2","SINGLE_ENEMY","0","ダメージ倍率 1.00倍 / 行動ゲージ-20%"
"chronos","クロノス","★5","S1","chronos_s1","時針の一撃","FIRE|GRASS|ELECTRIC|WATER|LIGHT|DARK","","levelOverrides","false","3","SINGLE_ENEMY","0","ダメージ倍率 1.10倍 / 行動ゲージ-25%"
"chronos","クロノス","★5","S1","chronos_s1","時針の一撃","FIRE|GRASS|ELECTRIC|WATER|LIGHT|DARK","","levelOverrides","false","4","SINGLE_ENEMY","0","ダメージ倍率 1.20倍 / 行動ゲージ-25%"
"chronos","クロノス","★5","S1","chronos_s1","時針の一撃","FIRE|GRASS|ELECTRIC|WATER|LIGHT|DARK","","levelOverrides","false","5","SINGLE_ENEMY","0","ダメージ倍率 1.30倍 / 行動ゲージ-30%"
"chronos","クロノス","★5","S2","chronos_s2_a","時間加速","FIRE|WATER","","levelOverrides","false","1","SINGLE_ALLY","5","行動ゲージ+50% / 全スキルのクールタイムを1ターン短縮"
"chronos","クロノス","★5","S2","chronos_s2_a","時間加速","FIRE|WATER","","levelOverrides","false","2","SINGLE_ALLY","5","行動ゲージ+60% / 全スキルのクールタイムを1ターン短縮"
"chronos","クロノス","★5","S2","chronos_s2_a","時間加速","FIRE|WATER","","levelOverrides","false","3","SINGLE_ALLY","5","行動ゲージ+70% / 全スキルのクールタイムを1ターン短縮"
"chronos","クロノス","★5","S2","chronos_s2_a","時間加速","FIRE|WATER","","levelOverrides","false","4","SINGLE_ALLY","5","行動ゲージ+80% / 全スキルのクールタイムを1ターン短縮"
"chronos","クロノス","★5","S2","chronos_s2_a","時間加速","FIRE|WATER","","levelOverrides","false","5","SINGLE_ALLY","4","行動ゲージ+100% / 全スキルのクールタイムを1ターン短縮"
"chronos","クロノス","★5","S2","chronos_s2_b","時間停止","GRASS|LIGHT","","levelOverrides","false","1","SINGLE_ENEMY","5","ダメージ倍率 1.10倍 / 80%でスタン (1ターン) / 行動ゲージ-50%"
"chronos","クロノス","★5","S2","chronos_s2_b","時間停止","GRASS|LIGHT","","levelOverrides","false","2","SINGLE_ENEMY","5","ダメージ倍率 1.20倍 / 90%でスタン (1ターン) / 行動ゲージ-60%"
"chronos","クロノス","★5","S2","chronos_s2_b","時間停止","GRASS|LIGHT","","levelOverrides","false","3","SINGLE_ENEMY","5","ダメージ倍率 1.30倍 / 90%でスタン (1ターン) / 行動ゲージ-70%"
"chronos","クロノス","★5","S2","chronos_s2_b","時間停止","GRASS|LIGHT","","levelOverrides","false","4","SINGLE_ENEMY","5","ダメージ倍率 1.40倍 / 100%でスタン (1ターン) / 行動ゲージ-80%"
"chronos","クロノス","★5","S2","chronos_s2_b","時間停止","GRASS|LIGHT","","levelOverrides","false","5","SINGLE_ENEMY","4","ダメージ倍率 1.50倍 / 100%でスタン (1ターン) / 行動ゲージ-100%"
"chronos","クロノス","★5","S2","chronos_s2_c","時の逆流","ELECTRIC|DARK","","levelOverrides","false","1","SINGLE_ALLY","5","回復 最大HPの30.0% / デバフを解除 / 全スキルのクールタイムを1ターン短縮"
"chronos","クロノス","★5","S2","chronos_s2_c","時の逆流","ELECTRIC|DARK","","levelOverrides","false","2","SINGLE_ALLY","5","回復 最大HPの35.0% / デバフを解除 / 全スキルのクールタイムを1ターン短縮"
"chronos","クロノス","★5","S2","chronos_s2_c","時の逆流","ELECTRIC|DARK","","levelOverrides","false","3","SINGLE_ALLY","5","回復 最大HPの40.0% / デバフを解除 / 全スキルのクールタイムを1ターン短縮"
"chronos","クロノス","★5","S2","chronos_s2_c","時の逆流","ELECTRIC|DARK","","levelOverrides","false","4","SINGLE_ALLY","5","回復 最大HPの45.0% / デバフを解除 / 全スキルのクールタイムを1ターン短縮"
"chronos","クロノス","★5","S2","chronos_s2_c","時の逆流","ELECTRIC|DARK","","levelOverrides","false","5","SINGLE_ALLY","4","回復 最大HPの50.0% / デバフを解除 / 全スキルのクールタイムを2ターン短縮"
"chronos","クロノス","★5","S3","chronos_s3_a","クロノブースト","FIRE","","levelOverrides","false","1","ALL_ALLIES","6","行動ゲージ+30% / 全スキルのクールタイムを1ターン短縮"
"chronos","クロノス","★5","S3","chronos_s3_a","クロノブースト","FIRE","","levelOverrides","false","2","ALL_ALLIES","6","行動ゲージ+35% / 全スキルのクールタイムを1ターン短縮"
"chronos","クロノス","★5","S3","chronos_s3_a","クロノブースト","FIRE","","levelOverrides","false","3","ALL_ALLIES","6","行動ゲージ+40% / 全スキルのクールタイムを1ターン短縮"
"chronos","クロノス","★5","S3","chronos_s3_a","クロノブースト","FIRE","","levelOverrides","false","4","ALL_ALLIES","6","行動ゲージ+45% / 全スキルのクールタイムを1ターン短縮"
"chronos","クロノス","★5","S3","chronos_s3_a","クロノブースト","FIRE","","levelOverrides","false","5","ALL_ALLIES","5","行動ゲージ+50% / 全スキルのクールタイムを1ターン短縮"
"chronos","クロノス","★5","S3","chronos_s3_b","時空崩壊","GRASS|WATER","","levelOverrides","false","1","ALL_ENEMIES","6","ダメージ倍率 1.10倍 / 70%で行動ゲージ-100% / 20%でスタン (1ターン)"
"chronos","クロノス","★5","S3","chronos_s3_b","時空崩壊","GRASS|WATER","","levelOverrides","false","2","ALL_ENEMIES","6","ダメージ倍率 1.20倍 / 80%で行動ゲージ-100% / 25%でスタン (1ターン)"
"chronos","クロノス","★5","S3","chronos_s3_b","時空崩壊","GRASS|WATER","","levelOverrides","false","3","ALL_ENEMIES","6","ダメージ倍率 1.30倍 / 85%で行動ゲージ-100% / 25%でスタン (1ターン)"
"chronos","クロノス","★5","S3","chronos_s3_b","時空崩壊","GRASS|WATER","","levelOverrides","false","4","ALL_ENEMIES","6","ダメージ倍率 1.40倍 / 90%で行動ゲージ-100% / 30%でスタン (1ターン)"
"chronos","クロノス","★5","S3","chronos_s3_b","時空崩壊","GRASS|WATER","","levelOverrides","false","5","ALL_ENEMIES","5","ダメージ倍率 1.50倍 / 100%で行動ゲージ-100% / 30%でスタン (1ターン)"
"chronos","クロノス","★5","S3","chronos_s3_c","終焉時計","ELECTRIC","","levelOverrides","false","1","ALL_ENEMIES","6","ダメージ倍率 1.30倍 / 80%で敵の全スキルのクールタイムを1ターン延長 / 行動ゲージ-50% / 対象の行動ゲージが20%以下なら100%でスタン (1ターン)"
"chronos","クロノス","★5","S3","chronos_s3_c","終焉時計","ELECTRIC","","levelOverrides","false","2","ALL_ENEMIES","6","ダメージ倍率 1.40倍 / 90%で敵の全スキルのクールタイムを1ターン延長 / 行動ゲージ-55% / 対象の行動ゲージが20%以下なら100%でスタン (1ターン)"
"chronos","クロノス","★5","S3","chronos_s3_c","終焉時計","ELECTRIC","","levelOverrides","false","3","ALL_ENEMIES","6","ダメージ倍率 1.50倍 / 90%で敵の全スキルのクールタイムを1ターン延長 / 行動ゲージ-60% / 対象の行動ゲージが20%以下なら100%でスタン (1ターン)"
"chronos","クロノス","★5","S3","chronos_s3_c","終焉時計","ELECTRIC","","levelOverrides","false","4","ALL_ENEMIES","6","ダメージ倍率 1.60倍 / 100%で敵の全スキルのクールタイムを1ターン延長 / 行動ゲージ-65% / 対象の行動ゲージが20%以下なら100%でスタン (1ターン)"
"chronos","クロノス","★5","S3","chronos_s3_c","終焉時計","ELECTRIC","","levelOverrides","false","5","ALL_ENEMIES","5","ダメージ倍率 1.60倍 / 100%で敵の全スキルのクールタイムを1ターン延長 / 行動ゲージ-70% / 対象の行動ゲージが20%以下なら100%でスタン (1ターン)"
"chronos","クロノス","★5","S3","chronos_s3_light","永久機関","LIGHT","LIGHT","levelOverrides","false","1","ALL_ALLIES","8","行動ゲージ+30% / 全スキルのクールタイムを2ターン短縮 / 無敵 (1ターン)"
"chronos","クロノス","★5","S3","chronos_s3_light","永久機関","LIGHT","LIGHT","levelOverrides","false","2","ALL_ALLIES","8","行動ゲージ+35% / 全スキルのクールタイムを2ターン短縮 / 無敵 (1ターン)"
"chronos","クロノス","★5","S3","chronos_s3_light","永久機関","LIGHT","LIGHT","levelOverrides","false","3","ALL_ALLIES","8","行動ゲージ+40% / 全スキルのクールタイムを2ターン短縮 / 無敵 (1ターン)"
"chronos","クロノス","★5","S3","chronos_s3_light","永久機関","LIGHT","LIGHT","levelOverrides","false","4","ALL_ALLIES","8","行動ゲージ+45% / 全スキルのクールタイムを2ターン短縮 / 無敵 (1ターン)"
"chronos","クロノス","★5","S3","chronos_s3_light","永久機関","LIGHT","LIGHT","levelOverrides","false","5","ALL_ALLIES","7","行動ゲージ+50% / 全スキルのクールタイムを2ターン短縮 / 無敵 (1ターン)"
"chronos","クロノス","★5","S3","chronos_s3_dark","時の管理者","DARK","DARK","passive","false","1","SELF","0","味方が行動するたび自身の行動ゲージ+10%。自身の攻撃スキルに行動ゲージ10%吸収と20%のスタンが乗る(1スキルにつき1回)"
"chronos","クロノス","★5","S3","chronos_s3_dark","時の管理者","DARK","DARK","passive","false","2","SELF","0","味方が行動するたび自身の行動ゲージ+10%。自身の攻撃スキルに行動ゲージ15%吸収と25%のスタンが乗る(1スキルにつき1回)"
"chronos","クロノス","★5","S3","chronos_s3_dark","時の管理者","DARK","DARK","passive","false","3","SELF","0","味方が行動するたび自身の行動ゲージ+15%。自身の攻撃スキルに行動ゲージ15%吸収と30%のスタンが乗る(1スキルにつき1回)"
"chronos","クロノス","★5","S3","chronos_s3_dark","時の管理者","DARK","DARK","passive","false","4","SELF","0","味方が行動するたび自身の行動ゲージ+15%。自身の攻撃スキルに行動ゲージ20%吸収と35%のスタンが乗る(1スキルにつき1回)"
"chronos","クロノス","★5","S3","chronos_s3_dark","時の管理者","DARK","DARK","passive","false","5","SELF","0","味方が行動するたび自身の行動ゲージ+20%。自身の攻撃スキルに行動ゲージ20%吸収と40%のスタンが乗る(1スキルにつき1回)"
"behemoth","ベヒモス","★5","S1","behemoth_s1","巨獣の一撃","FIRE|GRASS|ELECTRIC|WATER|LIGHT|DARK","","levelOverrides","false","1","SINGLE_ENEMY","0","ダメージ倍率 0.55倍(最大HPの8%を加算) / 50%で挑発 (2ターン)"
"behemoth","ベヒモス","★5","S1","behemoth_s1","巨獣の一撃","FIRE|GRASS|ELECTRIC|WATER|LIGHT|DARK","","levelOverrides","false","2","SINGLE_ENEMY","0","ダメージ倍率 0.60倍(最大HPの8%を加算) / 55%で挑発 (2ターン)"
"behemoth","ベヒモス","★5","S1","behemoth_s1","巨獣の一撃","FIRE|GRASS|ELECTRIC|WATER|LIGHT|DARK","","levelOverrides","false","3","SINGLE_ENEMY","0","ダメージ倍率 0.65倍(最大HPの9%を加算) / 60%で挑発 (2ターン)"
"behemoth","ベヒモス","★5","S1","behemoth_s1","巨獣の一撃","FIRE|GRASS|ELECTRIC|WATER|LIGHT|DARK","","levelOverrides","false","4","SINGLE_ENEMY","0","ダメージ倍率 0.70倍(最大HPの9%を加算) / 65%で挑発 (2ターン)"
"behemoth","ベヒモス","★5","S1","behemoth_s1","巨獣の一撃","FIRE|GRASS|ELECTRIC|WATER|LIGHT|DARK","","levelOverrides","false","5","SINGLE_ENEMY","0","ダメージ倍率 0.75倍(最大HPの10%を加算) / 70%で挑発 (3ターン)"
"behemoth","ベヒモス","★5","S2","behemoth_s2_b","巨体の圧力","FIRE|ELECTRIC","","levelOverrides","false","1","SINGLE_ENEMY","5","ダメージ倍率 1.30倍(最大HPの20%を加算) / 行動ゲージ-40% (対象のHP割合が自身より高いならさらに20%)"
"behemoth","ベヒモス","★5","S2","behemoth_s2_b","巨体の圧力","FIRE|ELECTRIC","","levelOverrides","false","2","SINGLE_ENEMY","5","ダメージ倍率 1.40倍(最大HPの21%を加算) / 行動ゲージ-45% (対象のHP割合が自身より高いならさらに20%)"
"behemoth","ベヒモス","★5","S2","behemoth_s2_b","巨体の圧力","FIRE|ELECTRIC","","levelOverrides","false","3","SINGLE_ENEMY","5","ダメージ倍率 1.50倍(最大HPの22%を加算) / 行動ゲージ-45% (対象のHP割合が自身より高いならさらに20%)"
"behemoth","ベヒモス","★5","S2","behemoth_s2_b","巨体の圧力","FIRE|ELECTRIC","","levelOverrides","false","4","SINGLE_ENEMY","5","ダメージ倍率 1.60倍(最大HPの23%を加算) / 行動ゲージ-50% (対象のHP割合が自身より高いならさらに20%)"
"behemoth","ベヒモス","★5","S2","behemoth_s2_b","巨体の圧力","FIRE|ELECTRIC","","levelOverrides","false","5","SINGLE_ENEMY","4","ダメージ倍率 1.70倍(最大HPの25%を加算) / 行動ゲージ-50% (対象のHP割合が自身より高いならさらに20%)"
"behemoth","ベヒモス","★5","S2","behemoth_s2_c","巨獣の守り","GRASS|LIGHT","","levelOverrides","false","1","ALL_ALLIES","5","シールド 自身の最大HPの15% (2ターン、ダメージを肩代わり) / 自身に反射 (2ターン)"
"behemoth","ベヒモス","★5","S2","behemoth_s2_c","巨獣の守り","GRASS|LIGHT","","levelOverrides","false","2","ALL_ALLIES","5","シールド 自身の最大HPの16% (2ターン、ダメージを肩代わり) / 自身に反射 (2ターン)"
"behemoth","ベヒモス","★5","S2","behemoth_s2_c","巨獣の守り","GRASS|LIGHT","","levelOverrides","false","3","ALL_ALLIES","5","シールド 自身の最大HPの17% (2ターン、ダメージを肩代わり) / 自身に反射 (2ターン)"
"behemoth","ベヒモス","★5","S2","behemoth_s2_c","巨獣の守り","GRASS|LIGHT","","levelOverrides","false","4","ALL_ALLIES","5","シールド 自身の最大HPの18% (2ターン、ダメージを肩代わり) / 自身に反射 (2ターン)"
"behemoth","ベヒモス","★5","S2","behemoth_s2_c","巨獣の守り","GRASS|LIGHT","","levelOverrides","false","5","ALL_ALLIES","4","シールド 自身の最大HPの20% (3ターン、ダメージを肩代わり) / 自身に反射 (3ターン)"
"behemoth","ベヒモス","★5","S2","behemoth_s2_a","大地踏み","WATER|DARK","","levelOverrides","false","1","ALL_ENEMIES","5","ダメージ倍率 0.80倍(最大HPの12%を加算) / 70%で攻撃力-50% (2ターン) / 行動ゲージ-30%"
"behemoth","ベヒモス","★5","S2","behemoth_s2_a","大地踏み","WATER|DARK","","levelOverrides","false","2","ALL_ENEMIES","5","ダメージ倍率 0.85倍(最大HPの13%を加算) / 75%で攻撃力-50% (2ターン) / 行動ゲージ-35%"
"behemoth","ベヒモス","★5","S2","behemoth_s2_a","大地踏み","WATER|DARK","","levelOverrides","false","3","ALL_ENEMIES","5","ダメージ倍率 0.90倍(最大HPの13%を加算) / 80%で攻撃力-50% (2ターン) / 行動ゲージ-35%"
"behemoth","ベヒモス","★5","S2","behemoth_s2_a","大地踏み","WATER|DARK","","levelOverrides","false","4","ALL_ENEMIES","5","ダメージ倍率 0.95倍(最大HPの14%を加算) / 85%で攻撃力-50% (2ターン) / 行動ゲージ-40%"
"behemoth","ベヒモス","★5","S2","behemoth_s2_a","大地踏み","WATER|DARK","","levelOverrides","false","5","ALL_ENEMIES","4","ダメージ倍率 1.00倍(最大HPの15%を加算) / 90%で攻撃力-50% (3ターン) / 行動ゲージ-40%"
"behemoth","ベヒモス","★5","S3","behemoth_s3_a","天地崩壊","FIRE","","levelOverrides","false","1","ALL_ENEMIES","6","ダメージ倍率 1.20倍(最大HPの15%を加算) / 80%で防御力-75% (2ターン) / 自身のHPが50%以上なら行動ゲージ-20%"
"behemoth","ベヒモス","★5","S3","behemoth_s3_a","天地崩壊","FIRE","","levelOverrides","false","2","ALL_ENEMIES","6","ダメージ倍率 1.30倍(最大HPの16%を加算) / 85%で防御力-75% (2ターン) / 自身のHPが50%以上なら行動ゲージ-25%"
"behemoth","ベヒモス","★5","S3","behemoth_s3_a","天地崩壊","FIRE","","levelOverrides","false","3","ALL_ENEMIES","6","ダメージ倍率 1.35倍(最大HPの16%を加算) / 90%で防御力-75% (2ターン) / 自身のHPが50%以上なら行動ゲージ-25%"
"behemoth","ベヒモス","★5","S3","behemoth_s3_a","天地崩壊","FIRE","","levelOverrides","false","4","ALL_ENEMIES","6","ダメージ倍率 1.45倍(最大HPの17%を加算) / 95%で防御力-75% (2ターン) / 自身のHPが50%以上なら行動ゲージ-25%"
"behemoth","ベヒモス","★5","S3","behemoth_s3_a","天地崩壊","FIRE","","levelOverrides","false","5","ALL_ENEMIES","5","ダメージ倍率 1.50倍(最大HPの18%を加算) / 100%で防御力-75% (3ターン) / 自身のHPが50%以上なら行動ゲージ-30%"
"behemoth","ベヒモス","★5","S3","behemoth_s3_c","古代巨獣","GRASS|WATER","","passive","false","1","SELF","0","HP70%以下: 受けるダメージ-4%・最大HP比例ダメージ+4% / HP40%以下: 受けるダメージ-8%・最大HP比例ダメージ+8% / HP20%以下: 受けるダメージ-12%・最大HP比例ダメージ+12%"
"behemoth","ベヒモス","★5","S3","behemoth_s3_c","古代巨獣","GRASS|WATER","","passive","false","2","SELF","0","HP70%以下: 受けるダメージ-5%・最大HP比例ダメージ+5% / HP40%以下: 受けるダメージ-10%・最大HP比例ダメージ+10% / HP20%以下: 受けるダメージ-15%・最大HP比例ダメージ+15%"
"behemoth","ベヒモス","★5","S3","behemoth_s3_c","古代巨獣","GRASS|WATER","","passive","false","3","SELF","0","HP70%以下: 受けるダメージ-7%・最大HP比例ダメージ+7% / HP40%以下: 受けるダメージ-14%・最大HP比例ダメージ+14% / HP20%以下: 受けるダメージ-21%・最大HP比例ダメージ+21%"
"behemoth","ベヒモス","★5","S3","behemoth_s3_c","古代巨獣","GRASS|WATER","","passive","false","4","SELF","0","HP70%以下: 受けるダメージ-8.5%・最大HP比例ダメージ+8.5% / HP40%以下: 受けるダメージ-17%・最大HP比例ダメージ+17% / HP20%以下: 受けるダメージ-25.5%・最大HP比例ダメージ+25.5%"
"behemoth","ベヒモス","★5","S3","behemoth_s3_c","古代巨獣","GRASS|WATER","","passive","false","5","SELF","0","HP70%以下: 受けるダメージ-10%・最大HP比例ダメージ+10% / HP40%以下: 受けるダメージ-20%・最大HP比例ダメージ+20% / HP20%以下: 受けるダメージ-30%・最大HP比例ダメージ+30%"
"behemoth","ベヒモス","★5","S3","behemoth_s3_b","不落の巨体","ELECTRIC","","levelOverrides","false","1","SELF","6","自身を回復 最大HPの35.0% / 自身のデバフを解除 / 自身の受けるダメージ-25% (2ターン)(挑発状態の敵からはさらに15%軽減)"
"behemoth","ベヒモス","★5","S3","behemoth_s3_b","不落の巨体","ELECTRIC","","levelOverrides","false","2","SELF","6","自身を回復 最大HPの38.0% / 自身のデバフを解除 / 自身の受けるダメージ-25% (2ターン)(挑発状態の敵からはさらに15%軽減)"
"behemoth","ベヒモス","★5","S3","behemoth_s3_b","不落の巨体","ELECTRIC","","levelOverrides","false","3","SELF","6","自身を回復 最大HPの40.0% / 自身のデバフを解除 / 自身の受けるダメージ-25% (2ターン)(挑発状態の敵からはさらに15%軽減)"
"behemoth","ベヒモス","★5","S3","behemoth_s3_b","不落の巨体","ELECTRIC","","levelOverrides","false","4","SELF","6","自身を回復 最大HPの42.0% / 自身のデバフを解除 / 自身の受けるダメージ-25% (2ターン)(挑発状態の敵からはさらに15%軽減)"
"behemoth","ベヒモス","★5","S3","behemoth_s3_b","不落の巨体","ELECTRIC","","levelOverrides","false","5","SELF","5","自身を回復 最大HPの45.0% / 自身のデバフを解除 / 自身の受けるダメージ-25% (3ターン)(挑発状態の敵からはさらに15%軽減)"
"behemoth","ベヒモス","★5","S3","behemoth_s3_light","神獣の城壁","LIGHT","LIGHT","levelOverrides","false","1","ALL_ALLIES","7","シールド 自身の最大HPの25% (2ターン、ダメージを肩代わり) / デバフを1個解除 / 我慢 (1ターン)"
"behemoth","ベヒモス","★5","S3","behemoth_s3_light","神獣の城壁","LIGHT","LIGHT","levelOverrides","false","2","ALL_ALLIES","7","シールド 自身の最大HPの27% (2ターン、ダメージを肩代わり) / デバフを1個解除 / 我慢 (1ターン)"
"behemoth","ベヒモス","★5","S3","behemoth_s3_light","神獣の城壁","LIGHT","LIGHT","levelOverrides","false","3","ALL_ALLIES","7","シールド 自身の最大HPの28% (2ターン、ダメージを肩代わり) / デバフを1個解除 / 我慢 (1ターン)"
"behemoth","ベヒモス","★5","S3","behemoth_s3_light","神獣の城壁","LIGHT","LIGHT","levelOverrides","false","4","ALL_ALLIES","7","シールド 自身の最大HPの30% (2ターン、ダメージを肩代わり) / デバフを1個解除 / 我慢 (1ターン)"
"behemoth","ベヒモス","★5","S3","behemoth_s3_light","神獣の城壁","LIGHT","LIGHT","levelOverrides","false","5","ALL_ALLIES","6","シールド 自身の最大HPの32% (3ターン、ダメージを肩代わり) / デバフを1個解除 / 我慢 (2ターン)"
"behemoth","ベヒモス","★5","S3","behemoth_s3_dark","滅界の咆哮","DARK","DARK","levelOverrides","false","1","ALL_ENEMIES","6","ダメージ倍率 1.20倍(最大HPの15%を加算) / 80%で挑発 (2ターン) / 行動ゲージ-30% / 自身に反射 (2ターン)"
"behemoth","ベヒモス","★5","S3","behemoth_s3_dark","滅界の咆哮","DARK","DARK","levelOverrides","false","2","ALL_ENEMIES","6","ダメージ倍率 1.30倍(最大HPの16%を加算) / 85%で挑発 (2ターン) / 行動ゲージ-35% / 自身に反射 (2ターン)"
"behemoth","ベヒモス","★5","S3","behemoth_s3_dark","滅界の咆哮","DARK","DARK","levelOverrides","false","3","ALL_ENEMIES","6","ダメージ倍率 1.35倍(最大HPの16%を加算) / 90%で挑発 (2ターン) / 行動ゲージ-35% / 自身に反射 (2ターン)"
"behemoth","ベヒモス","★5","S3","behemoth_s3_dark","滅界の咆哮","DARK","DARK","levelOverrides","false","4","ALL_ENEMIES","6","ダメージ倍率 1.45倍(最大HPの17%を加算) / 95%で挑発 (2ターン) / 行動ゲージ-40% / 自身に反射 (2ターン)"
"behemoth","ベヒモス","★5","S3","behemoth_s3_dark","滅界の咆哮","DARK","DARK","levelOverrides","false","5","ALL_ENEMIES","5","ダメージ倍率 1.50倍(最大HPの18%を加算) / 100%で挑発 (3ターン) / 行動ゲージ-40% / 自身に反射 (3ターン)"
"crim","クリム","配布","S1","crim_s1","プリズムスプレッド","LIGHT","","levelOverrides","false","1","SINGLE_ENEMY","0","ダメージ倍率 1.00倍 / 対象に与えたダメージの50%を対象以外の敵全体へ拡散"
"crim","クリム","配布","S1","crim_s1","プリズムスプレッド","LIGHT","","levelOverrides","false","2","SINGLE_ENEMY","0","ダメージ倍率 1.10倍 / 対象に与えたダメージの50%を対象以外の敵全体へ拡散"
"crim","クリム","配布","S1","crim_s1","プリズムスプレッド","LIGHT","","levelOverrides","false","3","SINGLE_ENEMY","0","ダメージ倍率 1.10倍 / 対象に与えたダメージの60%を対象以外の敵全体へ拡散"
"crim","クリム","配布","S1","crim_s1","プリズムスプレッド","LIGHT","","levelOverrides","false","4","SINGLE_ENEMY","0","ダメージ倍率 1.20倍 / 対象に与えたダメージの60%を対象以外の敵全体へ拡散"
"crim","クリム","配布","S1","crim_s1","プリズムスプレッド","LIGHT","","levelOverrides","false","5","SINGLE_ENEMY","0","ダメージ倍率 1.20倍 / 対象に与えたダメージの70%を対象以外の敵全体へ拡散"
"crim","クリム","配布","S2","crim_s2","クリスタルラッシュ","LIGHT","","levelOverrides","false","1","ALL_ENEMIES","3","ダメージ倍率 0.80倍 × 2回。各ヒットごとに: 35%で攻撃力-50% (1ターン)"
"crim","クリム","配布","S2","crim_s2","クリスタルラッシュ","LIGHT","","levelOverrides","false","2","ALL_ENEMIES","3","ダメージ倍率 0.90倍 × 2回。各ヒットごとに: 35%で攻撃力-50% (1ターン)"
"crim","クリム","配布","S2","crim_s2","クリスタルラッシュ","LIGHT","","levelOverrides","false","3","ALL_ENEMIES","3","ダメージ倍率 0.90倍 × 2回。各ヒットごとに: 50%で攻撃力-50% (1ターン)"
"crim","クリム","配布","S2","crim_s2","クリスタルラッシュ","LIGHT","","levelOverrides","false","4","ALL_ENEMIES","3","ダメージ倍率 0.95倍 × 2回。各ヒットごとに: 50%で攻撃力-50% (2ターン)"
"crim","クリム","配布","S2","crim_s2","クリスタルラッシュ","LIGHT","","levelOverrides","false","5","ALL_ENEMIES","2","ダメージ倍率 1.00倍 × 2回。各ヒットごとに: 50%で攻撃力-50% (2ターン)"
"crim","クリム","配布","S3","crim_s3","創世の宝珠","LIGHT","","levelOverrides","false","1","ALL_ENEMIES","5","ダメージ倍率 2.00倍 / 味方全体にシールド 自身の最大HPの20% (2ターン、ダメージを肩代わり) / extraTurnOnKill=true"
"crim","クリム","配布","S3","crim_s3","創世の宝珠","LIGHT","","levelOverrides","false","2","ALL_ENEMIES","5","ダメージ倍率 2.30倍 / 味方全体にシールド 自身の最大HPの20% (2ターン、ダメージを肩代わり) / extraTurnOnKill=true"
"crim","クリム","配布","S3","crim_s3","創世の宝珠","LIGHT","","levelOverrides","false","3","ALL_ENEMIES","5","ダメージ倍率 2.30倍 / 味方全体にシールド 自身の最大HPの25% (2ターン、ダメージを肩代わり) / extraTurnOnKill=true"
"crim","クリム","配布","S3","crim_s3","創世の宝珠","LIGHT","","levelOverrides","false","4","ALL_ENEMIES","5","ダメージ倍率 2.70倍 / 味方全体にシールド 自身の最大HPの25% (2ターン、ダメージを肩代わり) / extraTurnOnKill=true"
"crim","クリム","配布","S3","crim_s3","創世の宝珠","LIGHT","","levelOverrides","false","5","ALL_ENEMIES","4","ダメージ倍率 2.80倍 / 味方全体にシールド 自身の最大HPの25% (2ターン、ダメージを肩代わり) / extraTurnOnKill=true"
"gujira","グジラ","★5","S1","gujira_s1","はら","FIRE|GRASS|ELECTRIC|WATER|LIGHT|DARK","","levelOverrides","false","1","SINGLE_ENEMY","0","ダメージ倍率 1.50倍"
"gujira","グジラ","★5","S1","gujira_s1","はら","FIRE|GRASS|ELECTRIC|WATER|LIGHT|DARK","","levelOverrides","false","2","SINGLE_ENEMY","0","ダメージ倍率 1.65倍"
"gujira","グジラ","★5","S1","gujira_s1","はら","FIRE|GRASS|ELECTRIC|WATER|LIGHT|DARK","","levelOverrides","false","3","SINGLE_ENEMY","0","ダメージ倍率 1.80倍"
"gujira","グジラ","★5","S1","gujira_s1","はら","FIRE|GRASS|ELECTRIC|WATER|LIGHT|DARK","","levelOverrides","false","4","SINGLE_ENEMY","0","ダメージ倍率 2.00倍"
"gujira","グジラ","★5","S1","gujira_s1","はら","FIRE|GRASS|ELECTRIC|WATER|LIGHT|DARK","","levelOverrides","false","5","SINGLE_ENEMY","0","ダメージ倍率 2.20倍"
"gujira","グジラ","★5","S2","gujira_s2_whale_boost","ホエールブースト","FIRE|GRASS","","levelOverrides","false","1","SELF","4","攻撃力+30% (3ターン) / 防御力+30% (3ターン) / シールド 最大HPの20% (3ターン、ダメージを肩代わり) / 使用後、即時に追加ターンを獲得 / extraTurn=true"
"gujira","グジラ","★5","S2","gujira_s2_whale_boost","ホエールブースト","FIRE|GRASS","","levelOverrides","false","2","SELF","4","攻撃力+30% (3ターン) / 防御力+30% (3ターン) / シールド 最大HPの23% (3ターン、ダメージを肩代わり) / 使用後、即時に追加ターンを獲得 / extraTurn=true"
"gujira","グジラ","★5","S2","gujira_s2_whale_boost","ホエールブースト","FIRE|GRASS","","levelOverrides","false","3","SELF","4","攻撃力+30% (3ターン) / 防御力+30% (3ターン) / シールド 最大HPの25% (3ターン、ダメージを肩代わり) / 使用後、即時に追加ターンを獲得 / extraTurn=true"
"gujira","グジラ","★5","S2","gujira_s2_whale_boost","ホエールブースト","FIRE|GRASS","","levelOverrides","false","4","SELF","4","攻撃力+30% (3ターン) / 防御力+30% (3ターン) / シールド 最大HPの30% (3ターン、ダメージを肩代わり) / 使用後、即時に追加ターンを獲得 / extraTurn=true"
"gujira","グジラ","★5","S2","gujira_s2_whale_boost","ホエールブースト","FIRE|GRASS","","levelOverrides","false","5","SELF","3","攻撃力+30% (3ターン) / 防御力+30% (3ターン) / シールド 最大HPの30% (3ターン、ダメージを肩代わり) / 使用後、即時に追加ターンを獲得 / extraTurn=true"
"gujira","グジラ","★5","S2","gujira_s2_press","ぐるぐるプレス","ELECTRIC|DARK","","levelOverrides","false","1","SINGLE_ENEMY","3","ダメージ倍率 3.00倍 / 40%でスタン (1ターン)"
"gujira","グジラ","★5","S2","gujira_s2_press","ぐるぐるプレス","ELECTRIC|DARK","","levelOverrides","false","2","SINGLE_ENEMY","3","ダメージ倍率 3.20倍 / 40%でスタン (1ターン)"
"gujira","グジラ","★5","S2","gujira_s2_press","ぐるぐるプレス","ELECTRIC|DARK","","levelOverrides","false","3","SINGLE_ENEMY","3","ダメージ倍率 3.20倍 / 50%でスタン (1ターン)"
"gujira","グジラ","★5","S2","gujira_s2_press","ぐるぐるプレス","ELECTRIC|DARK","","levelOverrides","false","4","SINGLE_ENEMY","3","ダメージ倍率 3.60倍 / 50%でスタン (1ターン)"
"gujira","グジラ","★5","S2","gujira_s2_press","ぐるぐるプレス","ELECTRIC|DARK","","levelOverrides","false","5","SINGLE_ENEMY","2","ダメージ倍率 3.70倍 / 50%でスタン (1ターン)"
"gujira","グジラ","★5","S2","gujira_s2_quake","地震","WATER|LIGHT","","levelOverrides","false","1","ALL_ENEMIES","3","ダメージ倍率 1.90倍 / 55%で防御力-75% (2ターン) / 15%でスタン (1ターン)"
"gujira","グジラ","★5","S2","gujira_s2_quake","地震","WATER|LIGHT","","levelOverrides","false","2","ALL_ENEMIES","3","ダメージ倍率 2.00倍 / 55%で防御力-75% (2ターン) / 15%でスタン (1ターン)"
"gujira","グジラ","★5","S2","gujira_s2_quake","地震","WATER|LIGHT","","levelOverrides","false","3","ALL_ENEMIES","3","ダメージ倍率 2.00倍 / 65%で防御力-75% (2ターン) / 15%でスタン (1ターン)"
"gujira","グジラ","★5","S2","gujira_s2_quake","地震","WATER|LIGHT","","levelOverrides","false","4","ALL_ENEMIES","3","ダメージ倍率 2.10倍 / 65%で防御力-75% (3ターン) / 15%でスタン (1ターン)"
"gujira","グジラ","★5","S2","gujira_s2_quake","地震","WATER|LIGHT","","levelOverrides","false","5","ALL_ENEMIES","2","ダメージ倍率 2.20倍 / 70%で防御力-75% (3ターン) / 15%でスタン (1ターン)"
"gujira","グジラ","★5","S3","gujira_s3_wave_press","ウェーブプレス","FIRE","","levelOverrides","false","1","SINGLE_ENEMY","5","自身の最大HPの25%を自傷 / ダメージ倍率 6.50倍(対象の速度が自分より高いなら防御力50%無視)"
"gujira","グジラ","★5","S3","gujira_s3_wave_press","ウェーブプレス","FIRE","","levelOverrides","false","2","SINGLE_ENEMY","5","自身の最大HPの25%を自傷 / ダメージ倍率 6.90倍(対象の速度が自分より高いなら防御力50%無視)"
"gujira","グジラ","★5","S3","gujira_s3_wave_press","ウェーブプレス","FIRE","","levelOverrides","false","3","SINGLE_ENEMY","5","自身の最大HPの25%を自傷 / ダメージ倍率 6.90倍(対象の速度が自分より高いなら防御力55%無視)"
"gujira","グジラ","★5","S3","gujira_s3_wave_press","ウェーブプレス","FIRE","","levelOverrides","false","4","SINGLE_ENEMY","5","自身の最大HPの25%を自傷 / ダメージ倍率 7.40倍(対象の速度が自分より高いなら防御力55%無視)"
"gujira","グジラ","★5","S3","gujira_s3_wave_press","ウェーブプレス","FIRE","","levelOverrides","false","5","SINGLE_ENEMY","4","自身の最大HPの25%を自傷 / ダメージ倍率 7.50倍(対象の速度が自分より高いなら防御力60%無視)"
"gujira","グジラ","★5","S3","gujira_s3_tsunami","大津波","GRASS|WATER","","levelOverrides","false","1","ALL_ENEMIES","6","65%で防御力-75% (2ターン) / ダメージ倍率 2.50倍"
"gujira","グジラ","★5","S3","gujira_s3_tsunami","大津波","GRASS|WATER","","levelOverrides","false","2","ALL_ENEMIES","6","65%で防御力-75% (2ターン) / ダメージ倍率 2.70倍"
"gujira","グジラ","★5","S3","gujira_s3_tsunami","大津波","GRASS|WATER","","levelOverrides","false","3","ALL_ENEMIES","6","75%で防御力-75% (2ターン) / ダメージ倍率 2.70倍"
"gujira","グジラ","★5","S3","gujira_s3_tsunami","大津波","GRASS|WATER","","levelOverrides","false","4","ALL_ENEMIES","6","80%で防御力-75% (3ターン) / ダメージ倍率 2.80倍"
"gujira","グジラ","★5","S3","gujira_s3_tsunami","大津波","GRASS|WATER","","levelOverrides","false","5","ALL_ENEMIES","5","80%で防御力-75% (3ターン) / ダメージ倍率 3.00倍"
"gujira","グジラ","★5","S3","gujira_s3_white_surge","ホワイトサージ","ELECTRIC","","levelOverrides","false","1","SINGLE_ENEMY","5","ダメージ倍率 4.80倍 / 1回以上クリティカルしたら固定ダメージ10,000(防御・会心倍率の影響を受けない)"
"gujira","グジラ","★5","S3","gujira_s3_white_surge","ホワイトサージ","ELECTRIC","","levelOverrides","false","2","SINGLE_ENEMY","5","ダメージ倍率 5.10倍 / 1回以上クリティカルしたら固定ダメージ10,000(防御・会心倍率の影響を受けない)"
"gujira","グジラ","★5","S3","gujira_s3_white_surge","ホワイトサージ","ELECTRIC","","levelOverrides","false","3","SINGLE_ENEMY","5","ダメージ倍率 5.10倍 / 1回以上クリティカルしたら固定ダメージ12,000(防御・会心倍率の影響を受けない)"
"gujira","グジラ","★5","S3","gujira_s3_white_surge","ホワイトサージ","ELECTRIC","","levelOverrides","false","4","SINGLE_ENEMY","5","ダメージ倍率 5.60倍 / 1回以上クリティカルしたら固定ダメージ12,000(防御・会心倍率の影響を受けない)"
"gujira","グジラ","★5","S3","gujira_s3_white_surge","ホワイトサージ","ELECTRIC","","levelOverrides","false","5","SINGLE_ENEMY","4","ダメージ倍率 5.80倍 / 1回以上クリティカルしたら固定ダメージ15,000(防御・会心倍率の影響を受けない)"
"gujira","グジラ","★5","S3","gujira_s3_king_wave","キングウェーブ","LIGHT","LIGHT","levelOverrides","false","1","ALL_ENEMIES","6","ダメージ倍率 1.60倍(防御力無視) / 100%で速度-30% (2ターン)"
"gujira","グジラ","★5","S3","gujira_s3_king_wave","キングウェーブ","LIGHT","LIGHT","levelOverrides","false","2","ALL_ENEMIES","6","ダメージ倍率 1.70倍(防御力無視) / 100%で速度-30% (2ターン)"
"gujira","グジラ","★5","S3","gujira_s3_king_wave","キングウェーブ","LIGHT","LIGHT","levelOverrides","false","3","ALL_ENEMIES","6","ダメージ倍率 1.80倍(防御力無視) / 100%で速度-30% (2ターン)"
"gujira","グジラ","★5","S3","gujira_s3_king_wave","キングウェーブ","LIGHT","LIGHT","levelOverrides","false","4","ALL_ENEMIES","6","ダメージ倍率 2.00倍(防御力無視) / 100%で速度-30% (3ターン)"
"gujira","グジラ","★5","S3","gujira_s3_king_wave","キングウェーブ","LIGHT","LIGHT","levelOverrides","false","5","ALL_ENEMIES","5","ダメージ倍率 2.00倍(防御力無視) / 100%で速度-30% (3ターン)"
"gujira","グジラ","★5","S3","gujira_s3_abyss_lord","深淵の主","DARK","DARK","passive","false","1","SELF","0","受けるダメージ-25%。敵のスキル攻撃を受けるたび1スタック(多段でも1スキルにつき1、最大10)。1スタックにつき攻撃+15%・速度+5%。自身のターン開始時、最大HPの10%回復"
"gujira","グジラ","★5","S3","gujira_s3_abyss_lord","深淵の主","DARK","DARK","passive","false","2","SELF","0","受けるダメージ-25%。敵のスキル攻撃を受けるたび1スタック(多段でも1スキルにつき1、最大10)。1スタックにつき攻撃+15%・速度+5%。自身のターン開始時、最大HPの12%回復"
"gujira","グジラ","★5","S3","gujira_s3_abyss_lord","深淵の主","DARK","DARK","passive","false","3","SELF","0","受けるダメージ-28%。敵のスキル攻撃を受けるたび1スタック(多段でも1スキルにつき1、最大10)。1スタックにつき攻撃+15%・速度+5%。自身のターン開始時、最大HPの12%回復"
"gujira","グジラ","★5","S3","gujira_s3_abyss_lord","深淵の主","DARK","DARK","passive","false","4","SELF","0","受けるダメージ-28%。敵のスキル攻撃を受けるたび1スタック(多段でも1スキルにつき1、最大10)。1スタックにつき攻撃+15%・速度+5%。自身のターン開始時、最大HPの15%回復"
"gujira","グジラ","★5","S3","gujira_s3_abyss_lord","深淵の主","DARK","DARK","passive","false","5","SELF","0","受けるダメージ-30%。敵のスキル攻撃を受けるたび1スタック(多段でも1スキルにつき1、最大10)。1スタックにつき攻撃+15%・速度+5%。自身のターン開始時、最大HPの15%回復"
"mocchi","モッチー","★4","S1","mocchi_s1","もんた","FIRE|GRASS|ELECTRIC|WATER|LIGHT|DARK","","levelOverrides","false","1","SINGLE_ENEMY","0","ダメージ倍率 0.60倍(最大HPの5%を加算、防御力の50%を加算)"
"mocchi","モッチー","★4","S1","mocchi_s1","もんた","FIRE|GRASS|ELECTRIC|WATER|LIGHT|DARK","","levelOverrides","false","2","SINGLE_ENEMY","0","ダメージ倍率 0.65倍(最大HPの5%を加算、防御力の50%を加算)"
"mocchi","モッチー","★4","S1","mocchi_s1","もんた","FIRE|GRASS|ELECTRIC|WATER|LIGHT|DARK","","levelOverrides","false","3","SINGLE_ENEMY","0","ダメージ倍率 0.65倍(最大HPの6%を加算、防御力の50%を加算)"
"mocchi","モッチー","★4","S1","mocchi_s1","もんた","FIRE|GRASS|ELECTRIC|WATER|LIGHT|DARK","","levelOverrides","false","4","SINGLE_ENEMY","0","ダメージ倍率 0.65倍(最大HPの6%を加算、防御力の55%を加算)"
"mocchi","モッチー","★4","S1","mocchi_s1","もんた","FIRE|GRASS|ELECTRIC|WATER|LIGHT|DARK","","levelOverrides","false","5","SINGLE_ENEMY","0","ダメージ倍率 0.70倍(最大HPの6%を加算、防御力の60%を加算)"
"mocchi","モッチー","★4","S2","mocchi_s2_cannon","モッチ砲","FIRE|LIGHT","","levelOverrides","false","1","SINGLE_ENEMY","4","ダメージ倍率 1.60倍(防御力の120%を加算)(自分の防御力が対象より高いなら防御力30%無視)"
"mocchi","モッチー","★4","S2","mocchi_s2_cannon","モッチ砲","FIRE|LIGHT","","levelOverrides","false","2","SINGLE_ENEMY","4","ダメージ倍率 1.75倍(防御力の120%を加算)(自分の防御力が対象より高いなら防御力30%無視)"
"mocchi","モッチー","★4","S2","mocchi_s2_cannon","モッチ砲","FIRE|LIGHT","","levelOverrides","false","3","SINGLE_ENEMY","4","ダメージ倍率 1.75倍(防御力の120%を加算)(自分の防御力が対象より高いなら防御力35%無視)"
"mocchi","モッチー","★4","S2","mocchi_s2_cannon","モッチ砲","FIRE|LIGHT","","levelOverrides","false","4","SINGLE_ENEMY","4","ダメージ倍率 1.80倍(防御力の140%を加算)(自分の防御力が対象より高いなら防御力35%無視)"
"mocchi","モッチー","★4","S2","mocchi_s2_cannon","モッチ砲","FIRE|LIGHT","","levelOverrides","false","5","SINGLE_ENEMY","3","ダメージ倍率 1.80倍(防御力の140%を加算)(自分の防御力が対象より高いなら防御力40%無視)"
"mocchi","モッチー","★4","S2","mocchi_s2_fubuki","さくらふぶき","GRASS|ELECTRIC","","levelOverrides","false","1","SINGLE_ENEMY","3","ダメージ倍率 1.40倍(最大HPの12%を加算) / 70%でスキル使用不可 (1ターン)"
"mocchi","モッチー","★4","S2","mocchi_s2_fubuki","さくらふぶき","GRASS|ELECTRIC","","levelOverrides","false","2","SINGLE_ENEMY","3","ダメージ倍率 1.50倍(最大HPの12%を加算) / 70%でスキル使用不可 (1ターン)"
"mocchi","モッチー","★4","S2","mocchi_s2_fubuki","さくらふぶき","GRASS|ELECTRIC","","levelOverrides","false","3","SINGLE_ENEMY","3","ダメージ倍率 1.50倍(最大HPの12%を加算) / 80%でスキル使用不可 (1ターン)"
"mocchi","モッチー","★4","S2","mocchi_s2_fubuki","さくらふぶき","GRASS|ELECTRIC","","levelOverrides","false","4","SINGLE_ENEMY","3","ダメージ倍率 1.50倍(最大HPの14%を加算) / 80%でスキル使用不可 (1ターン)"
"mocchi","モッチー","★4","S2","mocchi_s2_fubuki","さくらふぶき","GRASS|ELECTRIC","","levelOverrides","false","5","SINGLE_ENEMY","2","ダメージ倍率 1.50倍(最大HPの15%を加算) / 80%でスキル使用不可 (1ターン)"
"mocchi","モッチー","★4","S2","mocchi_s2_gatcher","ガッチャー","WATER|DARK","","levelOverrides","false","1","SINGLE_ENEMY","3","ダメージ倍率 0.70倍 × 2回(防御力の60%を加算)。各ヒットごとに: 40%で行動ゲージ-30%"
"mocchi","モッチー","★4","S2","mocchi_s2_gatcher","ガッチャー","WATER|DARK","","levelOverrides","false","2","SINGLE_ENEMY","3","ダメージ倍率 0.75倍 × 2回(防御力の60%を加算)。各ヒットごとに: 40%で行動ゲージ-30%"
"mocchi","モッチー","★4","S2","mocchi_s2_gatcher","ガッチャー","WATER|DARK","","levelOverrides","false","3","SINGLE_ENEMY","3","ダメージ倍率 0.75倍 × 2回(防御力の60%を加算)。各ヒットごとに: 45%で行動ゲージ-30%"
"mocchi","モッチー","★4","S2","mocchi_s2_gatcher","ガッチャー","WATER|DARK","","levelOverrides","false","4","SINGLE_ENEMY","3","ダメージ倍率 0.80倍 × 2回(防御力の65%を加算)。各ヒットごとに: 45%で行動ゲージ-30%"
"mocchi","モッチー","★4","S2","mocchi_s2_gatcher","ガッチャー","WATER|DARK","","levelOverrides","false","5","SINGLE_ENEMY","2","ダメージ倍率 0.80倍 × 2回(防御力の70%を加算)。各ヒットごとに: 45%で行動ゲージ-30%"
"mocchi","モッチー","★4","S3","mocchi_s3_super_cannon","超モッチ砲","FIRE","","levelOverrides","false","1","SINGLE_ENEMY","6","ダメージ倍率 2.80倍(防御力の200%を加算) / 75%で行動ゲージ-40% / 50%でスタン (1ターン)"
"mocchi","モッチー","★4","S3","mocchi_s3_super_cannon","超モッチ砲","FIRE","","levelOverrides","false","2","SINGLE_ENEMY","6","ダメージ倍率 3.00倍(防御力の200%を加算) / 75%で行動ゲージ-40% / 50%でスタン (1ターン)"
"mocchi","モッチー","★4","S3","mocchi_s3_super_cannon","超モッチ砲","FIRE","","levelOverrides","false","3","SINGLE_ENEMY","6","ダメージ倍率 3.00倍(防御力の200%を加算) / 85%で行動ゲージ-40% / 50%でスタン (1ターン)"
"mocchi","モッチー","★4","S3","mocchi_s3_super_cannon","超モッチ砲","FIRE","","levelOverrides","false","4","SINGLE_ENEMY","6","ダメージ倍率 3.00倍(防御力の220%を加算) / 85%で行動ゲージ-40% / 60%でスタン (1ターン)"
"mocchi","モッチー","★4","S3","mocchi_s3_super_cannon","超モッチ砲","FIRE","","levelOverrides","false","5","SINGLE_ENEMY","5","ダメージ倍率 3.10倍(防御力の220%を加算) / 85%で行動ゲージ-40% / 60%でスタン (1ターン)"
"mocchi","モッチー","★4","S3","mocchi_s3_yoiyami","宵闇ざくら","GRASS|WATER","","levelOverrides","false","1","ALL_ENEMIES","5","ダメージ倍率 1.60倍(最大HPの10%を加算) / 70%で治癒阻害 (2ターン、回復を受けられない)"
"mocchi","モッチー","★4","S3","mocchi_s3_yoiyami","宵闇ざくら","GRASS|WATER","","levelOverrides","false","2","ALL_ENEMIES","5","ダメージ倍率 1.75倍(最大HPの10%を加算) / 70%で治癒阻害 (2ターン、回復を受けられない)"
"mocchi","モッチー","★4","S3","mocchi_s3_yoiyami","宵闇ざくら","GRASS|WATER","","levelOverrides","false","3","ALL_ENEMIES","5","ダメージ倍率 1.75倍(最大HPの10%を加算) / 80%で治癒阻害 (2ターン、回復を受けられない)"
"mocchi","モッチー","★4","S3","mocchi_s3_yoiyami","宵闇ざくら","GRASS|WATER","","levelOverrides","false","4","ALL_ENEMIES","5","ダメージ倍率 1.80倍(最大HPの10%を加算) / 80%で治癒阻害 (3ターン、回復を受けられない)"
"mocchi","モッチー","★4","S3","mocchi_s3_yoiyami","宵闇ざくら","GRASS|WATER","","levelOverrides","false","5","ALL_ENEMIES","4","ダメージ倍率 1.80倍(最大HPの12%を加算) / 80%で治癒阻害 (3ターン、回復を受けられない)"
"mocchi","モッチー","★4","S3","mocchi_s3_guts","ガッツチャージ","ELECTRIC","","passive","false","1","SELF","0","通常のターンが回るたび1スタック(最大4)。1スタックにつき与ダメージ+25%・速度+15。追加ターンでは溜まらない。同一戦闘中は維持し、戦闘終了でリセット"
"mocchi","モッチー","★4","S3","mocchi_s3_guts","ガッツチャージ","ELECTRIC","","passive","false","2","SELF","0","通常のターンが回るたび1スタック(最大4)。1スタックにつき与ダメージ+27%・速度+15。追加ターンでは溜まらない。同一戦闘中は維持し、戦闘終了でリセット"
"mocchi","モッチー","★4","S3","mocchi_s3_guts","ガッツチャージ","ELECTRIC","","passive","false","3","SELF","0","通常のターンが回るたび1スタック(最大4)。1スタックにつき与ダメージ+28%・速度+15。追加ターンでは溜まらない。同一戦闘中は維持し、戦闘終了でリセット"
"mocchi","モッチー","★4","S3","mocchi_s3_guts","ガッツチャージ","ELECTRIC","","passive","false","4","SELF","0","通常のターンが回るたび1スタック(最大4)。1スタックにつき与ダメージ+30%・速度+15。追加ターンでは溜まらない。同一戦闘中は維持し、戦闘終了でリセット"
"mocchi","モッチー","★4","S3","mocchi_s3_guts","ガッツチャージ","ELECTRIC","","passive","false","5","SELF","0","通常のターンが回るたび1スタック(最大4)。1スタックにつき与ダメージ+30%・速度+15。最大まで溜まった時、行動ゲージ+20%。追加ターンでは溜まらない。同一戦闘中は維持し、戦闘終了でリセット"
"mocchi","モッチー","★4","S3","mocchi_s3_shiromossama","白もっさま","LIGHT","LIGHT","levelOverrides","false","1","SINGLE_ENEMY","6","ダメージ倍率 3.40倍(防御力の180%を加算)(自分の防御力が対象より高いなら防御力75%無視)"
"mocchi","モッチー","★4","S3","mocchi_s3_shiromossama","白もっさま","LIGHT","LIGHT","levelOverrides","false","2","SINGLE_ENEMY","6","ダメージ倍率 3.60倍(防御力の180%を加算)(自分の防御力が対象より高いなら防御力75%無視)"
"mocchi","モッチー","★4","S3","mocchi_s3_shiromossama","白もっさま","LIGHT","LIGHT","levelOverrides","false","3","SINGLE_ENEMY","6","ダメージ倍率 3.60倍(防御力の200%を加算)(自分の防御力が対象より高いなら防御力75%無視)"
"mocchi","モッチー","★4","S3","mocchi_s3_shiromossama","白もっさま","LIGHT","LIGHT","levelOverrides","false","4","SINGLE_ENEMY","6","ダメージ倍率 3.60倍(防御力の200%を加算)(自分の防御力が対象より高いなら防御力80%無視)"
"mocchi","モッチー","★4","S3","mocchi_s3_shiromossama","白もっさま","LIGHT","LIGHT","levelOverrides","false","5","SINGLE_ENEMY","5","ダメージ倍率 3.60倍(防御力の200%を加算)(自分の防御力が対象より高いなら防御力80%無視)"
"mocchi","モッチー","★4","S3","mocchi_s3_sakura_field","さくらフィールド","DARK","DARK","levelOverrides","false","1","ALL_ENEMIES","5","85%で防御力-75% (2ターン)(抵抗を無視。ただし免疫中の相手には入らない) / 味方全体の攻撃力+30% (2ターン)"
"mocchi","モッチー","★4","S3","mocchi_s3_sakura_field","さくらフィールド","DARK","DARK","levelOverrides","false","2","ALL_ENEMIES","5","90%で防御力-75% (2ターン)(抵抗を無視。ただし免疫中の相手には入らない) / 味方全体の攻撃力+30% (2ターン)"
"mocchi","モッチー","★4","S3","mocchi_s3_sakura_field","さくらフィールド","DARK","DARK","levelOverrides","false","3","ALL_ENEMIES","5","90%で防御力-75% (2ターン)(抵抗を無視。ただし免疫中の相手には入らない) / 味方全体の攻撃力+30% (2ターン) / 味方全体の行動ゲージ+10%"
"mocchi","モッチー","★4","S3","mocchi_s3_sakura_field","さくらフィールド","DARK","DARK","levelOverrides","false","4","ALL_ENEMIES","5","90%で防御力-75% (2ターン)(抵抗を無視。ただし免疫中の相手には入らない) / 味方全体の攻撃力+30% (3ターン) / 味方全体の行動ゲージ+10%"
"mocchi","モッチー","★4","S3","mocchi_s3_sakura_field","さくらフィールド","DARK","DARK","levelOverrides","false","5","ALL_ENEMIES","4","90%で防御力-75% (2ターン)(抵抗を無視。ただし免疫中の相手には入らない) / 味方全体の攻撃力+30% (3ターン) / 味方全体の行動ゲージ+10%"
"suezo","スエゾー","★4","S1","suezo_s1","つばはき","FIRE|GRASS|ELECTRIC|WATER|LIGHT|DARK","","levelOverrides","false","1","SINGLE_ENEMY","0","ダメージ倍率 0.75倍 / 60%で攻撃力-50% (2ターン) / 70%で行動ゲージ-20%"
"suezo","スエゾー","★4","S1","suezo_s1","つばはき","FIRE|GRASS|ELECTRIC|WATER|LIGHT|DARK","","levelOverrides","false","2","SINGLE_ENEMY","0","ダメージ倍率 0.85倍 / 60%で攻撃力-50% (2ターン) / 70%で行動ゲージ-20%"
"suezo","スエゾー","★4","S1","suezo_s1","つばはき","FIRE|GRASS|ELECTRIC|WATER|LIGHT|DARK","","levelOverrides","false","3","SINGLE_ENEMY","0","ダメージ倍率 0.85倍 / 70%で攻撃力-50% (2ターン) / 70%で行動ゲージ-20%"
"suezo","スエゾー","★4","S1","suezo_s1","つばはき","FIRE|GRASS|ELECTRIC|WATER|LIGHT|DARK","","levelOverrides","false","4","SINGLE_ENEMY","0","ダメージ倍率 0.85倍 / 70%で攻撃力-50% (2ターン) / 80%で行動ゲージ-20%"
"suezo","スエゾー","★4","S1","suezo_s1","つばはき","FIRE|GRASS|ELECTRIC|WATER|LIGHT|DARK","","levelOverrides","false","5","SINGLE_ENEMY","0","ダメージ倍率 1.10倍 / 70%で攻撃力-50% (2ターン) / 80%で行動ゲージ-20%"
"suezo","スエゾー","★4","S2","suezo_s2_telepathy","テレパシー","FIRE|GRASS","","levelOverrides","false","1","SINGLE_ENEMY","4","ダメージ倍率 2.00倍 / 味方全体のクリ率+20% (2ターン) / 75%で被クリ率アップ (2ターン)"
"suezo","スエゾー","★4","S2","suezo_s2_telepathy","テレパシー","FIRE|GRASS","","levelOverrides","false","2","SINGLE_ENEMY","4","ダメージ倍率 2.20倍 / 味方全体のクリ率+20% (2ターン) / 75%で被クリ率アップ (2ターン)"
"suezo","スエゾー","★4","S2","suezo_s2_telepathy","テレパシー","FIRE|GRASS","","levelOverrides","false","3","SINGLE_ENEMY","4","ダメージ倍率 2.20倍 / 味方全体のクリ率+20% (2ターン) / 85%で被クリ率アップ (2ターン)"
"suezo","スエゾー","★4","S2","suezo_s2_telepathy","テレパシー","FIRE|GRASS","","levelOverrides","false","4","SINGLE_ENEMY","4","ダメージ倍率 2.20倍 / 味方全体のクリ率+20% (3ターン) / 85%で被クリ率アップ (2ターン)"
"suezo","スエゾー","★4","S2","suezo_s2_telepathy","テレパシー","FIRE|GRASS","","levelOverrides","false","5","SINGLE_ENEMY","3","ダメージ倍率 2.20倍 / 味方全体のクリ率+20% (3ターン) / 85%で被クリ率アップ (2ターン)"
"suezo","スエゾー","★4","S2","suezo_s2_kiss","キッス","ELECTRIC|LIGHT","","levelOverrides","false","1","SINGLE_ENEMY","4","ダメージ倍率 1.70倍 / 90%で行動ゲージ-35% / 被クリ率アップ (2ターン) / 防御力-75% (2ターン)"
"suezo","スエゾー","★4","S2","suezo_s2_kiss","キッス","ELECTRIC|LIGHT","","levelOverrides","false","2","SINGLE_ENEMY","4","ダメージ倍率 1.90倍 / 90%で行動ゲージ-35% / 被クリ率アップ (2ターン) / 防御力-75% (2ターン)"
"suezo","スエゾー","★4","S2","suezo_s2_kiss","キッス","ELECTRIC|LIGHT","","levelOverrides","false","3","SINGLE_ENEMY","4","ダメージ倍率 1.90倍 / 100%で行動ゲージ-35% / 被クリ率アップ (2ターン) / 防御力-75% (2ターン)"
"suezo","スエゾー","★4","S2","suezo_s2_kiss","キッス","ELECTRIC|LIGHT","","levelOverrides","false","4","SINGLE_ENEMY","4","ダメージ倍率 1.90倍 / 100%で行動ゲージ-35% / 被クリ率アップ (3ターン) / 防御力-75% (2ターン)"
"suezo","スエゾー","★4","S2","suezo_s2_kiss","キッス","ELECTRIC|LIGHT","","levelOverrides","false","5","SINGLE_ENEMY","3","ダメージ倍率 1.90倍 / 100%で行動ゲージ-35% / 被クリ率アップ (3ターン) / 防御力-75% (2ターン)"
"suezo","スエゾー","★4","S2","suezo_s2_psychokinesis","サイコキネシス","WATER|DARK","","levelOverrides","false","1","ALL_ENEMIES","3","ダメージ倍率 1.35倍 / 60%で行動ゲージ-30% / 75%で攻撃力-50% (1ターン)"
"suezo","スエゾー","★4","S2","suezo_s2_psychokinesis","サイコキネシス","WATER|DARK","","levelOverrides","false","2","ALL_ENEMIES","3","ダメージ倍率 1.50倍 / 60%で行動ゲージ-30% / 75%で攻撃力-50% (1ターン)"
"suezo","スエゾー","★4","S2","suezo_s2_psychokinesis","サイコキネシス","WATER|DARK","","levelOverrides","false","3","ALL_ENEMIES","3","ダメージ倍率 1.50倍 / 70%で行動ゲージ-30% / 75%で攻撃力-50% (1ターン)"
"suezo","スエゾー","★4","S2","suezo_s2_psychokinesis","サイコキネシス","WATER|DARK","","levelOverrides","false","4","ALL_ENEMIES","3","ダメージ倍率 1.50倍 / 70%で行動ゲージ-30% / 75%で攻撃力-50% (2ターン)"
"suezo","スエゾー","★4","S2","suezo_s2_psychokinesis","サイコキネシス","WATER|DARK","","levelOverrides","false","5","ALL_ENEMIES","2","ダメージ倍率 1.50倍 / 70%で行動ゲージ-30% / 75%で攻撃力-50% (2ターン)"
"suezo","スエゾー","★4","S3","suezo_s3_beam","超熱視線","FIRE","","levelOverrides","false","1","SINGLE_ENEMY","5","ダメージ倍率 3.50倍(必ずクリティカル)"
"suezo","スエゾー","★4","S3","suezo_s3_beam","超熱視線","FIRE","","levelOverrides","false","2","SINGLE_ENEMY","5","ダメージ倍率 3.80倍(必ずクリティカル)"
"suezo","スエゾー","★4","S3","suezo_s3_beam","超熱視線","FIRE","","levelOverrides","false","3","SINGLE_ENEMY","5","ダメージ倍率 4.10倍(必ずクリティカル)"
"suezo","スエゾー","★4","S3","suezo_s3_beam","超熱視線","FIRE","","levelOverrides","false","4","SINGLE_ENEMY","5","ダメージ倍率 4.50倍(必ずクリティカル)"
"suezo","スエゾー","★4","S3","suezo_s3_beam","超熱視線","FIRE","","levelOverrides","false","5","SINGLE_ENEMY","4","ダメージ倍率 4.60倍(必ずクリティカル)"
"suezo","スエゾー","★4","S3","suezo_s3_eat","食う","GRASS|ELECTRIC","","levelOverrides","false","1","SINGLE_ENEMY","5","ダメージ倍率 3.80倍 / 80%で行動ゲージを50%吸収 / 与えたダメージの30%を自身が回復"
"suezo","スエゾー","★4","S3","suezo_s3_eat","食う","GRASS|ELECTRIC","","levelOverrides","false","2","SINGLE_ENEMY","5","ダメージ倍率 4.10倍 / 80%で行動ゲージを50%吸収 / 与えたダメージの30%を自身が回復"
"suezo","スエゾー","★4","S3","suezo_s3_eat","食う","GRASS|ELECTRIC","","levelOverrides","false","3","SINGLE_ENEMY","5","ダメージ倍率 4.10倍 / 90%で行動ゲージを50%吸収 / 与えたダメージの30%を自身が回復"
"suezo","スエゾー","★4","S3","suezo_s3_eat","食う","GRASS|ELECTRIC","","levelOverrides","false","4","SINGLE_ENEMY","5","ダメージ倍率 4.10倍 / 90%で行動ゲージを50%吸収 / 与えたダメージの35%を自身が回復"
"suezo","スエゾー","★4","S3","suezo_s3_eat","食う","GRASS|ELECTRIC","","levelOverrides","false","5","SINGLE_ENEMY","4","ダメージ倍率 4.20倍 / 90%で行動ゲージを50%吸収 / 与えたダメージの35%を自身が回復"
"suezo","スエゾー","★4","S3","suezo_s3_sing","歌う","WATER","","levelOverrides","false","1","ALL_ENEMIES","6","ダメージ倍率 1.80倍 / 80%で防御力-75% (1ターン) / 80%で行動ゲージ-60% / 80%で敵の全スキルのクールタイムを1ターン延長"
"suezo","スエゾー","★4","S3","suezo_s3_sing","歌う","WATER","","levelOverrides","false","2","ALL_ENEMIES","6","ダメージ倍率 2.00倍 / 80%で防御力-75% (1ターン) / 80%で行動ゲージ-60% / 80%で敵の全スキルのクールタイムを1ターン延長"
"suezo","スエゾー","★4","S3","suezo_s3_sing","歌う","WATER","","levelOverrides","false","3","ALL_ENEMIES","6","ダメージ倍率 2.00倍 / 85%で防御力-75% (1ターン) / 85%で行動ゲージ-60% / 85%で敵の全スキルのクールタイムを1ターン延長"
"suezo","スエゾー","★4","S3","suezo_s3_sing","歌う","WATER","","levelOverrides","false","4","ALL_ENEMIES","6","ダメージ倍率 2.00倍 / 85%で防御力-75% (2ターン) / 85%で行動ゲージ-60% / 85%で敵の全スキルのクールタイムを1ターン延長"
"suezo","スエゾー","★4","S3","suezo_s3_sing","歌う","WATER","","levelOverrides","false","5","ALL_ENEMIES","5","ダメージ倍率 2.00倍 / 85%で防御力-75% (2ターン) / 85%で行動ゲージ-60% / 85%で敵の全スキルのクールタイムを1ターン延長"
"suezo","スエゾー","★4","S3","suezo_s3_charm_eye","魅惑のまなこ","LIGHT","LIGHT","passive","false","1","SELF","0","的中+30%・クリ率+30%。攻撃スキル使用時、85%で対象の強化1個を解除し、25%で1ターン気絶。そのスキルでクリティカルが出ていれば敵全体へ攻撃力1倍の追撃(追撃で撃った敵にも同じ確率で解除と気絶。解除・気絶は1体につき1回、追撃は1スキルにつき1回で、追撃から追撃は起きない)"
"suezo","スエゾー","★4","S3","suezo_s3_charm_eye","魅惑のまなこ","LIGHT","LIGHT","passive","false","2","SELF","0","的中+30%・クリ率+30%。攻撃スキル使用時、90%で対象の強化1個を解除し、25%で1ターン気絶。そのスキルでクリティカルが出ていれば敵全体へ攻撃力1倍の追撃(追撃で撃った敵にも同じ確率で解除と気絶。解除・気絶は1体につき1回、追撃は1スキルにつき1回で、追撃から追撃は起きない)"
"suezo","スエゾー","★4","S3","suezo_s3_charm_eye","魅惑のまなこ","LIGHT","LIGHT","passive","false","3","SELF","0","的中+30%・クリ率+30%。攻撃スキル使用時、90%で対象の強化1個を解除し、30%で1ターン気絶。そのスキルでクリティカルが出ていれば敵全体へ攻撃力1倍の追撃(追撃で撃った敵にも同じ確率で解除と気絶。解除・気絶は1体につき1回、追撃は1スキルにつき1回で、追撃から追撃は起きない)"
"suezo","スエゾー","★4","S3","suezo_s3_charm_eye","魅惑のまなこ","LIGHT","LIGHT","passive","false","4","SELF","0","的中+30%・クリ率+30%。攻撃スキル使用時、90%で対象の強化1個を解除し、30%で1ターン気絶。そのスキルでクリティカルが出ていれば敵全体へ攻撃力1.15倍の追撃(追撃で撃った敵にも同じ確率で解除と気絶。解除・気絶は1体につき1回、追撃は1スキルにつき1回で、追撃から追撃は起きない)"
"suezo","スエゾー","★4","S3","suezo_s3_charm_eye","魅惑のまなこ","LIGHT","LIGHT","passive","false","5","SELF","0","的中+30%・クリ率+30%。攻撃スキル使用時、90%で対象の強化1個を解除し、35%で1ターン気絶。そのスキルでクリティカルが出ていれば敵全体へ攻撃力1.15倍の追撃(追撃で撃った敵にも同じ確率で解除と気絶。解除・気絶は1体につき1回、追撃は1スキルにつき1回で、追撃から追撃は起きない)"
"suezo","スエゾー","★4","S3","suezo_s3_chronokinesis","クロノキネシス","DARK","DARK","levelOverrides","false","1","ALL_ENEMIES","7","ダメージ倍率 1.90倍 / 80%で行動ゲージを30%吸収 / 速度-30% (2ターン) / スタン (1ターン)"
"suezo","スエゾー","★4","S3","suezo_s3_chronokinesis","クロノキネシス","DARK","DARK","levelOverrides","false","2","ALL_ENEMIES","7","ダメージ倍率 2.10倍 / 80%で行動ゲージを30%吸収 / 速度-30% (2ターン) / スタン (1ターン)"
"suezo","スエゾー","★4","S3","suezo_s3_chronokinesis","クロノキネシス","DARK","DARK","levelOverrides","false","3","ALL_ENEMIES","7","ダメージ倍率 2.10倍 / 90%で行動ゲージを30%吸収 / 速度-30% (2ターン) / スタン (1ターン)"
"suezo","スエゾー","★4","S3","suezo_s3_chronokinesis","クロノキネシス","DARK","DARK","levelOverrides","false","4","ALL_ENEMIES","7","ダメージ倍率 2.10倍 / 90%で行動ゲージを30%吸収 / 速度-30% (3ターン) / スタン (1ターン)"
"suezo","スエゾー","★4","S3","suezo_s3_chronokinesis","クロノキネシス","DARK","DARK","levelOverrides","false","5","ALL_ENEMIES","6","ダメージ倍率 2.10倍 / 90%で行動ゲージを30%吸収 / 速度-30% (3ターン) / スタン (1ターン)"
"undine","ウンディーネ","★5","S1","undine_s1","アクアウェイブ","FIRE|GRASS|ELECTRIC|WATER|LIGHT|DARK","","levelOverrides","false","1","SINGLE_ENEMY","0","ダメージ倍率 0.80倍 / 80%で速度-30% (1ターン)"
"undine","ウンディーネ","★5","S1","undine_s1","アクアウェイブ","FIRE|GRASS|ELECTRIC|WATER|LIGHT|DARK","","levelOverrides","false","2","SINGLE_ENEMY","0","ダメージ倍率 0.90倍 / 80%で速度-30% (1ターン)"
"undine","ウンディーネ","★5","S1","undine_s1","アクアウェイブ","FIRE|GRASS|ELECTRIC|WATER|LIGHT|DARK","","levelOverrides","false","3","SINGLE_ENEMY","0","ダメージ倍率 0.90倍 / 90%で速度-30% (1ターン)"
"undine","ウンディーネ","★5","S1","undine_s1","アクアウェイブ","FIRE|GRASS|ELECTRIC|WATER|LIGHT|DARK","","levelOverrides","false","4","SINGLE_ENEMY","0","ダメージ倍率 1.00倍 / 90%で速度-30% (1ターン)"
"undine","ウンディーネ","★5","S1","undine_s1","アクアウェイブ","FIRE|GRASS|ELECTRIC|WATER|LIGHT|DARK","","levelOverrides","false","5","SINGLE_ENEMY","0","ダメージ倍率 1.10倍 / 100%で速度-30% (1ターン)"
"undine","ウンディーネ","★5","S2","undine_s2_crystal_rain","クリスタルレイン","FIRE|DARK","","levelOverrides","false","1","ALL_ENEMIES","4","ダメージ倍率 0.40倍 × 3回。各ヒットごとに: 40%で速度-30% (2ターン)、20%でスタン (1ターン)"
"undine","ウンディーネ","★5","S2","undine_s2_crystal_rain","クリスタルレイン","FIRE|DARK","","levelOverrides","false","2","ALL_ENEMIES","4","ダメージ倍率 0.45倍 × 3回。各ヒットごとに: 40%で速度-30% (2ターン)、20%でスタン (1ターン)"
"undine","ウンディーネ","★5","S2","undine_s2_crystal_rain","クリスタルレイン","FIRE|DARK","","levelOverrides","false","3","ALL_ENEMIES","4","ダメージ倍率 0.45倍 × 3回。各ヒットごとに: 45%で速度-30% (2ターン)、20%でスタン (1ターン)"
"undine","ウンディーネ","★5","S2","undine_s2_crystal_rain","クリスタルレイン","FIRE|DARK","","levelOverrides","false","4","ALL_ENEMIES","4","ダメージ倍率 0.45倍 × 3回。各ヒットごとに: 45%で速度-30% (3ターン)、20%でスタン (1ターン)"
"undine","ウンディーネ","★5","S2","undine_s2_crystal_rain","クリスタルレイン","FIRE|DARK","","levelOverrides","false","5","ALL_ENEMIES","3","ダメージ倍率 0.50倍 × 3回。各ヒットごとに: 45%で速度-30% (3ターン)、20%でスタン (1ターン)"
"undine","ウンディーネ","★5","S2","undine_s2_aqua_healing","アクアヒーリング","GRASS|LIGHT","","levelOverrides","false","1","ALL_ALLIES","4","回復 最大HPの25.0% / 継続回復 最大HPの10.0% (2ターン、自身のターン開始時)"
"undine","ウンディーネ","★5","S2","undine_s2_aqua_healing","アクアヒーリング","GRASS|LIGHT","","levelOverrides","false","2","ALL_ALLIES","4","回復 最大HPの30.0% / 継続回復 最大HPの10.0% (2ターン、自身のターン開始時)"
"undine","ウンディーネ","★5","S2","undine_s2_aqua_healing","アクアヒーリング","GRASS|LIGHT","","levelOverrides","false","3","ALL_ALLIES","4","回復 最大HPの30.0% / 継続回復 最大HPの12.0% (2ターン、自身のターン開始時)"
"undine","ウンディーネ","★5","S2","undine_s2_aqua_healing","アクアヒーリング","GRASS|LIGHT","","levelOverrides","false","4","ALL_ALLIES","4","回復 最大HPの30.0% / 継続回復 最大HPの12.0% (3ターン、自身のターン開始時)"
"undine","ウンディーネ","★5","S2","undine_s2_aqua_healing","アクアヒーリング","GRASS|LIGHT","","levelOverrides","false","5","ALL_ALLIES","3","回復 最大HPの30.0% / 継続回復 最大HPの12.0% (3ターン、自身のターン開始時)"
"undine","ウンディーネ","★5","S2","undine_s2_aqua_veil","アクアヴェール","ELECTRIC|WATER","","levelOverrides","false","1","SINGLE_ALLY","3","回復 最大HPの40.0% / デバフを解除 / 状態異常無効 (2ターン)"
"undine","ウンディーネ","★5","S2","undine_s2_aqua_veil","アクアヴェール","ELECTRIC|WATER","","levelOverrides","false","2","SINGLE_ALLY","3","回復 最大HPの45.0% / デバフを解除 / 状態異常無効 (2ターン)"
"undine","ウンディーネ","★5","S2","undine_s2_aqua_veil","アクアヴェール","ELECTRIC|WATER","","levelOverrides","false","3","SINGLE_ALLY","3","回復 最大HPの50.0% / デバフを解除 / 状態異常無効 (2ターン)"
"undine","ウンディーネ","★5","S2","undine_s2_aqua_veil","アクアヴェール","ELECTRIC|WATER","","levelOverrides","false","4","SINGLE_ALLY","3","回復 最大HPの50.0% / デバフを解除 / 状態異常無効 (3ターン)"
"undine","ウンディーネ","★5","S2","undine_s2_aqua_veil","アクアヴェール","ELECTRIC|WATER","","levelOverrides","false","5","SINGLE_ALLY","2","回復 最大HPの50.0% / デバフを解除 / 状態異常無効 (3ターン)"
"undine","ウンディーネ","★5","S3","undine_s3_crystal_arrow","クリスタルアロー","FIRE","","levelOverrides","false","1","SINGLE_ENEMY","5","ダメージ倍率 3.40倍 / 90%でスキル使用不可 (2ターン) / 90%で治癒阻害 (2ターン、回復を受けられない)"
"undine","ウンディーネ","★5","S3","undine_s3_crystal_arrow","クリスタルアロー","FIRE","","levelOverrides","false","2","SINGLE_ENEMY","5","ダメージ倍率 3.70倍 / 90%でスキル使用不可 (2ターン) / 90%で治癒阻害 (2ターン、回復を受けられない)"
"undine","ウンディーネ","★5","S3","undine_s3_crystal_arrow","クリスタルアロー","FIRE","","levelOverrides","false","3","SINGLE_ENEMY","5","ダメージ倍率 3.70倍 / 100%でスキル使用不可 (2ターン) / 100%で治癒阻害 (2ターン、回復を受けられない)"
"undine","ウンディーネ","★5","S3","undine_s3_crystal_arrow","クリスタルアロー","FIRE","","levelOverrides","false","4","SINGLE_ENEMY","5","ダメージ倍率 3.70倍 / 100%でスキル使用不可 (2ターン) / 100%で治癒阻害 (3ターン、回復を受けられない)"
"undine","ウンディーネ","★5","S3","undine_s3_crystal_arrow","クリスタルアロー","FIRE","","levelOverrides","false","5","SINGLE_ENEMY","4","ダメージ倍率 3.70倍 / 100%でスキル使用不可 (2ターン) / 100%で治癒阻害 (3ターン、回復を受けられない)"
"undine","ウンディーネ","★5","S3","undine_s3_water_blessing","水の祝福","GRASS|WATER","","passive","false","1","SELF","0","生存中、自分以外の味方全体が受けるダメージ-20%・被クリ率-25%。自身の行動時、味方全体を自身の最大HPの5%回復し攻撃力UP(1ターン)"
"undine","ウンディーネ","★5","S3","undine_s3_water_blessing","水の祝福","GRASS|WATER","","passive","false","2","SELF","0","生存中、自分以外の味方全体が受けるダメージ-20%・被クリ率-25%。自身の行動時、味方全体を自身の最大HPの6%回復し攻撃力UP(1ターン)"
"undine","ウンディーネ","★5","S3","undine_s3_water_blessing","水の祝福","GRASS|WATER","","passive","false","3","SELF","0","生存中、自分以外の味方全体が受けるダメージ-22%・被クリ率-25%。自身の行動時、味方全体を自身の最大HPの6%回復し攻撃力UP(1ターン)"
"undine","ウンディーネ","★5","S3","undine_s3_water_blessing","水の祝福","GRASS|WATER","","passive","false","4","SELF","0","生存中、自分以外の味方全体が受けるダメージ-22%・被クリ率-25%。自身の行動時、味方全体を自身の最大HPの7%回復し攻撃力UP(1ターン)"
"undine","ウンディーネ","★5","S3","undine_s3_water_blessing","水の祝福","GRASS|WATER","","passive","false","5","SELF","0","生存中、自分以外の味方全体が受けるダメージ-25%・被クリ率-25%。自身の行動時、味方全体を自身の最大HPの7%回復し攻撃力UP(1ターン)"
"undine","ウンディーネ","★5","S3","undine_s3_water_god_blessing","水神の祝福","ELECTRIC","","levelOverrides","false","1","ALL_ALLIES","7","全スキルのクールタイムを1ターン短縮 / シールド 最大HPの25% (2ターン、ダメージを肩代わり) / 防御力+30% (2ターン) / 速度+20% (2ターン)"
"undine","ウンディーネ","★5","S3","undine_s3_water_god_blessing","水神の祝福","ELECTRIC","","levelOverrides","false","2","ALL_ALLIES","7","全スキルのクールタイムを1ターン短縮 / シールド 最大HPの30% (2ターン、ダメージを肩代わり) / 防御力+30% (2ターン) / 速度+20% (2ターン)"
"undine","ウンディーネ","★5","S3","undine_s3_water_god_blessing","水神の祝福","ELECTRIC","","levelOverrides","false","3","ALL_ALLIES","7","全スキルのクールタイムを1ターン短縮 / シールド 最大HPの30% (2ターン、ダメージを肩代わり) / 防御力+30% (2ターン) / 速度+20% (2ターン)"
"undine","ウンディーネ","★5","S3","undine_s3_water_god_blessing","水神の祝福","ELECTRIC","","levelOverrides","false","4","ALL_ALLIES","7","全スキルのクールタイムを1ターン短縮 / シールド 最大HPの30% (3ターン、ダメージを肩代わり) / 防御力+30% (3ターン) / 速度+20% (3ターン)"
"undine","ウンディーネ","★5","S3","undine_s3_water_god_blessing","水神の祝福","ELECTRIC","","levelOverrides","false","5","ALL_ALLIES","6","全スキルのクールタイムを1ターン短縮 / シールド 最大HPの30% (3ターン、ダメージを肩代わり) / 防御力+30% (3ターン) / 速度+20% (3ターン)"
"undine","ウンディーネ","★5","S3","undine_s3_water_god_breath","水神の息吹","LIGHT","LIGHT","levelOverrides","false","1","ALL_ENEMIES","7","有利な効果(シールド・無効・能力上昇)を解除 / 行動ゲージ-30% / 味方全体を回復 最大HPの20.0% / 味方全体の攻撃力+30% (3ターン)"
"undine","ウンディーネ","★5","S3","undine_s3_water_god_breath","水神の息吹","LIGHT","LIGHT","levelOverrides","false","2","ALL_ENEMIES","7","有利な効果(シールド・無効・能力上昇)を解除 / 行動ゲージ-30% / 味方全体を回復 最大HPの25.0% / 味方全体の攻撃力+30% (3ターン)"
"undine","ウンディーネ","★5","S3","undine_s3_water_god_breath","水神の息吹","LIGHT","LIGHT","levelOverrides","false","3","ALL_ENEMIES","7","有利な効果(シールド・無効・能力上昇)を解除 / 行動ゲージ-35% / 味方全体を回復 最大HPの25.0% / 味方全体の攻撃力+30% (3ターン)"
"undine","ウンディーネ","★5","S3","undine_s3_water_god_breath","水神の息吹","LIGHT","LIGHT","levelOverrides","false","4","ALL_ENEMIES","7","有利な効果(シールド・無効・能力上昇)を解除 / 行動ゲージ-35% / 味方全体を回復 最大HPの25.0% / 味方全体の攻撃力+30% (3ターン)"
"undine","ウンディーネ","★5","S3","undine_s3_water_god_breath","水神の息吹","LIGHT","LIGHT","levelOverrides","false","5","ALL_ENEMIES","6","有利な効果(シールド・無効・能力上昇)を解除 / 行動ゲージ-35% / 味方全体を回復 最大HPの25.0% / 味方全体の攻撃力+30% (3ターン)"
"undine","ウンディーネ","★5","S3","undine_s3_aqua_dome","アクアドーム","DARK","DARK","levelOverrides","false","1","SINGLE_ENEMY","4","対象の最大HPの30%のダメージ(防御の影響を受けない) / ダメージ倍率 0.00倍(防御力の210%を加算)"
"undine","ウンディーネ","★5","S3","undine_s3_aqua_dome","アクアドーム","DARK","DARK","levelOverrides","false","2","SINGLE_ENEMY","4","対象の最大HPの30%のダメージ(防御の影響を受けない) / ダメージ倍率 0.00倍(防御力の230%を加算)"
"undine","ウンディーネ","★5","S3","undine_s3_aqua_dome","アクアドーム","DARK","DARK","levelOverrides","false","3","SINGLE_ENEMY","4","対象の最大HPの30%のダメージ(防御の影響を受けない) / ダメージ倍率 0.00倍(防御力の240%を加算)"
"undine","ウンディーネ","★5","S3","undine_s3_aqua_dome","アクアドーム","DARK","DARK","levelOverrides","false","4","SINGLE_ENEMY","4","対象の最大HPの30%のダメージ(防御の影響を受けない) / ダメージ倍率 0.00倍(防御力の260%を加算)"
"undine","ウンディーネ","★5","S3","undine_s3_aqua_dome","アクアドーム","DARK","DARK","levelOverrides","false","5","SINGLE_ENEMY","3","対象の最大HPの30%のダメージ(防御の影響を受けない) / ダメージ倍率 0.00倍(防御力の260%を加算)"
